{
  "train_loss": [
    42.25533550686306,
    18.885688680013022,
    7.516707675920593,
    22.346556701660155,
    46.88903727213542
  ],
  "train_acc": [
    0.48444444444444446,
    0.7333333333333333,
    0.8355555555555556,
    0.7644444444444445,
    0.6311111111111111
  ],
  "test_loss": [
    2.4063885593414307,
    4.353289924611648,
    14.00392094930013,
    5.206356129646301,
    4.578288841247558
  ],
  "test_acc": [
    0.8933333333333333,
    0.9066666666666666,
    0.76,
    0.9066666666666666,
    0.92
  ]
}
