{
  "dataset": "flowers102",
  "head": "linear",
  "train_loss": [
    4.570091543010637,
    3.142384037317014
  ],
  "train_acc": [
    0.058823529411764705,
    0.46078431372549017
  ],
  "test_loss": [
    3.7942612106033526,
    2.915577654878111
  ],
  "test_acc": [
    0.25613920962758174,
    0.5446414051065214
  ]
}