sweep,seed,dataset,run_name,grid_id,method,stage,scope,rank,train_head,lr,weight_decay,epoch,train_loss,train_acc,test_loss,test_acc,metrics_path
food101_l40s_8q8l2f_multiseed_28641700,21,food101,000_lin_lr1e3_wd0p05,000,Linear frozen-head baseline,linear_base,none,none,head_only,0.001,0.05,1,1.8106659364322624,0.5873399339933993,1.0475093817404002,0.7302178217821782,/Users/haseebshafi/Documents/GitHub/Quadratic-Neurons-vs.-ReLU-How-Much-Nonlinearity-Is-Enough/Haseeb_trials/4_test/data_4seed/food101_l40s_8q8l2f_multiseed_28641700/seed_21/000_lin_lr1e3_wd0p05/food101/linear_base/metrics.json
food101_l40s_8q8l2f_multiseed_28641700,21,food101,000_lin_lr1e3_wd0p05,000,Linear frozen-head baseline,linear_base,none,none,head_only,0.001,0.05,2,1.1915608810969311,0.6966600660066007,0.9164691540061838,0.7546534653465347,/Users/haseebshafi/Documents/GitHub/Quadratic-Neurons-vs.-ReLU-How-Much-Nonlinearity-Is-Enough/Haseeb_trials/4_test/data_4seed/food101_l40s_8q8l2f_multiseed_28641700/seed_21/000_lin_lr1e3_wd0p05/food101/linear_base/metrics.json
food101_l40s_8q8l2f_multiseed_28641700,21,food101,000_lin_lr1e3_wd0p05,000,Linear frozen-head baseline,linear_base,none,none,head_only,0.001,0.05,3,1.0698975347575574,0.722943894389439,0.8593266964147587,0.7677227722772277,/Users/haseebshafi/Documents/GitHub/Quadratic-Neurons-vs.-ReLU-How-Much-Nonlinearity-Is-Enough/Haseeb_trials/4_test/data_4seed/food101_l40s_8q8l2f_multiseed_28641700/seed_21/000_lin_lr1e3_wd0p05/food101/linear_base/metrics.json
food101_l40s_8q8l2f_multiseed_28641700,21,food101,000_lin_lr1e3_wd0p05,000,Linear frozen-head baseline,linear_base,none,none,head_only,0.001,0.05,4,1.0020159362283083,0.7394323432343234,0.8308436141769485,0.7743366336633664,/Users/haseebshafi/Documents/GitHub/Quadratic-Neurons-vs.-ReLU-How-Much-Nonlinearity-Is-Enough/Haseeb_trials/4_test/data_4seed/food101_l40s_8q8l2f_multiseed_28641700/seed_21/000_lin_lr1e3_wd0p05/food101/linear_base/metrics.json
food101_l40s_8q8l2f_multiseed_28641700,21,food101,000_lin_lr1e3_wd0p05,000,Linear frozen-head baseline,linear_base,none,none,head_only,0.001,0.05,5,0.9566564991387597,0.7486732673267327,0.8150855887266669,0.7758019801980198,/Users/haseebshafi/Documents/GitHub/Quadratic-Neurons-vs.-ReLU-How-Much-Nonlinearity-Is-Enough/Haseeb_trials/4_test/data_4seed/food101_l40s_8q8l2f_multiseed_28641700/seed_21/000_lin_lr1e3_wd0p05/food101/linear_base/metrics.json
food101_l40s_8q8l2f_multiseed_28641700,21,food101,000_lin_lr1e3_wd0p05,000,Linear frozen-head baseline,linear_base,none,none,head_only,0.001,0.05,6,0.9259572827210127,0.757016501650165,0.8058197362470154,0.7778217821782178,/Users/haseebshafi/Documents/GitHub/Quadratic-Neurons-vs.-ReLU-How-Much-Nonlinearity-Is-Enough/Haseeb_trials/4_test/data_4seed/food101_l40s_8q8l2f_multiseed_28641700/seed_21/000_lin_lr1e3_wd0p05/food101/linear_base/metrics.json
food101_l40s_8q8l2f_multiseed_28641700,21,food101,000_lin_lr1e3_wd0p05,000,Linear frozen-head baseline,linear_base,none,none,head_only,0.001,0.05,7,0.8971917209719668,0.7645940594059406,0.7954117967067379,0.7825346534653466,/Users/haseebshafi/Documents/GitHub/Quadratic-Neurons-vs.-ReLU-How-Much-Nonlinearity-Is-Enough/Haseeb_trials/4_test/data_4seed/food101_l40s_8q8l2f_multiseed_28641700/seed_21/000_lin_lr1e3_wd0p05/food101/linear_base/metrics.json
food101_l40s_8q8l2f_multiseed_28641700,21,food101,000_lin_lr1e3_wd0p05,000,Linear frozen-head baseline,linear_base,none,none,head_only,0.001,0.05,8,0.8751045553141301,0.7703234323432343,0.7906212018385972,0.7813861386138614,/Users/haseebshafi/Documents/GitHub/Quadratic-Neurons-vs.-ReLU-How-Much-Nonlinearity-Is-Enough/Haseeb_trials/4_test/data_4seed/food101_l40s_8q8l2f_multiseed_28641700/seed_21/000_lin_lr1e3_wd0p05/food101/linear_base/metrics.json
food101_l40s_8q8l2f_multiseed_28641700,21,food101,000_lin_lr1e3_wd0p05,000,Linear frozen-head baseline,linear_base,none,none,head_only,0.001,0.05,9,0.8581501264745253,0.7748646864686468,0.7843873406377169,0.7835643564356436,/Users/haseebshafi/Documents/GitHub/Quadratic-Neurons-vs.-ReLU-How-Much-Nonlinearity-Is-Enough/Haseeb_trials/4_test/data_4seed/food101_l40s_8q8l2f_multiseed_28641700/seed_21/000_lin_lr1e3_wd0p05/food101/linear_base/metrics.json
food101_l40s_8q8l2f_multiseed_28641700,21,food101,000_lin_lr1e3_wd0p05,000,Linear frozen-head baseline,linear_base,none,none,head_only,0.001,0.05,10,0.8441434218608114,0.7774389438943894,0.7743423041848853,0.7858613861386139,/Users/haseebshafi/Documents/GitHub/Quadratic-Neurons-vs.-ReLU-How-Much-Nonlinearity-Is-Enough/Haseeb_trials/4_test/data_4seed/food101_l40s_8q8l2f_multiseed_28641700/seed_21/000_lin_lr1e3_wd0p05/food101/linear_base/metrics.json
food101_l40s_8q8l2f_multiseed_28641700,21,food101,000_lin_lr1e3_wd0p05,000,Linear frozen-head baseline,linear_base,none,none,head_only,0.001,0.05,11,0.8322447029954136,0.7796699669966997,0.7777810261886898,0.7849108910891089,/Users/haseebshafi/Documents/GitHub/Quadratic-Neurons-vs.-ReLU-How-Much-Nonlinearity-Is-Enough/Haseeb_trials/4_test/data_4seed/food101_l40s_8q8l2f_multiseed_28641700/seed_21/000_lin_lr1e3_wd0p05/food101/linear_base/metrics.json
food101_l40s_8q8l2f_multiseed_28641700,21,food101,000_lin_lr1e3_wd0p05,000,Linear frozen-head baseline,linear_base,none,none,head_only,0.001,0.05,12,0.8199864776079411,0.7822310231023102,0.7696666549810088,0.7880792079207921,/Users/haseebshafi/Documents/GitHub/Quadratic-Neurons-vs.-ReLU-How-Much-Nonlinearity-Is-Enough/Haseeb_trials/4_test/data_4seed/food101_l40s_8q8l2f_multiseed_28641700/seed_21/000_lin_lr1e3_wd0p05/food101/linear_base/metrics.json
food101_l40s_8q8l2f_multiseed_28641700,21,food101,000_lin_lr1e3_wd0p05,000,Linear frozen-head baseline,linear_base,none,none,head_only,0.001,0.05,13,0.8100710644013811,0.7853861386138614,0.7688722168006519,0.7843168316831683,/Users/haseebshafi/Documents/GitHub/Quadratic-Neurons-vs.-ReLU-How-Much-Nonlinearity-Is-Enough/Haseeb_trials/4_test/data_4seed/food101_l40s_8q8l2f_multiseed_28641700/seed_21/000_lin_lr1e3_wd0p05/food101/linear_base/metrics.json
food101_l40s_8q8l2f_multiseed_28641700,21,food101,000_lin_lr1e3_wd0p05,000,Linear frozen-head baseline,linear_base,none,none,head_only,0.001,0.05,14,0.8018796321645428,0.7854785478547854,0.7704179820825557,0.7837623762376238,/Users/haseebshafi/Documents/GitHub/Quadratic-Neurons-vs.-ReLU-How-Much-Nonlinearity-Is-Enough/Haseeb_trials/4_test/data_4seed/food101_l40s_8q8l2f_multiseed_28641700/seed_21/000_lin_lr1e3_wd0p05/food101/linear_base/metrics.json
food101_l40s_8q8l2f_multiseed_28641700,21,food101,000_lin_lr1e3_wd0p05,000,Linear frozen-head baseline,linear_base,none,none,head_only,0.001,0.05,15,0.7956154394118305,0.7881980198019802,0.7694944514685338,0.7851881188118812,/Users/haseebshafi/Documents/GitHub/Quadratic-Neurons-vs.-ReLU-How-Much-Nonlinearity-Is-Enough/Haseeb_trials/4_test/data_4seed/food101_l40s_8q8l2f_multiseed_28641700/seed_21/000_lin_lr1e3_wd0p05/food101/linear_base/metrics.json
food101_l40s_8q8l2f_multiseed_28641700,21,food101,000_lin_lr1e3_wd0p05,000,Linear frozen-head baseline,linear_base,none,none,head_only,0.001,0.05,16,0.7871765592704119,0.7909438943894389,0.7657132110288828,0.7861386138613862,/Users/haseebshafi/Documents/GitHub/Quadratic-Neurons-vs.-ReLU-How-Much-Nonlinearity-Is-Enough/Haseeb_trials/4_test/data_4seed/food101_l40s_8q8l2f_multiseed_28641700/seed_21/000_lin_lr1e3_wd0p05/food101/linear_base/metrics.json
food101_l40s_8q8l2f_multiseed_28641700,21,food101,000_lin_lr1e3_wd0p05,000,Linear frozen-head baseline,linear_base,none,none,head_only,0.001,0.05,17,0.7803663805152716,0.7913399339933993,0.7690669832276826,0.7841188118811881,/Users/haseebshafi/Documents/GitHub/Quadratic-Neurons-vs.-ReLU-How-Much-Nonlinearity-Is-Enough/Haseeb_trials/4_test/data_4seed/food101_l40s_8q8l2f_multiseed_28641700/seed_21/000_lin_lr1e3_wd0p05/food101/linear_base/metrics.json
food101_l40s_8q8l2f_multiseed_28641700,21,food101,000_lin_lr1e3_wd0p05,000,Linear frozen-head baseline,linear_base,none,none,head_only,0.001,0.05,18,0.7761095624898526,0.7918151815181518,0.7711101157877704,0.7850297029702971,/Users/haseebshafi/Documents/GitHub/Quadratic-Neurons-vs.-ReLU-How-Much-Nonlinearity-Is-Enough/Haseeb_trials/4_test/data_4seed/food101_l40s_8q8l2f_multiseed_28641700/seed_21/000_lin_lr1e3_wd0p05/food101/linear_base/metrics.json
food101_l40s_8q8l2f_multiseed_28641700,21,food101,000_lin_lr1e3_wd0p05,000,Linear frozen-head baseline,linear_base,none,none,head_only,0.001,0.05,19,0.7730136721881703,0.7930561056105611,0.7677118091677675,0.785980198019802,/Users/haseebshafi/Documents/GitHub/Quadratic-Neurons-vs.-ReLU-How-Much-Nonlinearity-Is-Enough/Haseeb_trials/4_test/data_4seed/food101_l40s_8q8l2f_multiseed_28641700/seed_21/000_lin_lr1e3_wd0p05/food101/linear_base/metrics.json
food101_l40s_8q8l2f_multiseed_28641700,21,food101,000_lin_lr1e3_wd0p05,000,Linear frozen-head baseline,linear_base,none,none,head_only,0.001,0.05,20,0.7666570490767853,0.795960396039604,0.7720465091337072,0.7846336633663367,/Users/haseebshafi/Documents/GitHub/Quadratic-Neurons-vs.-ReLU-How-Much-Nonlinearity-Is-Enough/Haseeb_trials/4_test/data_4seed/food101_l40s_8q8l2f_multiseed_28641700/seed_21/000_lin_lr1e3_wd0p05/food101/linear_base/metrics.json
food101_l40s_8q8l2f_multiseed_28641700,21,food101,000_lin_lr1e3_wd0p05,000,Linear frozen-head baseline,linear_base,none,none,head_only,0.001,0.05,21,0.7640931494070752,0.7955775577557755,0.7675118128261944,0.7857821782178218,/Users/haseebshafi/Documents/GitHub/Quadratic-Neurons-vs.-ReLU-How-Much-Nonlinearity-Is-Enough/Haseeb_trials/4_test/data_4seed/food101_l40s_8q8l2f_multiseed_28641700/seed_21/000_lin_lr1e3_wd0p05/food101/linear_base/metrics.json
food101_l40s_8q8l2f_multiseed_28641700,21,food101,000_lin_lr1e3_wd0p05,000,Linear frozen-head baseline,linear_base,none,none,head_only,0.001,0.05,22,0.7606529199660022,0.7945610561056106,0.7706141338088724,0.7843960396039604,/Users/haseebshafi/Documents/GitHub/Quadratic-Neurons-vs.-ReLU-How-Much-Nonlinearity-Is-Enough/Haseeb_trials/4_test/data_4seed/food101_l40s_8q8l2f_multiseed_28641700/seed_21/000_lin_lr1e3_wd0p05/food101/linear_base/metrics.json
food101_l40s_8q8l2f_multiseed_28641700,21,food101,000_lin_lr1e3_wd0p05,000,Linear frozen-head baseline,linear_base,none,none,head_only,0.001,0.05,23,0.754364091799204,0.7981650165016502,0.7714575751370722,0.7847128712871287,/Users/haseebshafi/Documents/GitHub/Quadratic-Neurons-vs.-ReLU-How-Much-Nonlinearity-Is-Enough/Haseeb_trials/4_test/data_4seed/food101_l40s_8q8l2f_multiseed_28641700/seed_21/000_lin_lr1e3_wd0p05/food101/linear_base/metrics.json
food101_l40s_8q8l2f_multiseed_28641700,21,food101,000_lin_lr1e3_wd0p05,000,Linear frozen-head baseline,linear_base,none,none,head_only,0.001,0.05,24,0.7524523622446722,0.7978745874587458,0.7700429318801011,0.7847524752475248,/Users/haseebshafi/Documents/GitHub/Quadratic-Neurons-vs.-ReLU-How-Much-Nonlinearity-Is-Enough/Haseeb_trials/4_test/data_4seed/food101_l40s_8q8l2f_multiseed_28641700/seed_21/000_lin_lr1e3_wd0p05/food101/linear_base/metrics.json
food101_l40s_8q8l2f_multiseed_28641700,21,food101,000_lin_lr1e3_wd0p05,000,Linear frozen-head baseline,linear_base,none,none,head_only,0.001,0.05,25,0.7506450198334043,0.8005148514851486,0.7662827773896774,0.7867722772277228,/Users/haseebshafi/Documents/GitHub/Quadratic-Neurons-vs.-ReLU-How-Much-Nonlinearity-Is-Enough/Haseeb_trials/4_test/data_4seed/food101_l40s_8q8l2f_multiseed_28641700/seed_21/000_lin_lr1e3_wd0p05/food101/linear_base/metrics.json
food101_l40s_8q8l2f_multiseed_28641700,21,food101,000_lin_lr1e3_wd0p05,000,Linear frozen-head baseline,linear_base,none,none,head_only,0.001,0.05,26,0.7461874243481325,0.7995643564356436,0.7660908612024666,0.7868910891089109,/Users/haseebshafi/Documents/GitHub/Quadratic-Neurons-vs.-ReLU-How-Much-Nonlinearity-Is-Enough/Haseeb_trials/4_test/data_4seed/food101_l40s_8q8l2f_multiseed_28641700/seed_21/000_lin_lr1e3_wd0p05/food101/linear_base/metrics.json
food101_l40s_8q8l2f_multiseed_28641700,21,food101,000_lin_lr1e3_wd0p05,000,Linear frozen-head baseline,linear_base,none,none,head_only,0.001,0.05,27,0.746506216332464,0.7996963696369637,0.7681163000895245,0.7859009900990099,/Users/haseebshafi/Documents/GitHub/Quadratic-Neurons-vs.-ReLU-How-Much-Nonlinearity-Is-Enough/Haseeb_trials/4_test/data_4seed/food101_l40s_8q8l2f_multiseed_28641700/seed_21/000_lin_lr1e3_wd0p05/food101/linear_base/metrics.json
food101_l40s_8q8l2f_multiseed_28641700,21,food101,000_lin_lr1e3_wd0p05,000,Linear frozen-head baseline,linear_base,none,none,head_only,0.001,0.05,28,0.7414295880157169,0.800937293729373,0.7657362769311017,0.7868514851485149,/Users/haseebshafi/Documents/GitHub/Quadratic-Neurons-vs.-ReLU-How-Much-Nonlinearity-Is-Enough/Haseeb_trials/4_test/data_4seed/food101_l40s_8q8l2f_multiseed_28641700/seed_21/000_lin_lr1e3_wd0p05/food101/linear_base/metrics.json
food101_l40s_8q8l2f_multiseed_28641700,21,food101,000_lin_lr1e3_wd0p05,000,Linear frozen-head baseline,linear_base,none,none,head_only,0.001,0.05,29,0.7403055205187782,0.8004488448844884,0.7644929424559715,0.7857029702970297,/Users/haseebshafi/Documents/GitHub/Quadratic-Neurons-vs.-ReLU-How-Much-Nonlinearity-Is-Enough/Haseeb_trials/4_test/data_4seed/food101_l40s_8q8l2f_multiseed_28641700/seed_21/000_lin_lr1e3_wd0p05/food101/linear_base/metrics.json
food101_l40s_8q8l2f_multiseed_28641700,21,food101,000_lin_lr1e3_wd0p05,000,Linear frozen-head baseline,linear_base,none,none,head_only,0.001,0.05,30,0.7390134285054978,0.8006468646864686,0.7682330222672755,0.7841188118811881,/Users/haseebshafi/Documents/GitHub/Quadratic-Neurons-vs.-ReLU-How-Much-Nonlinearity-Is-Enough/Haseeb_trials/4_test/data_4seed/food101_l40s_8q8l2f_multiseed_28641700/seed_21/000_lin_lr1e3_wd0p05/food101/linear_base/metrics.json
food101_l40s_8q8l2f_multiseed_28641700,21,food101,101_q_ls_r1_h0_lr1em3_wd0p0,101,Quadratic depthwise adapter,quad_dw,last_stage,1,no,0.001,0.0,1,0.6736155072832265,0.8165676567656766,0.7565538699036778,0.7900990099009901,/Users/haseebshafi/Documents/GitHub/Quadratic-Neurons-vs.-ReLU-How-Much-Nonlinearity-Is-Enough/Haseeb_trials/4_test/data_4seed/food101_l40s_8q8l2f_multiseed_28641700/seed_21/101_q_ls_r1_h0_lr1em3_wd0p0/food101/quad_dw/last_stage_rank_1/metrics.json
food101_l40s_8q8l2f_multiseed_28641700,21,food101,101_q_ls_r1_h0_lr1em3_wd0p0,101,Quadratic depthwise adapter,quad_dw,last_stage,1,no,0.001,0.0,2,0.6531338401895151,0.8213861386138613,0.7512252271954376,0.7917623762376238,/Users/haseebshafi/Documents/GitHub/Quadratic-Neurons-vs.-ReLU-How-Much-Nonlinearity-Is-Enough/Haseeb_trials/4_test/data_4seed/food101_l40s_8q8l2f_multiseed_28641700/seed_21/101_q_ls_r1_h0_lr1em3_wd0p0/food101/quad_dw/last_stage_rank_1/metrics.json
food101_l40s_8q8l2f_multiseed_28641700,21,food101,101_q_ls_r1_h0_lr1em3_wd0p0,101,Quadratic depthwise adapter,quad_dw,last_stage,1,no,0.001,0.0,3,0.6314241831719679,0.8266270627062706,0.7523782316410895,0.791009900990099,/Users/haseebshafi/Documents/GitHub/Quadratic-Neurons-vs.-ReLU-How-Much-Nonlinearity-Is-Enough/Haseeb_trials/4_test/data_4seed/food101_l40s_8q8l2f_multiseed_28641700/seed_21/101_q_ls_r1_h0_lr1em3_wd0p0/food101/quad_dw/last_stage_rank_1/metrics.json
food101_l40s_8q8l2f_multiseed_28641700,21,food101,101_q_ls_r1_h0_lr1em3_wd0p0,101,Quadratic depthwise adapter,quad_dw,last_stage,1,no,0.001,0.0,4,0.6107631624146264,0.8321848184818482,0.7569621499481768,0.7913267326732674,/Users/haseebshafi/Documents/GitHub/Quadratic-Neurons-vs.-ReLU-How-Much-Nonlinearity-Is-Enough/Haseeb_trials/4_test/data_4seed/food101_l40s_8q8l2f_multiseed_28641700/seed_21/101_q_ls_r1_h0_lr1em3_wd0p0/food101/quad_dw/last_stage_rank_1/metrics.json
food101_l40s_8q8l2f_multiseed_28641700,21,food101,101_q_ls_r1_h0_lr1em3_wd0p0,101,Quadratic depthwise adapter,quad_dw,last_stage,1,no,0.001,0.0,5,0.5926311847652146,0.8377293729372938,0.7606385479256659,0.7904950495049505,/Users/haseebshafi/Documents/GitHub/Quadratic-Neurons-vs.-ReLU-How-Much-Nonlinearity-Is-Enough/Haseeb_trials/4_test/data_4seed/food101_l40s_8q8l2f_multiseed_28641700/seed_21/101_q_ls_r1_h0_lr1em3_wd0p0/food101/quad_dw/last_stage_rank_1/metrics.json
food101_l40s_8q8l2f_multiseed_28641700,21,food101,101_q_ls_r1_h0_lr1em3_wd0p0,101,Quadratic depthwise adapter,quad_dw,last_stage,1,no,0.001,0.0,6,0.5743620191297122,0.842917491749175,0.7615067388303209,0.7914455445544555,/Users/haseebshafi/Documents/GitHub/Quadratic-Neurons-vs.-ReLU-How-Much-Nonlinearity-Is-Enough/Haseeb_trials/4_test/data_4seed/food101_l40s_8q8l2f_multiseed_28641700/seed_21/101_q_ls_r1_h0_lr1em3_wd0p0/food101/quad_dw/last_stage_rank_1/metrics.json
food101_l40s_8q8l2f_multiseed_28641700,21,food101,101_q_ls_r1_h0_lr1em3_wd0p0,101,Quadratic depthwise adapter,quad_dw,last_stage,1,no,0.001,0.0,7,0.5540903940956191,0.8494125412541255,0.7627816413322298,0.7916039603960396,/Users/haseebshafi/Documents/GitHub/Quadratic-Neurons-vs.-ReLU-How-Much-Nonlinearity-Is-Enough/Haseeb_trials/4_test/data_4seed/food101_l40s_8q8l2f_multiseed_28641700/seed_21/101_q_ls_r1_h0_lr1em3_wd0p0/food101/quad_dw/last_stage_rank_1/metrics.json
food101_l40s_8q8l2f_multiseed_28641700,21,food101,101_q_ls_r1_h0_lr1em3_wd0p0,101,Quadratic depthwise adapter,quad_dw,last_stage,1,no,0.001,0.0,8,0.5357873451040917,0.8545214521452145,0.7708079269215612,0.7915247524752476,/Users/haseebshafi/Documents/GitHub/Quadratic-Neurons-vs.-ReLU-How-Much-Nonlinearity-Is-Enough/Haseeb_trials/4_test/data_4seed/food101_l40s_8q8l2f_multiseed_28641700/seed_21/101_q_ls_r1_h0_lr1em3_wd0p0/food101/quad_dw/last_stage_rank_1/metrics.json
food101_l40s_8q8l2f_multiseed_28641700,21,food101,101_q_ls_r1_h0_lr1em3_wd0p0,101,Quadratic depthwise adapter,quad_dw,last_stage,1,no,0.001,0.0,9,0.5190385334436649,0.8589306930693069,0.7693587941722114,0.7914455445544555,/Users/haseebshafi/Documents/GitHub/Quadratic-Neurons-vs.-ReLU-How-Much-Nonlinearity-Is-Enough/Haseeb_trials/4_test/data_4seed/food101_l40s_8q8l2f_multiseed_28641700/seed_21/101_q_ls_r1_h0_lr1em3_wd0p0/food101/quad_dw/last_stage_rank_1/metrics.json
food101_l40s_8q8l2f_multiseed_28641700,21,food101,101_q_ls_r1_h0_lr1em3_wd0p0,101,Quadratic depthwise adapter,quad_dw,last_stage,1,no,0.001,0.0,10,0.5034001078920396,0.8624290429042905,0.7752471959118796,0.7906534653465347,/Users/haseebshafi/Documents/GitHub/Quadratic-Neurons-vs.-ReLU-How-Much-Nonlinearity-Is-Enough/Haseeb_trials/4_test/data_4seed/food101_l40s_8q8l2f_multiseed_28641700/seed_21/101_q_ls_r1_h0_lr1em3_wd0p0/food101/quad_dw/last_stage_rank_1/metrics.json
food101_l40s_8q8l2f_multiseed_28641700,21,food101,101_q_ls_r1_h0_lr1em3_wd0p0,101,Quadratic depthwise adapter,quad_dw,last_stage,1,no,0.001,0.0,11,0.4916314309689865,0.8672871287128713,0.7770763535735631,0.7887128712871287,/Users/haseebshafi/Documents/GitHub/Quadratic-Neurons-vs.-ReLU-How-Much-Nonlinearity-Is-Enough/Haseeb_trials/4_test/data_4seed/food101_l40s_8q8l2f_multiseed_28641700/seed_21/101_q_ls_r1_h0_lr1em3_wd0p0/food101/quad_dw/last_stage_rank_1/metrics.json
food101_l40s_8q8l2f_multiseed_28641700,21,food101,101_q_ls_r1_h0_lr1em3_wd0p0,101,Quadratic depthwise adapter,quad_dw,last_stage,1,no,0.001,0.0,12,0.4796573517723839,0.8709042904290429,0.7774449818818876,0.7898217821782179,/Users/haseebshafi/Documents/GitHub/Quadratic-Neurons-vs.-ReLU-How-Much-Nonlinearity-Is-Enough/Haseeb_trials/4_test/data_4seed/food101_l40s_8q8l2f_multiseed_28641700/seed_21/101_q_ls_r1_h0_lr1em3_wd0p0/food101/quad_dw/last_stage_rank_1/metrics.json
food101_l40s_8q8l2f_multiseed_28641700,21,food101,102_q_ls_r2_h0_lr1em3_wd0p0,102,Quadratic depthwise adapter,quad_dw,last_stage,2,no,0.001,0.0,1,0.6724597759026505,0.8172409240924092,0.7547602178908811,0.7897425742574258,/Users/haseebshafi/Documents/GitHub/Quadratic-Neurons-vs.-ReLU-How-Much-Nonlinearity-Is-Enough/Haseeb_trials/4_test/data_4seed/food101_l40s_8q8l2f_multiseed_28641700/seed_21/102_q_ls_r2_h0_lr1em3_wd0p0/food101/quad_dw/last_stage_rank_2/metrics.json
food101_l40s_8q8l2f_multiseed_28641700,21,food101,102_q_ls_r2_h0_lr1em3_wd0p0,102,Quadratic depthwise adapter,quad_dw,last_stage,2,no,0.001,0.0,2,0.6519758577095006,0.8210561056105611,0.7526613110150441,0.7912871287128713,/Users/haseebshafi/Documents/GitHub/Quadratic-Neurons-vs.-ReLU-How-Much-Nonlinearity-Is-Enough/Haseeb_trials/4_test/data_4seed/food101_l40s_8q8l2f_multiseed_28641700/seed_21/102_q_ls_r2_h0_lr1em3_wd0p0/food101/quad_dw/last_stage_rank_2/metrics.json
food101_l40s_8q8l2f_multiseed_28641700,21,food101,102_q_ls_r2_h0_lr1em3_wd0p0,102,Quadratic depthwise adapter,quad_dw,last_stage,2,no,0.001,0.0,3,0.6308635636619215,0.827009900990099,0.7573502295630993,0.7904158415841585,/Users/haseebshafi/Documents/GitHub/Quadratic-Neurons-vs.-ReLU-How-Much-Nonlinearity-Is-Enough/Haseeb_trials/4_test/data_4seed/food101_l40s_8q8l2f_multiseed_28641700/seed_21/102_q_ls_r2_h0_lr1em3_wd0p0/food101/quad_dw/last_stage_rank_2/metrics.json
food101_l40s_8q8l2f_multiseed_28641700,21,food101,102_q_ls_r2_h0_lr1em3_wd0p0,102,Quadratic depthwise adapter,quad_dw,last_stage,2,no,0.001,0.0,4,0.6057935043435679,0.8341650165016502,0.75701250463193,0.7918415841584159,/Users/haseebshafi/Documents/GitHub/Quadratic-Neurons-vs.-ReLU-How-Much-Nonlinearity-Is-Enough/Haseeb_trials/4_test/data_4seed/food101_l40s_8q8l2f_multiseed_28641700/seed_21/102_q_ls_r2_h0_lr1em3_wd0p0/food101/quad_dw/last_stage_rank_2/metrics.json
food101_l40s_8q8l2f_multiseed_28641700,21,food101,102_q_ls_r2_h0_lr1em3_wd0p0,102,Quadratic depthwise adapter,quad_dw,last_stage,2,no,0.001,0.0,5,0.587401838708632,0.8389702970297029,0.7572348428834783,0.7921980198019802,/Users/haseebshafi/Documents/GitHub/Quadratic-Neurons-vs.-ReLU-How-Much-Nonlinearity-Is-Enough/Haseeb_trials/4_test/data_4seed/food101_l40s_8q8l2f_multiseed_28641700/seed_21/102_q_ls_r2_h0_lr1em3_wd0p0/food101/quad_dw/last_stage_rank_2/metrics.json
food101_l40s_8q8l2f_multiseed_28641700,21,food101,102_q_ls_r2_h0_lr1em3_wd0p0,102,Quadratic depthwise adapter,quad_dw,last_stage,2,no,0.001,0.0,6,0.5630529171578561,0.8454653465346534,0.7607911166365784,0.791009900990099,/Users/haseebshafi/Documents/GitHub/Quadratic-Neurons-vs.-ReLU-How-Much-Nonlinearity-Is-Enough/Haseeb_trials/4_test/data_4seed/food101_l40s_8q8l2f_multiseed_28641700/seed_21/102_q_ls_r2_h0_lr1em3_wd0p0/food101/quad_dw/last_stage_rank_2/metrics.json
food101_l40s_8q8l2f_multiseed_28641700,21,food101,102_q_ls_r2_h0_lr1em3_wd0p0,102,Quadratic depthwise adapter,quad_dw,last_stage,2,no,0.001,0.0,7,0.5403572696175906,0.8520792079207921,0.7656847406118223,0.7904554455445545,/Users/haseebshafi/Documents/GitHub/Quadratic-Neurons-vs.-ReLU-How-Much-Nonlinearity-Is-Enough/Haseeb_trials/4_test/data_4seed/food101_l40s_8q8l2f_multiseed_28641700/seed_21/102_q_ls_r2_h0_lr1em3_wd0p0/food101/quad_dw/last_stage_rank_2/metrics.json
food101_l40s_8q8l2f_multiseed_28641700,21,food101,102_q_ls_r2_h0_lr1em3_wd0p0,102,Quadratic depthwise adapter,quad_dw,last_stage,2,no,0.001,0.0,8,0.5217278978061362,0.8585082508250825,0.7698926746113466,0.7898217821782179,/Users/haseebshafi/Documents/GitHub/Quadratic-Neurons-vs.-ReLU-How-Much-Nonlinearity-Is-Enough/Haseeb_trials/4_test/data_4seed/food101_l40s_8q8l2f_multiseed_28641700/seed_21/102_q_ls_r2_h0_lr1em3_wd0p0/food101/quad_dw/last_stage_rank_2/metrics.json
food101_l40s_8q8l2f_multiseed_28641700,21,food101,102_q_ls_r2_h0_lr1em3_wd0p0,102,Quadratic depthwise adapter,quad_dw,last_stage,2,no,0.001,0.0,9,0.5047563721574966,0.8629042904290429,0.7719263527629399,0.7897821782178218,/Users/haseebshafi/Documents/GitHub/Quadratic-Neurons-vs.-ReLU-How-Much-Nonlinearity-Is-Enough/Haseeb_trials/4_test/data_4seed/food101_l40s_8q8l2f_multiseed_28641700/seed_21/102_q_ls_r2_h0_lr1em3_wd0p0/food101/quad_dw/last_stage_rank_2/metrics.json
food101_l40s_8q8l2f_multiseed_28641700,21,food101,102_q_ls_r2_h0_lr1em3_wd0p0,102,Quadratic depthwise adapter,quad_dw,last_stage,2,no,0.001,0.0,10,0.4861108556092769,0.8679207920792079,0.7778120313776602,0.7882772277227723,/Users/haseebshafi/Documents/GitHub/Quadratic-Neurons-vs.-ReLU-How-Much-Nonlinearity-Is-Enough/Haseeb_trials/4_test/data_4seed/food101_l40s_8q8l2f_multiseed_28641700/seed_21/102_q_ls_r2_h0_lr1em3_wd0p0/food101/quad_dw/last_stage_rank_2/metrics.json
food101_l40s_8q8l2f_multiseed_28641700,21,food101,102_q_ls_r2_h0_lr1em3_wd0p0,102,Quadratic depthwise adapter,quad_dw,last_stage,2,no,0.001,0.0,11,0.4722792650512343,0.873016501650165,0.7774435599322366,0.7876435643564357,/Users/haseebshafi/Documents/GitHub/Quadratic-Neurons-vs.-ReLU-How-Much-Nonlinearity-Is-Enough/Haseeb_trials/4_test/data_4seed/food101_l40s_8q8l2f_multiseed_28641700/seed_21/102_q_ls_r2_h0_lr1em3_wd0p0/food101/quad_dw/last_stage_rank_2/metrics.json
food101_l40s_8q8l2f_multiseed_28641700,21,food101,102_q_ls_r2_h0_lr1em3_wd0p0,102,Quadratic depthwise adapter,quad_dw,last_stage,2,no,0.001,0.0,12,0.4552644966419774,0.8781122112211222,0.7810744593946061,0.7882772277227723,/Users/haseebshafi/Documents/GitHub/Quadratic-Neurons-vs.-ReLU-How-Much-Nonlinearity-Is-Enough/Haseeb_trials/4_test/data_4seed/food101_l40s_8q8l2f_multiseed_28641700/seed_21/102_q_ls_r2_h0_lr1em3_wd0p0/food101/quad_dw/last_stage_rank_2/metrics.json
food101_l40s_8q8l2f_multiseed_28641700,21,food101,103_q_ls_r4_h0_lr1em3_wd0p0,103,Quadratic depthwise adapter,quad_dw,last_stage,4,no,0.001,0.0,1,0.6741081191808871,0.8164884488448845,0.756296524090342,0.7886732673267327,/Users/haseebshafi/Documents/GitHub/Quadratic-Neurons-vs.-ReLU-How-Much-Nonlinearity-Is-Enough/Haseeb_trials/4_test/data_4seed/food101_l40s_8q8l2f_multiseed_28641700/seed_21/103_q_ls_r4_h0_lr1em3_wd0p0/food101/quad_dw/last_stage_rank_4/metrics.json
food101_l40s_8q8l2f_multiseed_28641700,21,food101,103_q_ls_r4_h0_lr1em3_wd0p0,103,Quadratic depthwise adapter,quad_dw,last_stage,4,no,0.001,0.0,2,0.6493376342463415,0.8216765676567657,0.7533067483359044,0.791960396039604,/Users/haseebshafi/Documents/GitHub/Quadratic-Neurons-vs.-ReLU-How-Much-Nonlinearity-Is-Enough/Haseeb_trials/4_test/data_4seed/food101_l40s_8q8l2f_multiseed_28641700/seed_21/103_q_ls_r4_h0_lr1em3_wd0p0/food101/quad_dw/last_stage_rank_4/metrics.json
food101_l40s_8q8l2f_multiseed_28641700,21,food101,103_q_ls_r4_h0_lr1em3_wd0p0,103,Quadratic depthwise adapter,quad_dw,last_stage,4,no,0.001,0.0,3,0.6304442953355242,0.8267062706270627,0.7541844088960402,0.7910891089108911,/Users/haseebshafi/Documents/GitHub/Quadratic-Neurons-vs.-ReLU-How-Much-Nonlinearity-Is-Enough/Haseeb_trials/4_test/data_4seed/food101_l40s_8q8l2f_multiseed_28641700/seed_21/103_q_ls_r4_h0_lr1em3_wd0p0/food101/quad_dw/last_stage_rank_4/metrics.json
food101_l40s_8q8l2f_multiseed_28641700,21,food101,103_q_ls_r4_h0_lr1em3_wd0p0,103,Quadratic depthwise adapter,quad_dw,last_stage,4,no,0.001,0.0,4,0.6053172287547549,0.8335313531353136,0.7581389158763507,0.7911683168316832,/Users/haseebshafi/Documents/GitHub/Quadratic-Neurons-vs.-ReLU-How-Much-Nonlinearity-Is-Enough/Haseeb_trials/4_test/data_4seed/food101_l40s_8q8l2f_multiseed_28641700/seed_21/103_q_ls_r4_h0_lr1em3_wd0p0/food101/quad_dw/last_stage_rank_4/metrics.json
food101_l40s_8q8l2f_multiseed_28641700,21,food101,103_q_ls_r4_h0_lr1em3_wd0p0,103,Quadratic depthwise adapter,quad_dw,last_stage,4,no,0.001,0.0,5,0.5827562580840422,0.8408184818481849,0.7604617907198349,0.7900990099009901,/Users/haseebshafi/Documents/GitHub/Quadratic-Neurons-vs.-ReLU-How-Much-Nonlinearity-Is-Enough/Haseeb_trials/4_test/data_4seed/food101_l40s_8q8l2f_multiseed_28641700/seed_21/103_q_ls_r4_h0_lr1em3_wd0p0/food101/quad_dw/last_stage_rank_4/metrics.json
food101_l40s_8q8l2f_multiseed_28641700,21,food101,103_q_ls_r4_h0_lr1em3_wd0p0,103,Quadratic depthwise adapter,quad_dw,last_stage,4,no,0.001,0.0,6,0.5581294581394385,0.846996699669967,0.7643732936429505,0.789940594059406,/Users/haseebshafi/Documents/GitHub/Quadratic-Neurons-vs.-ReLU-How-Much-Nonlinearity-Is-Enough/Haseeb_trials/4_test/data_4seed/food101_l40s_8q8l2f_multiseed_28641700/seed_21/103_q_ls_r4_h0_lr1em3_wd0p0/food101/quad_dw/last_stage_rank_4/metrics.json
food101_l40s_8q8l2f_multiseed_28641700,21,food101,103_q_ls_r4_h0_lr1em3_wd0p0,103,Quadratic depthwise adapter,quad_dw,last_stage,4,no,0.001,0.0,7,0.54011973209507,0.8532805280528053,0.7683646916776601,0.7886732673267327,/Users/haseebshafi/Documents/GitHub/Quadratic-Neurons-vs.-ReLU-How-Much-Nonlinearity-Is-Enough/Haseeb_trials/4_test/data_4seed/food101_l40s_8q8l2f_multiseed_28641700/seed_21/103_q_ls_r4_h0_lr1em3_wd0p0/food101/quad_dw/last_stage_rank_4/metrics.json
food101_l40s_8q8l2f_multiseed_28641700,21,food101,103_q_ls_r4_h0_lr1em3_wd0p0,103,Quadratic depthwise adapter,quad_dw,last_stage,4,no,0.001,0.0,8,0.5167081078082422,0.8599867986798679,0.7698529843245402,0.7892673267326733,/Users/haseebshafi/Documents/GitHub/Quadratic-Neurons-vs.-ReLU-How-Much-Nonlinearity-Is-Enough/Haseeb_trials/4_test/data_4seed/food101_l40s_8q8l2f_multiseed_28641700/seed_21/103_q_ls_r4_h0_lr1em3_wd0p0/food101/quad_dw/last_stage_rank_4/metrics.json
food101_l40s_8q8l2f_multiseed_28641700,21,food101,103_q_ls_r4_h0_lr1em3_wd0p0,103,Quadratic depthwise adapter,quad_dw,last_stage,4,no,0.001,0.0,9,0.4969232312004165,0.8657029702970297,0.7715935017071148,0.7896633663366337,/Users/haseebshafi/Documents/GitHub/Quadratic-Neurons-vs.-ReLU-How-Much-Nonlinearity-Is-Enough/Haseeb_trials/4_test/data_4seed/food101_l40s_8q8l2f_multiseed_28641700/seed_21/103_q_ls_r4_h0_lr1em3_wd0p0/food101/quad_dw/last_stage_rank_4/metrics.json
food101_l40s_8q8l2f_multiseed_28641700,21,food101,103_q_ls_r4_h0_lr1em3_wd0p0,103,Quadratic depthwise adapter,quad_dw,last_stage,4,no,0.001,0.0,10,0.4793976717372932,0.8709306930693069,0.781141451736488,0.7878811881188119,/Users/haseebshafi/Documents/GitHub/Quadratic-Neurons-vs.-ReLU-How-Much-Nonlinearity-Is-Enough/Haseeb_trials/4_test/data_4seed/food101_l40s_8q8l2f_multiseed_28641700/seed_21/103_q_ls_r4_h0_lr1em3_wd0p0/food101/quad_dw/last_stage_rank_4/metrics.json
food101_l40s_8q8l2f_multiseed_28641700,21,food101,103_q_ls_r4_h0_lr1em3_wd0p0,103,Quadratic depthwise adapter,quad_dw,last_stage,4,no,0.001,0.0,11,0.46134135548667154,0.8761188118811881,0.7775507015025261,0.7890297029702971,/Users/haseebshafi/Documents/GitHub/Quadratic-Neurons-vs.-ReLU-How-Much-Nonlinearity-Is-Enough/Haseeb_trials/4_test/data_4seed/food101_l40s_8q8l2f_multiseed_28641700/seed_21/103_q_ls_r4_h0_lr1em3_wd0p0/food101/quad_dw/last_stage_rank_4/metrics.json
food101_l40s_8q8l2f_multiseed_28641700,21,food101,103_q_ls_r4_h0_lr1em3_wd0p0,103,Quadratic depthwise adapter,quad_dw,last_stage,4,no,0.001,0.0,12,0.4436164500343524,0.8815313531353135,0.7824232805200142,0.7874851485148515,/Users/haseebshafi/Documents/GitHub/Quadratic-Neurons-vs.-ReLU-How-Much-Nonlinearity-Is-Enough/Haseeb_trials/4_test/data_4seed/food101_l40s_8q8l2f_multiseed_28641700/seed_21/103_q_ls_r4_h0_lr1em3_wd0p0/food101/quad_dw/last_stage_rank_4/metrics.json
food101_l40s_8q8l2f_multiseed_28641700,21,food101,104_q_ls_r2_h0_lr3em4_wd0p01,104,Quadratic depthwise adapter,quad_dw,last_stage,2,no,0.0003,0.01,1,0.6800772306643696,0.8165676567656766,0.7593767088616249,0.7868514851485149,/Users/haseebshafi/Documents/GitHub/Quadratic-Neurons-vs.-ReLU-How-Much-Nonlinearity-Is-Enough/Haseeb_trials/4_test/data_4seed/food101_l40s_8q8l2f_multiseed_28641700/seed_21/104_q_ls_r2_h0_lr3em4_wd0p01/food101/quad_dw/last_stage_rank_2/metrics.json
food101_l40s_8q8l2f_multiseed_28641700,21,food101,104_q_ls_r2_h0_lr3em4_wd0p01,104,Quadratic depthwise adapter,quad_dw,last_stage,2,no,0.0003,0.01,2,0.6663474467674104,0.8183102310231023,0.7545115234875442,0.7886336633663367,/Users/haseebshafi/Documents/GitHub/Quadratic-Neurons-vs.-ReLU-How-Much-Nonlinearity-Is-Enough/Haseeb_trials/4_test/data_4seed/food101_l40s_8q8l2f_multiseed_28641700/seed_21/104_q_ls_r2_h0_lr3em4_wd0p01/food101/quad_dw/last_stage_rank_2/metrics.json
food101_l40s_8q8l2f_multiseed_28641700,21,food101,104_q_ls_r2_h0_lr3em4_wd0p01,104,Quadratic depthwise adapter,quad_dw,last_stage,2,no,0.0003,0.01,3,0.6569288536251181,0.8201584158415841,0.7559376793096562,0.7892673267326733,/Users/haseebshafi/Documents/GitHub/Quadratic-Neurons-vs.-ReLU-How-Much-Nonlinearity-Is-Enough/Haseeb_trials/4_test/data_4seed/food101_l40s_8q8l2f_multiseed_28641700/seed_21/104_q_ls_r2_h0_lr3em4_wd0p01/food101/quad_dw/last_stage_rank_2/metrics.json
food101_l40s_8q8l2f_multiseed_28641700,21,food101,104_q_ls_r2_h0_lr3em4_wd0p01,104,Quadratic depthwise adapter,quad_dw,last_stage,2,no,0.0003,0.01,4,0.645685169679497,0.824013201320132,0.7539538903236389,0.7900990099009901,/Users/haseebshafi/Documents/GitHub/Quadratic-Neurons-vs.-ReLU-How-Much-Nonlinearity-Is-Enough/Haseeb_trials/4_test/data_4seed/food101_l40s_8q8l2f_multiseed_28641700/seed_21/104_q_ls_r2_h0_lr3em4_wd0p01/food101/quad_dw/last_stage_rank_2/metrics.json
food101_l40s_8q8l2f_multiseed_28641700,21,food101,104_q_ls_r2_h0_lr3em4_wd0p01,104,Quadratic depthwise adapter,quad_dw,last_stage,2,no,0.0003,0.01,5,0.6420879961319096,0.825029702970297,0.7530447605010306,0.790930693069307,/Users/haseebshafi/Documents/GitHub/Quadratic-Neurons-vs.-ReLU-How-Much-Nonlinearity-Is-Enough/Haseeb_trials/4_test/data_4seed/food101_l40s_8q8l2f_multiseed_28641700/seed_21/104_q_ls_r2_h0_lr3em4_wd0p01/food101/quad_dw/last_stage_rank_2/metrics.json
food101_l40s_8q8l2f_multiseed_28641700,21,food101,104_q_ls_r2_h0_lr3em4_wd0p01,104,Quadratic depthwise adapter,quad_dw,last_stage,2,no,0.0003,0.01,6,0.6314805551220481,0.8267194719471948,0.7541476497697358,0.7904158415841585,/Users/haseebshafi/Documents/GitHub/Quadratic-Neurons-vs.-ReLU-How-Much-Nonlinearity-Is-Enough/Haseeb_trials/4_test/data_4seed/food101_l40s_8q8l2f_multiseed_28641700/seed_21/104_q_ls_r2_h0_lr3em4_wd0p01/food101/quad_dw/last_stage_rank_2/metrics.json
food101_l40s_8q8l2f_multiseed_28641700,21,food101,104_q_ls_r2_h0_lr3em4_wd0p01,104,Quadratic depthwise adapter,quad_dw,last_stage,2,no,0.0003,0.01,7,0.6223324308883239,0.8295973597359736,0.7557670567484185,0.7899009900990099,/Users/haseebshafi/Documents/GitHub/Quadratic-Neurons-vs.-ReLU-How-Much-Nonlinearity-Is-Enough/Haseeb_trials/4_test/data_4seed/food101_l40s_8q8l2f_multiseed_28641700/seed_21/104_q_ls_r2_h0_lr3em4_wd0p01/food101/quad_dw/last_stage_rank_2/metrics.json
food101_l40s_8q8l2f_multiseed_28641700,21,food101,104_q_ls_r2_h0_lr3em4_wd0p01,104,Quadratic depthwise adapter,quad_dw,last_stage,2,no,0.0003,0.01,8,0.6160168184321312,0.8307590759075908,0.7550953780164813,0.7902970297029703,/Users/haseebshafi/Documents/GitHub/Quadratic-Neurons-vs.-ReLU-How-Much-Nonlinearity-Is-Enough/Haseeb_trials/4_test/data_4seed/food101_l40s_8q8l2f_multiseed_28641700/seed_21/104_q_ls_r2_h0_lr3em4_wd0p01/food101/quad_dw/last_stage_rank_2/metrics.json
food101_l40s_8q8l2f_multiseed_28641700,21,food101,104_q_ls_r2_h0_lr3em4_wd0p01,104,Quadratic depthwise adapter,quad_dw,last_stage,2,no,0.0003,0.01,9,0.6086539121492468,0.8337821782178217,0.756163932254999,0.790019801980198,/Users/haseebshafi/Documents/GitHub/Quadratic-Neurons-vs.-ReLU-How-Much-Nonlinearity-Is-Enough/Haseeb_trials/4_test/data_4seed/food101_l40s_8q8l2f_multiseed_28641700/seed_21/104_q_ls_r2_h0_lr3em4_wd0p01/food101/quad_dw/last_stage_rank_2/metrics.json
food101_l40s_8q8l2f_multiseed_28641700,21,food101,104_q_ls_r2_h0_lr3em4_wd0p01,104,Quadratic depthwise adapter,quad_dw,last_stage,2,no,0.0003,0.01,10,0.6015243643943232,0.8347854785478548,0.7582909946063957,0.7903366336633664,/Users/haseebshafi/Documents/GitHub/Quadratic-Neurons-vs.-ReLU-How-Much-Nonlinearity-Is-Enough/Haseeb_trials/4_test/data_4seed/food101_l40s_8q8l2f_multiseed_28641700/seed_21/104_q_ls_r2_h0_lr3em4_wd0p01/food101/quad_dw/last_stage_rank_2/metrics.json
food101_l40s_8q8l2f_multiseed_28641700,21,food101,104_q_ls_r2_h0_lr3em4_wd0p01,104,Quadratic depthwise adapter,quad_dw,last_stage,2,no,0.0003,0.01,11,0.5944565152185585,0.8376105610561057,0.7570049837674245,0.7904554455445545,/Users/haseebshafi/Documents/GitHub/Quadratic-Neurons-vs.-ReLU-How-Much-Nonlinearity-Is-Enough/Haseeb_trials/4_test/data_4seed/food101_l40s_8q8l2f_multiseed_28641700/seed_21/104_q_ls_r2_h0_lr3em4_wd0p01/food101/quad_dw/last_stage_rank_2/metrics.json
food101_l40s_8q8l2f_multiseed_28641700,21,food101,104_q_ls_r2_h0_lr3em4_wd0p01,104,Quadratic depthwise adapter,quad_dw,last_stage,2,no,0.0003,0.01,12,0.5872801649003926,0.8396435643564356,0.7590088665721441,0.7898217821782179,/Users/haseebshafi/Documents/GitHub/Quadratic-Neurons-vs.-ReLU-How-Much-Nonlinearity-Is-Enough/Haseeb_trials/4_test/data_4seed/food101_l40s_8q8l2f_multiseed_28641700/seed_21/104_q_ls_r2_h0_lr3em4_wd0p01/food101/quad_dw/last_stage_rank_2/metrics.json
food101_l40s_8q8l2f_multiseed_28641700,21,food101,105_q_all_r1_h0_lr3em4_wd0p0,105,Quadratic depthwise adapter,quad_dw,all,1,no,0.0003,0.0,1,0.656750339921945,0.8212145214521452,0.7160900876144372,0.798970297029703,/Users/haseebshafi/Documents/GitHub/Quadratic-Neurons-vs.-ReLU-How-Much-Nonlinearity-Is-Enough/Haseeb_trials/4_test/data_4seed/food101_l40s_8q8l2f_multiseed_28641700/seed_21/105_q_all_r1_h0_lr3em4_wd0p0/food101/quad_dw/all_rank_1/metrics.json
food101_l40s_8q8l2f_multiseed_28641700,21,food101,105_q_all_r1_h0_lr3em4_wd0p0,105,Quadratic depthwise adapter,quad_dw,all,1,no,0.0003,0.0,2,0.621491127088125,0.8301386138613861,0.7063264541767611,0.8020198019801981,/Users/haseebshafi/Documents/GitHub/Quadratic-Neurons-vs.-ReLU-How-Much-Nonlinearity-Is-Enough/Haseeb_trials/4_test/data_4seed/food101_l40s_8q8l2f_multiseed_28641700/seed_21/105_q_all_r1_h0_lr3em4_wd0p0/food101/quad_dw/all_rank_1/metrics.json
food101_l40s_8q8l2f_multiseed_28641700,21,food101,105_q_all_r1_h0_lr3em4_wd0p0,105,Quadratic depthwise adapter,quad_dw,all,1,no,0.0003,0.0,3,0.6008805172246675,0.8352343234323433,0.6982717077519633,0.8035247524752476,/Users/haseebshafi/Documents/GitHub/Quadratic-Neurons-vs.-ReLU-How-Much-Nonlinearity-Is-Enough/Haseeb_trials/4_test/data_4seed/food101_l40s_8q8l2f_multiseed_28641700/seed_21/105_q_all_r1_h0_lr3em4_wd0p0/food101/quad_dw/all_rank_1/metrics.json
food101_l40s_8q8l2f_multiseed_28641700,21,food101,105_q_all_r1_h0_lr3em4_wd0p0,105,Quadratic depthwise adapter,quad_dw,all,1,no,0.0003,0.0,4,0.5762078880303764,0.8415313531353136,0.6983797588631658,0.8056633663366337,/Users/haseebshafi/Documents/GitHub/Quadratic-Neurons-vs.-ReLU-How-Much-Nonlinearity-Is-Enough/Haseeb_trials/4_test/data_4seed/food101_l40s_8q8l2f_multiseed_28641700/seed_21/105_q_all_r1_h0_lr3em4_wd0p0/food101/quad_dw/all_rank_1/metrics.json
food101_l40s_8q8l2f_multiseed_28641700,21,food101,105_q_all_r1_h0_lr3em4_wd0p0,105,Quadratic depthwise adapter,quad_dw,all,1,no,0.0003,0.0,5,0.5578025733692811,0.8472607260726073,0.6943816958205534,0.8074851485148515,/Users/haseebshafi/Documents/GitHub/Quadratic-Neurons-vs.-ReLU-How-Much-Nonlinearity-Is-Enough/Haseeb_trials/4_test/data_4seed/food101_l40s_8q8l2f_multiseed_28641700/seed_21/105_q_all_r1_h0_lr3em4_wd0p0/food101/quad_dw/all_rank_1/metrics.json
food101_l40s_8q8l2f_multiseed_28641700,21,food101,105_q_all_r1_h0_lr3em4_wd0p0,105,Quadratic depthwise adapter,quad_dw,all,1,no,0.0003,0.0,6,0.5361574444629178,0.8534389438943895,0.6961409980731436,0.8072475247524753,/Users/haseebshafi/Documents/GitHub/Quadratic-Neurons-vs.-ReLU-How-Much-Nonlinearity-Is-Enough/Haseeb_trials/4_test/data_4seed/food101_l40s_8q8l2f_multiseed_28641700/seed_21/105_q_all_r1_h0_lr3em4_wd0p0/food101/quad_dw/all_rank_1/metrics.json
food101_l40s_8q8l2f_multiseed_28641700,21,food101,105_q_all_r1_h0_lr3em4_wd0p0,105,Quadratic depthwise adapter,quad_dw,all,1,no,0.0003,0.0,7,0.5122137354199249,0.8591155115511551,0.696364359107348,0.8070891089108911,/Users/haseebshafi/Documents/GitHub/Quadratic-Neurons-vs.-ReLU-How-Much-Nonlinearity-Is-Enough/Haseeb_trials/4_test/data_4seed/food101_l40s_8q8l2f_multiseed_28641700/seed_21/105_q_all_r1_h0_lr3em4_wd0p0/food101/quad_dw/all_rank_1/metrics.json
food101_l40s_8q8l2f_multiseed_28641700,21,food101,105_q_all_r1_h0_lr3em4_wd0p0,105,Quadratic depthwise adapter,quad_dw,all,1,no,0.0003,0.0,8,0.49194094258487814,0.8657821782178218,0.6992738773822784,0.8073267326732674,/Users/haseebshafi/Documents/GitHub/Quadratic-Neurons-vs.-ReLU-How-Much-Nonlinearity-Is-Enough/Haseeb_trials/4_test/data_4seed/food101_l40s_8q8l2f_multiseed_28641700/seed_21/105_q_all_r1_h0_lr3em4_wd0p0/food101/quad_dw/all_rank_1/metrics.json
food101_l40s_8q8l2f_multiseed_28641700,21,food101,105_q_all_r1_h0_lr3em4_wd0p0,105,Quadratic depthwise adapter,quad_dw,all,1,no,0.0003,0.0,9,0.47035254462166587,0.8717887788778877,0.7009498827032523,0.807960396039604,/Users/haseebshafi/Documents/GitHub/Quadratic-Neurons-vs.-ReLU-How-Much-Nonlinearity-Is-Enough/Haseeb_trials/4_test/data_4seed/food101_l40s_8q8l2f_multiseed_28641700/seed_21/105_q_all_r1_h0_lr3em4_wd0p0/food101/quad_dw/all_rank_1/metrics.json
food101_l40s_8q8l2f_multiseed_28641700,21,food101,105_q_all_r1_h0_lr3em4_wd0p0,105,Quadratic depthwise adapter,quad_dw,all,1,no,0.0003,0.0,10,0.45531239826529724,0.877016501650165,0.7061299469305737,0.8070891089108911,/Users/haseebshafi/Documents/GitHub/Quadratic-Neurons-vs.-ReLU-How-Much-Nonlinearity-Is-Enough/Haseeb_trials/4_test/data_4seed/food101_l40s_8q8l2f_multiseed_28641700/seed_21/105_q_all_r1_h0_lr3em4_wd0p0/food101/quad_dw/all_rank_1/metrics.json
food101_l40s_8q8l2f_multiseed_28641700,21,food101,105_q_all_r1_h0_lr3em4_wd0p0,105,Quadratic depthwise adapter,quad_dw,all,1,no,0.0003,0.0,11,0.4340079630656604,0.8817689768976897,0.7073997156501997,0.8074851485148515,/Users/haseebshafi/Documents/GitHub/Quadratic-Neurons-vs.-ReLU-How-Much-Nonlinearity-Is-Enough/Haseeb_trials/4_test/data_4seed/food101_l40s_8q8l2f_multiseed_28641700/seed_21/105_q_all_r1_h0_lr3em4_wd0p0/food101/quad_dw/all_rank_1/metrics.json
food101_l40s_8q8l2f_multiseed_28641700,21,food101,105_q_all_r1_h0_lr3em4_wd0p0,105,Quadratic depthwise adapter,quad_dw,all,1,no,0.0003,0.0,12,0.4185590842934725,0.8864422442244224,0.7107785590403151,0.8074851485148515,/Users/haseebshafi/Documents/GitHub/Quadratic-Neurons-vs.-ReLU-How-Much-Nonlinearity-Is-Enough/Haseeb_trials/4_test/data_4seed/food101_l40s_8q8l2f_multiseed_28641700/seed_21/105_q_all_r1_h0_lr3em4_wd0p0/food101/quad_dw/all_rank_1/metrics.json
food101_l40s_8q8l2f_multiseed_28641700,21,food101,106_q_all_r2_h0_lr3em4_wd0p0,106,Quadratic depthwise adapter,quad_dw,all,2,no,0.0003,0.0,1,0.6556356615020891,0.8210561056105611,0.7178141424773943,0.7996831683168317,/Users/haseebshafi/Documents/GitHub/Quadratic-Neurons-vs.-ReLU-How-Much-Nonlinearity-Is-Enough/Haseeb_trials/4_test/data_4seed/food101_l40s_8q8l2f_multiseed_28641700/seed_21/106_q_all_r2_h0_lr3em4_wd0p0/food101/quad_dw/all_rank_2/metrics.json
food101_l40s_8q8l2f_multiseed_28641700,21,food101,106_q_all_r2_h0_lr3em4_wd0p0,106,Quadratic depthwise adapter,quad_dw,all,2,no,0.0003,0.0,2,0.6235044457149191,0.8299141914191419,0.7057058966773572,0.8023366336633664,/Users/haseebshafi/Documents/GitHub/Quadratic-Neurons-vs.-ReLU-How-Much-Nonlinearity-Is-Enough/Haseeb_trials/4_test/data_4seed/food101_l40s_8q8l2f_multiseed_28641700/seed_21/106_q_all_r2_h0_lr3em4_wd0p0/food101/quad_dw/all_rank_2/metrics.json
food101_l40s_8q8l2f_multiseed_28641700,21,food101,106_q_all_r2_h0_lr3em4_wd0p0,106,Quadratic depthwise adapter,quad_dw,all,2,no,0.0003,0.0,3,0.6001745058593183,0.8351815181518152,0.698947098448725,0.8045148514851486,/Users/haseebshafi/Documents/GitHub/Quadratic-Neurons-vs.-ReLU-How-Much-Nonlinearity-Is-Enough/Haseeb_trials/4_test/data_4seed/food101_l40s_8q8l2f_multiseed_28641700/seed_21/106_q_all_r2_h0_lr3em4_wd0p0/food101/quad_dw/all_rank_2/metrics.json
food101_l40s_8q8l2f_multiseed_28641700,21,food101,106_q_all_r2_h0_lr3em4_wd0p0,106,Quadratic depthwise adapter,quad_dw,all,2,no,0.0003,0.0,4,0.5761169222038571,0.8411485148514851,0.6947060398252883,0.8065742574257426,/Users/haseebshafi/Documents/GitHub/Quadratic-Neurons-vs.-ReLU-How-Much-Nonlinearity-Is-Enough/Haseeb_trials/4_test/data_4seed/food101_l40s_8q8l2f_multiseed_28641700/seed_21/106_q_all_r2_h0_lr3em4_wd0p0/food101/quad_dw/all_rank_2/metrics.json
food101_l40s_8q8l2f_multiseed_28641700,21,food101,106_q_all_r2_h0_lr3em4_wd0p0,106,Quadratic depthwise adapter,quad_dw,all,2,no,0.0003,0.0,5,0.5532039510763124,0.8482244224422443,0.6934078229181837,0.8075247524752476,/Users/haseebshafi/Documents/GitHub/Quadratic-Neurons-vs.-ReLU-How-Much-Nonlinearity-Is-Enough/Haseeb_trials/4_test/data_4seed/food101_l40s_8q8l2f_multiseed_28641700/seed_21/106_q_all_r2_h0_lr3em4_wd0p0/food101/quad_dw/all_rank_2/metrics.json
food101_l40s_8q8l2f_multiseed_28641700,21,food101,106_q_all_r2_h0_lr3em4_wd0p0,106,Quadratic depthwise adapter,quad_dw,all,2,no,0.0003,0.0,6,0.530358772435204,0.8544158415841584,0.6964721941570244,0.8061386138613862,/Users/haseebshafi/Documents/GitHub/Quadratic-Neurons-vs.-ReLU-How-Much-Nonlinearity-Is-Enough/Haseeb_trials/4_test/data_4seed/food101_l40s_8q8l2f_multiseed_28641700/seed_21/106_q_all_r2_h0_lr3em4_wd0p0/food101/quad_dw/all_rank_2/metrics.json
food101_l40s_8q8l2f_multiseed_28641700,21,food101,106_q_all_r2_h0_lr3em4_wd0p0,106,Quadratic depthwise adapter,quad_dw,all,2,no,0.0003,0.0,7,0.5061657223528367,0.8614653465346535,0.6947583558559418,0.8087524752475248,/Users/haseebshafi/Documents/GitHub/Quadratic-Neurons-vs.-ReLU-How-Much-Nonlinearity-Is-Enough/Haseeb_trials/4_test/data_4seed/food101_l40s_8q8l2f_multiseed_28641700/seed_21/106_q_all_r2_h0_lr3em4_wd0p0/food101/quad_dw/all_rank_2/metrics.json
food101_l40s_8q8l2f_multiseed_28641700,21,food101,106_q_all_r2_h0_lr3em4_wd0p0,106,Quadratic depthwise adapter,quad_dw,all,2,no,0.0003,0.0,8,0.482687606622677,0.8686336633663366,0.698223739435177,0.8084356435643565,/Users/haseebshafi/Documents/GitHub/Quadratic-Neurons-vs.-ReLU-How-Much-Nonlinearity-Is-Enough/Haseeb_trials/4_test/data_4seed/food101_l40s_8q8l2f_multiseed_28641700/seed_21/106_q_all_r2_h0_lr3em4_wd0p0/food101/quad_dw/all_rank_2/metrics.json
food101_l40s_8q8l2f_multiseed_28641700,21,food101,106_q_all_r2_h0_lr3em4_wd0p0,106,Quadratic depthwise adapter,quad_dw,all,2,no,0.0003,0.0,9,0.46324002816732174,0.8742970297029703,0.7026240054852891,0.8075643564356436,/Users/haseebshafi/Documents/GitHub/Quadratic-Neurons-vs.-ReLU-How-Much-Nonlinearity-Is-Enough/Haseeb_trials/4_test/data_4seed/food101_l40s_8q8l2f_multiseed_28641700/seed_21/106_q_all_r2_h0_lr3em4_wd0p0/food101/quad_dw/all_rank_2/metrics.json
food101_l40s_8q8l2f_multiseed_28641700,21,food101,106_q_all_r2_h0_lr3em4_wd0p0,106,Quadratic depthwise adapter,quad_dw,all,2,no,0.0003,0.0,10,0.44015811533503013,0.8803696369636964,0.7039769053293927,0.8080792079207921,/Users/haseebshafi/Documents/GitHub/Quadratic-Neurons-vs.-ReLU-How-Much-Nonlinearity-Is-Enough/Haseeb_trials/4_test/data_4seed/food101_l40s_8q8l2f_multiseed_28641700/seed_21/106_q_all_r2_h0_lr3em4_wd0p0/food101/quad_dw/all_rank_2/metrics.json
food101_l40s_8q8l2f_multiseed_28641700,21,food101,106_q_all_r2_h0_lr3em4_wd0p0,106,Quadratic depthwise adapter,quad_dw,all,2,no,0.0003,0.0,11,0.4219263943067872,0.8868250825082509,0.7082885970691644,0.8081188118811882,/Users/haseebshafi/Documents/GitHub/Quadratic-Neurons-vs.-ReLU-How-Much-Nonlinearity-Is-Enough/Haseeb_trials/4_test/data_4seed/food101_l40s_8q8l2f_multiseed_28641700/seed_21/106_q_all_r2_h0_lr3em4_wd0p0/food101/quad_dw/all_rank_2/metrics.json
food101_l40s_8q8l2f_multiseed_28641700,21,food101,106_q_all_r2_h0_lr3em4_wd0p0,106,Quadratic depthwise adapter,quad_dw,all,2,no,0.0003,0.0,12,0.403784789738482,0.8913399339933994,0.7105905550399629,0.8072475247524753,/Users/haseebshafi/Documents/GitHub/Quadratic-Neurons-vs.-ReLU-How-Much-Nonlinearity-Is-Enough/Haseeb_trials/4_test/data_4seed/food101_l40s_8q8l2f_multiseed_28641700/seed_21/106_q_all_r2_h0_lr3em4_wd0p0/food101/quad_dw/all_rank_2/metrics.json
food101_l40s_8q8l2f_multiseed_28641700,21,food101,107_q_ls_r2_h1_lr1em4_wd0p0,107,Quadratic depthwise adapter,quad_dw,last_stage,2,yes,0.0001,0.0,1,0.6838983718963346,0.8176237623762376,0.7485108655372469,0.7902178217821783,/Users/haseebshafi/Documents/GitHub/Quadratic-Neurons-vs.-ReLU-How-Much-Nonlinearity-Is-Enough/Haseeb_trials/4_test/data_4seed/food101_l40s_8q8l2f_multiseed_28641700/seed_21/107_q_ls_r2_h1_lr1em4_wd0p0/food101/quad_dw/last_stage_rank_2/metrics.json
food101_l40s_8q8l2f_multiseed_28641700,21,food101,107_q_ls_r2_h1_lr1em4_wd0p0,107,Quadratic depthwise adapter,quad_dw,last_stage,2,yes,0.0001,0.0,2,0.6698311568360911,0.8196963696369637,0.745648856977425,0.7916039603960396,/Users/haseebshafi/Documents/GitHub/Quadratic-Neurons-vs.-ReLU-How-Much-Nonlinearity-Is-Enough/Haseeb_trials/4_test/data_4seed/food101_l40s_8q8l2f_multiseed_28641700/seed_21/107_q_ls_r2_h1_lr1em4_wd0p0/food101/quad_dw/last_stage_rank_2/metrics.json
food101_l40s_8q8l2f_multiseed_28641700,21,food101,107_q_ls_r2_h1_lr1em4_wd0p0,107,Quadratic depthwise adapter,quad_dw,last_stage,2,yes,0.0001,0.0,3,0.661785008166096,0.8203696369636964,0.7476742613622458,0.7918811881188119,/Users/haseebshafi/Documents/GitHub/Quadratic-Neurons-vs.-ReLU-How-Much-Nonlinearity-Is-Enough/Haseeb_trials/4_test/data_4seed/food101_l40s_8q8l2f_multiseed_28641700/seed_21/107_q_ls_r2_h1_lr1em4_wd0p0/food101/quad_dw/last_stage_rank_2/metrics.json
food101_l40s_8q8l2f_multiseed_28641700,21,food101,107_q_ls_r2_h1_lr1em4_wd0p0,107,Quadratic depthwise adapter,quad_dw,last_stage,2,yes,0.0001,0.0,4,0.652594702637235,0.8229306930693069,0.7464780640908987,0.7918415841584159,/Users/haseebshafi/Documents/GitHub/Quadratic-Neurons-vs.-ReLU-How-Much-Nonlinearity-Is-Enough/Haseeb_trials/4_test/data_4seed/food101_l40s_8q8l2f_multiseed_28641700/seed_21/107_q_ls_r2_h1_lr1em4_wd0p0/food101/quad_dw/last_stage_rank_2/metrics.json
food101_l40s_8q8l2f_multiseed_28641700,21,food101,107_q_ls_r2_h1_lr1em4_wd0p0,107,Quadratic depthwise adapter,quad_dw,last_stage,2,yes,0.0001,0.0,5,0.6512389842244265,0.8233399339933993,0.746884133407385,0.7926336633663367,/Users/haseebshafi/Documents/GitHub/Quadratic-Neurons-vs.-ReLU-How-Much-Nonlinearity-Is-Enough/Haseeb_trials/4_test/data_4seed/food101_l40s_8q8l2f_multiseed_28641700/seed_21/107_q_ls_r2_h1_lr1em4_wd0p0/food101/quad_dw/last_stage_rank_2/metrics.json
food101_l40s_8q8l2f_multiseed_28641700,21,food101,107_q_ls_r2_h1_lr1em4_wd0p0,107,Quadratic depthwise adapter,quad_dw,last_stage,2,yes,0.0001,0.0,6,0.6439898469566119,0.8239207920792079,0.7471328165224284,0.7933069306930693,/Users/haseebshafi/Documents/GitHub/Quadratic-Neurons-vs.-ReLU-How-Much-Nonlinearity-Is-Enough/Haseeb_trials/4_test/data_4seed/food101_l40s_8q8l2f_multiseed_28641700/seed_21/107_q_ls_r2_h1_lr1em4_wd0p0/food101/quad_dw/last_stage_rank_2/metrics.json
food101_l40s_8q8l2f_multiseed_28641700,21,food101,107_q_ls_r2_h1_lr1em4_wd0p0,107,Quadratic depthwise adapter,quad_dw,last_stage,2,yes,0.0001,0.0,7,0.6377168025340971,0.8268118811881188,0.7482125780700457,0.7927128712871288,/Users/haseebshafi/Documents/GitHub/Quadratic-Neurons-vs.-ReLU-How-Much-Nonlinearity-Is-Enough/Haseeb_trials/4_test/data_4seed/food101_l40s_8q8l2f_multiseed_28641700/seed_21/107_q_ls_r2_h1_lr1em4_wd0p0/food101/quad_dw/last_stage_rank_2/metrics.json
food101_l40s_8q8l2f_multiseed_28641700,21,food101,107_q_ls_r2_h1_lr1em4_wd0p0,107,Quadratic depthwise adapter,quad_dw,last_stage,2,yes,0.0001,0.0,8,0.6338894476922038,0.8278943894389439,0.7491462604385791,0.7927128712871288,/Users/haseebshafi/Documents/GitHub/Quadratic-Neurons-vs.-ReLU-How-Much-Nonlinearity-Is-Enough/Haseeb_trials/4_test/data_4seed/food101_l40s_8q8l2f_multiseed_28641700/seed_21/107_q_ls_r2_h1_lr1em4_wd0p0/food101/quad_dw/last_stage_rank_2/metrics.json
food101_l40s_8q8l2f_multiseed_28641700,21,food101,107_q_ls_r2_h1_lr1em4_wd0p0,107,Quadratic depthwise adapter,quad_dw,last_stage,2,yes,0.0001,0.0,9,0.6300115505272013,0.827947194719472,0.7493955724782283,0.7922772277227723,/Users/haseebshafi/Documents/GitHub/Quadratic-Neurons-vs.-ReLU-How-Much-Nonlinearity-Is-Enough/Haseeb_trials/4_test/data_4seed/food101_l40s_8q8l2f_multiseed_28641700/seed_21/107_q_ls_r2_h1_lr1em4_wd0p0/food101/quad_dw/last_stage_rank_2/metrics.json
food101_l40s_8q8l2f_multiseed_28641700,21,food101,107_q_ls_r2_h1_lr1em4_wd0p0,107,Quadratic depthwise adapter,quad_dw,last_stage,2,yes,0.0001,0.0,10,0.6261574682622852,0.8287656765676568,0.7503172405309017,0.7923564356435644,/Users/haseebshafi/Documents/GitHub/Quadratic-Neurons-vs.-ReLU-How-Much-Nonlinearity-Is-Enough/Haseeb_trials/4_test/data_4seed/food101_l40s_8q8l2f_multiseed_28641700/seed_21/107_q_ls_r2_h1_lr1em4_wd0p0/food101/quad_dw/last_stage_rank_2/metrics.json
food101_l40s_8q8l2f_multiseed_28641700,21,food101,107_q_ls_r2_h1_lr1em4_wd0p0,107,Quadratic depthwise adapter,quad_dw,last_stage,2,yes,0.0001,0.0,11,0.6207308107295839,0.8308250825082508,0.7498891219006907,0.7925544554455446,/Users/haseebshafi/Documents/GitHub/Quadratic-Neurons-vs.-ReLU-How-Much-Nonlinearity-Is-Enough/Haseeb_trials/4_test/data_4seed/food101_l40s_8q8l2f_multiseed_28641700/seed_21/107_q_ls_r2_h1_lr1em4_wd0p0/food101/quad_dw/last_stage_rank_2/metrics.json
food101_l40s_8q8l2f_multiseed_28641700,21,food101,107_q_ls_r2_h1_lr1em4_wd0p0,107,Quadratic depthwise adapter,quad_dw,last_stage,2,yes,0.0001,0.0,12,0.6169613699645492,0.8315907590759076,0.7518245338307749,0.7921188118811882,/Users/haseebshafi/Documents/GitHub/Quadratic-Neurons-vs.-ReLU-How-Much-Nonlinearity-Is-Enough/Haseeb_trials/4_test/data_4seed/food101_l40s_8q8l2f_multiseed_28641700/seed_21/107_q_ls_r2_h1_lr1em4_wd0p0/food101/quad_dw/last_stage_rank_2/metrics.json
food101_l40s_8q8l2f_multiseed_28641700,21,food101,108_q_all_r2_h1_lr1em4_wd0p0,108,Quadratic depthwise adapter,quad_dw,all,2,yes,0.0001,0.0,1,0.6640443063561279,0.822019801980198,0.7137088567573245,0.8005544554455446,/Users/haseebshafi/Documents/GitHub/Quadratic-Neurons-vs.-ReLU-How-Much-Nonlinearity-Is-Enough/Haseeb_trials/4_test/data_4seed/food101_l40s_8q8l2f_multiseed_28641700/seed_21/108_q_all_r2_h1_lr1em4_wd0p0/food101/quad_dw/all_rank_2/metrics.json
food101_l40s_8q8l2f_multiseed_28641700,21,food101,108_q_all_r2_h1_lr1em4_wd0p0,108,Quadratic depthwise adapter,quad_dw,all,2,yes,0.0001,0.0,2,0.6346414737937474,0.8277095709570957,0.7068526628300695,0.8020990099009901,/Users/haseebshafi/Documents/GitHub/Quadratic-Neurons-vs.-ReLU-How-Much-Nonlinearity-Is-Enough/Haseeb_trials/4_test/data_4seed/food101_l40s_8q8l2f_multiseed_28641700/seed_21/108_q_all_r2_h1_lr1em4_wd0p0/food101/quad_dw/all_rank_2/metrics.json
food101_l40s_8q8l2f_multiseed_28641700,21,food101,108_q_all_r2_h1_lr1em4_wd0p0,108,Quadratic depthwise adapter,quad_dw,all,2,yes,0.0001,0.0,3,0.6196553658054214,0.8308382838283829,0.7020219706379541,0.8031287128712872,/Users/haseebshafi/Documents/GitHub/Quadratic-Neurons-vs.-ReLU-How-Much-Nonlinearity-Is-Enough/Haseeb_trials/4_test/data_4seed/food101_l40s_8q8l2f_multiseed_28641700/seed_21/108_q_all_r2_h1_lr1em4_wd0p0/food101/quad_dw/all_rank_2/metrics.json
food101_l40s_8q8l2f_multiseed_28641700,21,food101,108_q_all_r2_h1_lr1em4_wd0p0,108,Quadratic depthwise adapter,quad_dw,all,2,yes,0.0001,0.0,4,0.6068451900907083,0.8342838283828383,0.698517962144153,0.8042772277227723,/Users/haseebshafi/Documents/GitHub/Quadratic-Neurons-vs.-ReLU-How-Much-Nonlinearity-Is-Enough/Haseeb_trials/4_test/data_4seed/food101_l40s_8q8l2f_multiseed_28641700/seed_21/108_q_all_r2_h1_lr1em4_wd0p0/food101/quad_dw/all_rank_2/metrics.json
food101_l40s_8q8l2f_multiseed_28641700,21,food101,108_q_all_r2_h1_lr1em4_wd0p0,108,Quadratic depthwise adapter,quad_dw,all,2,yes,0.0001,0.0,5,0.5969053995506992,0.8368052805280528,0.6951981794834137,0.8060594059405941,/Users/haseebshafi/Documents/GitHub/Quadratic-Neurons-vs.-ReLU-How-Much-Nonlinearity-Is-Enough/Haseeb_trials/4_test/data_4seed/food101_l40s_8q8l2f_multiseed_28641700/seed_21/108_q_all_r2_h1_lr1em4_wd0p0/food101/quad_dw/all_rank_2/metrics.json
food101_l40s_8q8l2f_multiseed_28641700,21,food101,108_q_all_r2_h1_lr1em4_wd0p0,108,Quadratic depthwise adapter,quad_dw,all,2,yes,0.0001,0.0,6,0.585485133595986,0.840079207920792,0.6957093728580097,0.8057425742574258,/Users/haseebshafi/Documents/GitHub/Quadratic-Neurons-vs.-ReLU-How-Much-Nonlinearity-Is-Enough/Haseeb_trials/4_test/data_4seed/food101_l40s_8q8l2f_multiseed_28641700/seed_21/108_q_all_r2_h1_lr1em4_wd0p0/food101/quad_dw/all_rank_2/metrics.json
food101_l40s_8q8l2f_multiseed_28641700,21,food101,108_q_all_r2_h1_lr1em4_wd0p0,108,Quadratic depthwise adapter,quad_dw,all,2,yes,0.0001,0.0,7,0.5727984022149946,0.8445808580858086,0.6912980119993191,0.8074059405940595,/Users/haseebshafi/Documents/GitHub/Quadratic-Neurons-vs.-ReLU-How-Much-Nonlinearity-Is-Enough/Haseeb_trials/4_test/data_4seed/food101_l40s_8q8l2f_multiseed_28641700/seed_21/108_q_all_r2_h1_lr1em4_wd0p0/food101/quad_dw/all_rank_2/metrics.json
food101_l40s_8q8l2f_multiseed_28641700,21,food101,108_q_all_r2_h1_lr1em4_wd0p0,108,Quadratic depthwise adapter,quad_dw,all,2,yes,0.0001,0.0,8,0.5622473668485585,0.8465346534653465,0.690255174450355,0.8083168316831684,/Users/haseebshafi/Documents/GitHub/Quadratic-Neurons-vs.-ReLU-How-Much-Nonlinearity-Is-Enough/Haseeb_trials/4_test/data_4seed/food101_l40s_8q8l2f_multiseed_28641700/seed_21/108_q_all_r2_h1_lr1em4_wd0p0/food101/quad_dw/all_rank_2/metrics.json
food101_l40s_8q8l2f_multiseed_28641700,21,food101,108_q_all_r2_h1_lr1em4_wd0p0,108,Quadratic depthwise adapter,quad_dw,all,2,yes,0.0001,0.0,9,0.553331945276103,0.8491221122112211,0.6897625703929674,0.808990099009901,/Users/haseebshafi/Documents/GitHub/Quadratic-Neurons-vs.-ReLU-How-Much-Nonlinearity-Is-Enough/Haseeb_trials/4_test/data_4seed/food101_l40s_8q8l2f_multiseed_28641700/seed_21/108_q_all_r2_h1_lr1em4_wd0p0/food101/quad_dw/all_rank_2/metrics.json
food101_l40s_8q8l2f_multiseed_28641700,21,food101,108_q_all_r2_h1_lr1em4_wd0p0,108,Quadratic depthwise adapter,quad_dw,all,2,yes,0.0001,0.0,10,0.5395329708077333,0.85193399339934,0.6893204474779638,0.8095841584158416,/Users/haseebshafi/Documents/GitHub/Quadratic-Neurons-vs.-ReLU-How-Much-Nonlinearity-Is-Enough/Haseeb_trials/4_test/data_4seed/food101_l40s_8q8l2f_multiseed_28641700/seed_21/108_q_all_r2_h1_lr1em4_wd0p0/food101/quad_dw/all_rank_2/metrics.json
food101_l40s_8q8l2f_multiseed_28641700,21,food101,108_q_all_r2_h1_lr1em4_wd0p0,108,Quadratic depthwise adapter,quad_dw,all,2,yes,0.0001,0.0,11,0.5300352514490436,0.8547062706270627,0.6873719822746692,0.810930693069307,/Users/haseebshafi/Documents/GitHub/Quadratic-Neurons-vs.-ReLU-How-Much-Nonlinearity-Is-Enough/Haseeb_trials/4_test/data_4seed/food101_l40s_8q8l2f_multiseed_28641700/seed_21/108_q_all_r2_h1_lr1em4_wd0p0/food101/quad_dw/all_rank_2/metrics.json
food101_l40s_8q8l2f_multiseed_28641700,21,food101,108_q_all_r2_h1_lr1em4_wd0p0,108,Quadratic depthwise adapter,quad_dw,all,2,yes,0.0001,0.0,12,0.5196071459767055,0.8580726072607261,0.6881579759002913,0.810970297029703,/Users/haseebshafi/Documents/GitHub/Quadratic-Neurons-vs.-ReLU-How-Much-Nonlinearity-Is-Enough/Haseeb_trials/4_test/data_4seed/food101_l40s_8q8l2f_multiseed_28641700/seed_21/108_q_all_r2_h1_lr1em4_wd0p0/food101/quad_dw/all_rank_2/metrics.json
food101_l40s_8q8l2f_multiseed_28641700,21,food101,201_l_ls_r1_h0_lr1em3_wd0p0,201,LoRA depthwise adapter,lora_dw,last_stage,1,no,0.001,0.0,1,0.6777887606069987,0.8173861386138613,0.7536332569972123,0.788910891089109,/Users/haseebshafi/Documents/GitHub/Quadratic-Neurons-vs.-ReLU-How-Much-Nonlinearity-Is-Enough/Haseeb_trials/4_test/data_4seed/food101_l40s_8q8l2f_multiseed_28641700/seed_21/201_l_ls_r1_h0_lr1em3_wd0p0/food101/lora_dw/last_stage_rank_1/metrics.json
food101_l40s_8q8l2f_multiseed_28641700,21,food101,201_l_ls_r1_h0_lr1em3_wd0p0,201,LoRA depthwise adapter,lora_dw,last_stage,1,no,0.001,0.0,2,0.651974943996656,0.8212277227722772,0.7457842257471368,0.7925148514851486,/Users/haseebshafi/Documents/GitHub/Quadratic-Neurons-vs.-ReLU-How-Much-Nonlinearity-Is-Enough/Haseeb_trials/4_test/data_4seed/food101_l40s_8q8l2f_multiseed_28641700/seed_21/201_l_ls_r1_h0_lr1em3_wd0p0/food101/lora_dw/last_stage_rank_1/metrics.json
food101_l40s_8q8l2f_multiseed_28641700,21,food101,201_l_ls_r1_h0_lr1em3_wd0p0,201,LoRA depthwise adapter,lora_dw,last_stage,1,no,0.001,0.0,3,0.6362970236756227,0.8244620462046205,0.743520441189851,0.7946930693069307,/Users/haseebshafi/Documents/GitHub/Quadratic-Neurons-vs.-ReLU-How-Much-Nonlinearity-Is-Enough/Haseeb_trials/4_test/data_4seed/food101_l40s_8q8l2f_multiseed_28641700/seed_21/201_l_ls_r1_h0_lr1em3_wd0p0/food101/lora_dw/last_stage_rank_1/metrics.json
food101_l40s_8q8l2f_multiseed_28641700,21,food101,201_l_ls_r1_h0_lr1em3_wd0p0,201,LoRA depthwise adapter,lora_dw,last_stage,1,no,0.001,0.0,4,0.6149290187634258,0.8307062706270627,0.743415477738522,0.7944554455445545,/Users/haseebshafi/Documents/GitHub/Quadratic-Neurons-vs.-ReLU-How-Much-Nonlinearity-Is-Enough/Haseeb_trials/4_test/data_4seed/food101_l40s_8q8l2f_multiseed_28641700/seed_21/201_l_ls_r1_h0_lr1em3_wd0p0/food101/lora_dw/last_stage_rank_1/metrics.json
food101_l40s_8q8l2f_multiseed_28641700,21,food101,201_l_ls_r1_h0_lr1em3_wd0p0,201,LoRA depthwise adapter,lora_dw,last_stage,1,no,0.001,0.0,5,0.6028214403882672,0.8342442244224423,0.7440051414494467,0.795009900990099,/Users/haseebshafi/Documents/GitHub/Quadratic-Neurons-vs.-ReLU-How-Much-Nonlinearity-Is-Enough/Haseeb_trials/4_test/data_4seed/food101_l40s_8q8l2f_multiseed_28641700/seed_21/201_l_ls_r1_h0_lr1em3_wd0p0/food101/lora_dw/last_stage_rank_1/metrics.json
food101_l40s_8q8l2f_multiseed_28641700,21,food101,201_l_ls_r1_h0_lr1em3_wd0p0,201,LoRA depthwise adapter,lora_dw,last_stage,1,no,0.001,0.0,6,0.58759673436168,0.8387854785478548,0.7451727640251122,0.7946930693069307,/Users/haseebshafi/Documents/GitHub/Quadratic-Neurons-vs.-ReLU-How-Much-Nonlinearity-Is-Enough/Haseeb_trials/4_test/data_4seed/food101_l40s_8q8l2f_multiseed_28641700/seed_21/201_l_ls_r1_h0_lr1em3_wd0p0/food101/lora_dw/last_stage_rank_1/metrics.json
food101_l40s_8q8l2f_multiseed_28641700,21,food101,201_l_ls_r1_h0_lr1em3_wd0p0,201,LoRA depthwise adapter,lora_dw,last_stage,1,no,0.001,0.0,7,0.5722516108629334,0.8427194719471948,0.7477225216308443,0.7930693069306931,/Users/haseebshafi/Documents/GitHub/Quadratic-Neurons-vs.-ReLU-How-Much-Nonlinearity-Is-Enough/Haseeb_trials/4_test/data_4seed/food101_l40s_8q8l2f_multiseed_28641700/seed_21/201_l_ls_r1_h0_lr1em3_wd0p0/food101/lora_dw/last_stage_rank_1/metrics.json
food101_l40s_8q8l2f_multiseed_28641700,21,food101,201_l_ls_r1_h0_lr1em3_wd0p0,201,LoRA depthwise adapter,lora_dw,last_stage,1,no,0.001,0.0,8,0.5613365811499038,0.845993399339934,0.7515869904744743,0.7938217821782179,/Users/haseebshafi/Documents/GitHub/Quadratic-Neurons-vs.-ReLU-How-Much-Nonlinearity-Is-Enough/Haseeb_trials/4_test/data_4seed/food101_l40s_8q8l2f_multiseed_28641700/seed_21/201_l_ls_r1_h0_lr1em3_wd0p0/food101/lora_dw/last_stage_rank_1/metrics.json
food101_l40s_8q8l2f_multiseed_28641700,21,food101,201_l_ls_r1_h0_lr1em3_wd0p0,201,LoRA depthwise adapter,lora_dw,last_stage,1,no,0.001,0.0,9,0.5490149635056851,0.8508250825082508,0.7521221042670826,0.7932673267326733,/Users/haseebshafi/Documents/GitHub/Quadratic-Neurons-vs.-ReLU-How-Much-Nonlinearity-Is-Enough/Haseeb_trials/4_test/data_4seed/food101_l40s_8q8l2f_multiseed_28641700/seed_21/201_l_ls_r1_h0_lr1em3_wd0p0/food101/lora_dw/last_stage_rank_1/metrics.json
food101_l40s_8q8l2f_multiseed_28641700,21,food101,201_l_ls_r1_h0_lr1em3_wd0p0,201,LoRA depthwise adapter,lora_dw,last_stage,1,no,0.001,0.0,10,0.5379022899964462,0.853003300330033,0.7547741704553661,0.7928316831683169,/Users/haseebshafi/Documents/GitHub/Quadratic-Neurons-vs.-ReLU-How-Much-Nonlinearity-Is-Enough/Haseeb_trials/4_test/data_4seed/food101_l40s_8q8l2f_multiseed_28641700/seed_21/201_l_ls_r1_h0_lr1em3_wd0p0/food101/lora_dw/last_stage_rank_1/metrics.json
food101_l40s_8q8l2f_multiseed_28641700,21,food101,201_l_ls_r1_h0_lr1em3_wd0p0,201,LoRA depthwise adapter,lora_dw,last_stage,1,no,0.001,0.0,11,0.5296580123067296,0.8546006600660065,0.7605760754453074,0.7918415841584159,/Users/haseebshafi/Documents/GitHub/Quadratic-Neurons-vs.-ReLU-How-Much-Nonlinearity-Is-Enough/Haseeb_trials/4_test/data_4seed/food101_l40s_8q8l2f_multiseed_28641700/seed_21/201_l_ls_r1_h0_lr1em3_wd0p0/food101/lora_dw/last_stage_rank_1/metrics.json
food101_l40s_8q8l2f_multiseed_28641700,21,food101,201_l_ls_r1_h0_lr1em3_wd0p0,201,LoRA depthwise adapter,lora_dw,last_stage,1,no,0.001,0.0,12,0.5212517513977025,0.8571749174917491,0.7644151442593867,0.790019801980198,/Users/haseebshafi/Documents/GitHub/Quadratic-Neurons-vs.-ReLU-How-Much-Nonlinearity-Is-Enough/Haseeb_trials/4_test/data_4seed/food101_l40s_8q8l2f_multiseed_28641700/seed_21/201_l_ls_r1_h0_lr1em3_wd0p0/food101/lora_dw/last_stage_rank_1/metrics.json
food101_l40s_8q8l2f_multiseed_28641700,21,food101,202_l_ls_r2_h0_lr1em3_wd0p0,202,LoRA depthwise adapter,lora_dw,last_stage,2,no,0.001,0.0,1,0.6761984313659543,0.8160660066006601,0.750709526925984,0.7912079207920792,/Users/haseebshafi/Documents/GitHub/Quadratic-Neurons-vs.-ReLU-How-Much-Nonlinearity-Is-Enough/Haseeb_trials/4_test/data_4seed/food101_l40s_8q8l2f_multiseed_28641700/seed_21/202_l_ls_r2_h0_lr1em3_wd0p0/food101/lora_dw/last_stage_rank_2/metrics.json
food101_l40s_8q8l2f_multiseed_28641700,21,food101,202_l_ls_r2_h0_lr1em3_wd0p0,202,LoRA depthwise adapter,lora_dw,last_stage,2,no,0.001,0.0,2,0.6465932952610179,0.8233135313531353,0.7445638083561812,0.7936237623762377,/Users/haseebshafi/Documents/GitHub/Quadratic-Neurons-vs.-ReLU-How-Much-Nonlinearity-Is-Enough/Haseeb_trials/4_test/data_4seed/food101_l40s_8q8l2f_multiseed_28641700/seed_21/202_l_ls_r2_h0_lr1em3_wd0p0/food101/lora_dw/last_stage_rank_2/metrics.json
food101_l40s_8q8l2f_multiseed_28641700,21,food101,202_l_ls_r2_h0_lr1em3_wd0p0,202,LoRA depthwise adapter,lora_dw,last_stage,2,no,0.001,0.0,3,0.6260585017007569,0.827986798679868,0.7424581311598862,0.7938613861386139,/Users/haseebshafi/Documents/GitHub/Quadratic-Neurons-vs.-ReLU-How-Much-Nonlinearity-Is-Enough/Haseeb_trials/4_test/data_4seed/food101_l40s_8q8l2f_multiseed_28641700/seed_21/202_l_ls_r2_h0_lr1em3_wd0p0/food101/lora_dw/last_stage_rank_2/metrics.json
food101_l40s_8q8l2f_multiseed_28641700,21,food101,202_l_ls_r2_h0_lr1em3_wd0p0,202,LoRA depthwise adapter,lora_dw,last_stage,2,no,0.001,0.0,4,0.6020995140626486,0.8334785478547855,0.7415054561714135,0.793980198019802,/Users/haseebshafi/Documents/GitHub/Quadratic-Neurons-vs.-ReLU-How-Much-Nonlinearity-Is-Enough/Haseeb_trials/4_test/data_4seed/food101_l40s_8q8l2f_multiseed_28641700/seed_21/202_l_ls_r2_h0_lr1em3_wd0p0/food101/lora_dw/last_stage_rank_2/metrics.json
food101_l40s_8q8l2f_multiseed_28641700,21,food101,202_l_ls_r2_h0_lr1em3_wd0p0,202,LoRA depthwise adapter,lora_dw,last_stage,2,no,0.001,0.0,5,0.5897248223024626,0.8376237623762376,0.7452079063949019,0.7940990099009901,/Users/haseebshafi/Documents/GitHub/Quadratic-Neurons-vs.-ReLU-How-Much-Nonlinearity-Is-Enough/Haseeb_trials/4_test/data_4seed/food101_l40s_8q8l2f_multiseed_28641700/seed_21/202_l_ls_r2_h0_lr1em3_wd0p0/food101/lora_dw/last_stage_rank_2/metrics.json
food101_l40s_8q8l2f_multiseed_28641700,21,food101,202_l_ls_r2_h0_lr1em3_wd0p0,202,LoRA depthwise adapter,lora_dw,last_stage,2,no,0.001,0.0,6,0.5712872219951239,0.8431419141914192,0.7471097910876321,0.7952079207920792,/Users/haseebshafi/Documents/GitHub/Quadratic-Neurons-vs.-ReLU-How-Much-Nonlinearity-Is-Enough/Haseeb_trials/4_test/data_4seed/food101_l40s_8q8l2f_multiseed_28641700/seed_21/202_l_ls_r2_h0_lr1em3_wd0p0/food101/lora_dw/last_stage_rank_2/metrics.json
food101_l40s_8q8l2f_multiseed_28641700,21,food101,202_l_ls_r2_h0_lr1em3_wd0p0,202,LoRA depthwise adapter,lora_dw,last_stage,2,no,0.001,0.0,7,0.5545352908203705,0.8486204620462047,0.7540301840187299,0.7938217821782179,/Users/haseebshafi/Documents/GitHub/Quadratic-Neurons-vs.-ReLU-How-Much-Nonlinearity-Is-Enough/Haseeb_trials/4_test/data_4seed/food101_l40s_8q8l2f_multiseed_28641700/seed_21/202_l_ls_r2_h0_lr1em3_wd0p0/food101/lora_dw/last_stage_rank_2/metrics.json
food101_l40s_8q8l2f_multiseed_28641700,21,food101,202_l_ls_r2_h0_lr1em3_wd0p0,202,LoRA depthwise adapter,lora_dw,last_stage,2,no,0.001,0.0,8,0.542415022234712,0.8515247524752475,0.758283467111021,0.7940198019801981,/Users/haseebshafi/Documents/GitHub/Quadratic-Neurons-vs.-ReLU-How-Much-Nonlinearity-Is-Enough/Haseeb_trials/4_test/data_4seed/food101_l40s_8q8l2f_multiseed_28641700/seed_21/202_l_ls_r2_h0_lr1em3_wd0p0/food101/lora_dw/last_stage_rank_2/metrics.json
food101_l40s_8q8l2f_multiseed_28641700,21,food101,202_l_ls_r2_h0_lr1em3_wd0p0,202,LoRA depthwise adapter,lora_dw,last_stage,2,no,0.001,0.0,9,0.5345152831832961,0.8543894389438944,0.7600654673340297,0.7923960396039604,/Users/haseebshafi/Documents/GitHub/Quadratic-Neurons-vs.-ReLU-How-Much-Nonlinearity-Is-Enough/Haseeb_trials/4_test/data_4seed/food101_l40s_8q8l2f_multiseed_28641700/seed_21/202_l_ls_r2_h0_lr1em3_wd0p0/food101/lora_dw/last_stage_rank_2/metrics.json
food101_l40s_8q8l2f_multiseed_28641700,21,food101,202_l_ls_r2_h0_lr1em3_wd0p0,202,LoRA depthwise adapter,lora_dw,last_stage,2,no,0.001,0.0,10,0.5207762636760674,0.8579141914191419,0.7625986823115019,0.7930693069306931,/Users/haseebshafi/Documents/GitHub/Quadratic-Neurons-vs.-ReLU-How-Much-Nonlinearity-Is-Enough/Haseeb_trials/4_test/data_4seed/food101_l40s_8q8l2f_multiseed_28641700/seed_21/202_l_ls_r2_h0_lr1em3_wd0p0/food101/lora_dw/last_stage_rank_2/metrics.json
food101_l40s_8q8l2f_multiseed_28641700,21,food101,202_l_ls_r2_h0_lr1em3_wd0p0,202,LoRA depthwise adapter,lora_dw,last_stage,2,no,0.001,0.0,11,0.5100034350798075,0.8605544554455445,0.762415861240708,0.7939009900990099,/Users/haseebshafi/Documents/GitHub/Quadratic-Neurons-vs.-ReLU-How-Much-Nonlinearity-Is-Enough/Haseeb_trials/4_test/data_4seed/food101_l40s_8q8l2f_multiseed_28641700/seed_21/202_l_ls_r2_h0_lr1em3_wd0p0/food101/lora_dw/last_stage_rank_2/metrics.json
food101_l40s_8q8l2f_multiseed_28641700,21,food101,202_l_ls_r2_h0_lr1em3_wd0p0,202,LoRA depthwise adapter,lora_dw,last_stage,2,no,0.001,0.0,12,0.5013345750519151,0.8638811881188119,0.7686938220038272,0.7907326732673268,/Users/haseebshafi/Documents/GitHub/Quadratic-Neurons-vs.-ReLU-How-Much-Nonlinearity-Is-Enough/Haseeb_trials/4_test/data_4seed/food101_l40s_8q8l2f_multiseed_28641700/seed_21/202_l_ls_r2_h0_lr1em3_wd0p0/food101/lora_dw/last_stage_rank_2/metrics.json
food101_l40s_8q8l2f_multiseed_28641700,21,food101,203_l_ls_r4_h0_lr1em3_wd0p0,203,LoRA depthwise adapter,lora_dw,last_stage,4,no,0.001,0.0,1,0.669607601842471,0.8177953795379538,0.7474103564555102,0.7911287128712872,/Users/haseebshafi/Documents/GitHub/Quadratic-Neurons-vs.-ReLU-How-Much-Nonlinearity-Is-Enough/Haseeb_trials/4_test/data_4seed/food101_l40s_8q8l2f_multiseed_28641700/seed_21/203_l_ls_r4_h0_lr1em3_wd0p0/food101/lora_dw/last_stage_rank_4/metrics.json
food101_l40s_8q8l2f_multiseed_28641700,21,food101,203_l_ls_r4_h0_lr1em3_wd0p0,203,LoRA depthwise adapter,lora_dw,last_stage,4,no,0.001,0.0,2,0.6413136898833927,0.824039603960396,0.7441211854018788,0.7933465346534654,/Users/haseebshafi/Documents/GitHub/Quadratic-Neurons-vs.-ReLU-How-Much-Nonlinearity-Is-Enough/Haseeb_trials/4_test/data_4seed/food101_l40s_8q8l2f_multiseed_28641700/seed_21/203_l_ls_r4_h0_lr1em3_wd0p0/food101/lora_dw/last_stage_rank_4/metrics.json
food101_l40s_8q8l2f_multiseed_28641700,21,food101,203_l_ls_r4_h0_lr1em3_wd0p0,203,LoRA depthwise adapter,lora_dw,last_stage,4,no,0.001,0.0,3,0.6159506081873828,0.8306402640264027,0.7425913749803411,0.7931485148514852,/Users/haseebshafi/Documents/GitHub/Quadratic-Neurons-vs.-ReLU-How-Much-Nonlinearity-Is-Enough/Haseeb_trials/4_test/data_4seed/food101_l40s_8q8l2f_multiseed_28641700/seed_21/203_l_ls_r4_h0_lr1em3_wd0p0/food101/lora_dw/last_stage_rank_4/metrics.json
food101_l40s_8q8l2f_multiseed_28641700,21,food101,203_l_ls_r4_h0_lr1em3_wd0p0,203,LoRA depthwise adapter,lora_dw,last_stage,4,no,0.001,0.0,4,0.5919166142208742,0.8371485148514851,0.7449656135823467,0.7935841584158416,/Users/haseebshafi/Documents/GitHub/Quadratic-Neurons-vs.-ReLU-How-Much-Nonlinearity-Is-Enough/Haseeb_trials/4_test/data_4seed/food101_l40s_8q8l2f_multiseed_28641700/seed_21/203_l_ls_r4_h0_lr1em3_wd0p0/food101/lora_dw/last_stage_rank_4/metrics.json
food101_l40s_8q8l2f_multiseed_28641700,21,food101,203_l_ls_r4_h0_lr1em3_wd0p0,203,LoRA depthwise adapter,lora_dw,last_stage,4,no,0.001,0.0,5,0.5757049986741724,0.8425082508250825,0.7493510214007727,0.792990099009901,/Users/haseebshafi/Documents/GitHub/Quadratic-Neurons-vs.-ReLU-How-Much-Nonlinearity-Is-Enough/Haseeb_trials/4_test/data_4seed/food101_l40s_8q8l2f_multiseed_28641700/seed_21/203_l_ls_r4_h0_lr1em3_wd0p0/food101/lora_dw/last_stage_rank_4/metrics.json
food101_l40s_8q8l2f_multiseed_28641700,21,food101,203_l_ls_r4_h0_lr1em3_wd0p0,203,LoRA depthwise adapter,lora_dw,last_stage,4,no,0.001,0.0,6,0.5562365065337014,0.8473663366336633,0.7553798154439076,0.7925148514851486,/Users/haseebshafi/Documents/GitHub/Quadratic-Neurons-vs.-ReLU-How-Much-Nonlinearity-Is-Enough/Haseeb_trials/4_test/data_4seed/food101_l40s_8q8l2f_multiseed_28641700/seed_21/203_l_ls_r4_h0_lr1em3_wd0p0/food101/lora_dw/last_stage_rank_4/metrics.json
food101_l40s_8q8l2f_multiseed_28641700,21,food101,203_l_ls_r4_h0_lr1em3_wd0p0,203,LoRA depthwise adapter,lora_dw,last_stage,4,no,0.001,0.0,7,0.5461381007216551,0.8505214521452146,0.7574104028361859,0.7926336633663367,/Users/haseebshafi/Documents/GitHub/Quadratic-Neurons-vs.-ReLU-How-Much-Nonlinearity-Is-Enough/Haseeb_trials/4_test/data_4seed/food101_l40s_8q8l2f_multiseed_28641700/seed_21/203_l_ls_r4_h0_lr1em3_wd0p0/food101/lora_dw/last_stage_rank_4/metrics.json
food101_l40s_8q8l2f_multiseed_28641700,21,food101,203_l_ls_r4_h0_lr1em3_wd0p0,203,LoRA depthwise adapter,lora_dw,last_stage,4,no,0.001,0.0,8,0.5278636096232008,0.8554719471947194,0.7634472634933963,0.7916831683168317,/Users/haseebshafi/Documents/GitHub/Quadratic-Neurons-vs.-ReLU-How-Much-Nonlinearity-Is-Enough/Haseeb_trials/4_test/data_4seed/food101_l40s_8q8l2f_multiseed_28641700/seed_21/203_l_ls_r4_h0_lr1em3_wd0p0/food101/lora_dw/last_stage_rank_4/metrics.json
food101_l40s_8q8l2f_multiseed_28641700,21,food101,203_l_ls_r4_h0_lr1em3_wd0p0,203,LoRA depthwise adapter,lora_dw,last_stage,4,no,0.001,0.0,9,0.521561053220195,0.8585346534653465,0.7664029597881997,0.7913663366336634,/Users/haseebshafi/Documents/GitHub/Quadratic-Neurons-vs.-ReLU-How-Much-Nonlinearity-Is-Enough/Haseeb_trials/4_test/data_4seed/food101_l40s_8q8l2f_multiseed_28641700/seed_21/203_l_ls_r4_h0_lr1em3_wd0p0/food101/lora_dw/last_stage_rank_4/metrics.json
food101_l40s_8q8l2f_multiseed_28641700,21,food101,203_l_ls_r4_h0_lr1em3_wd0p0,203,LoRA depthwise adapter,lora_dw,last_stage,4,no,0.001,0.0,10,0.5106956249526625,0.8607128712871287,0.7671036953548394,0.7916831683168317,/Users/haseebshafi/Documents/GitHub/Quadratic-Neurons-vs.-ReLU-How-Much-Nonlinearity-Is-Enough/Haseeb_trials/4_test/data_4seed/food101_l40s_8q8l2f_multiseed_28641700/seed_21/203_l_ls_r4_h0_lr1em3_wd0p0/food101/lora_dw/last_stage_rank_4/metrics.json
food101_l40s_8q8l2f_multiseed_28641700,21,food101,203_l_ls_r4_h0_lr1em3_wd0p0,203,LoRA depthwise adapter,lora_dw,last_stage,4,no,0.001,0.0,11,0.4994300536794631,0.8633399339933994,0.7752349809915713,0.7896237623762377,/Users/haseebshafi/Documents/GitHub/Quadratic-Neurons-vs.-ReLU-How-Much-Nonlinearity-Is-Enough/Haseeb_trials/4_test/data_4seed/food101_l40s_8q8l2f_multiseed_28641700/seed_21/203_l_ls_r4_h0_lr1em3_wd0p0/food101/lora_dw/last_stage_rank_4/metrics.json
food101_l40s_8q8l2f_multiseed_28641700,21,food101,203_l_ls_r4_h0_lr1em3_wd0p0,203,LoRA depthwise adapter,lora_dw,last_stage,4,no,0.001,0.0,12,0.49371227308861887,0.8660726072607261,0.7776028105882135,0.7899009900990099,/Users/haseebshafi/Documents/GitHub/Quadratic-Neurons-vs.-ReLU-How-Much-Nonlinearity-Is-Enough/Haseeb_trials/4_test/data_4seed/food101_l40s_8q8l2f_multiseed_28641700/seed_21/203_l_ls_r4_h0_lr1em3_wd0p0/food101/lora_dw/last_stage_rank_4/metrics.json
food101_l40s_8q8l2f_multiseed_28641700,21,food101,204_l_ls_r2_h0_lr3em4_wd0p01,204,LoRA depthwise adapter,lora_dw,last_stage,2,no,0.0003,0.01,1,0.6870658877312941,0.8151551155115512,0.7589139500230846,0.7865742574257426,/Users/haseebshafi/Documents/GitHub/Quadratic-Neurons-vs.-ReLU-How-Much-Nonlinearity-Is-Enough/Haseeb_trials/4_test/data_4seed/food101_l40s_8q8l2f_multiseed_28641700/seed_21/204_l_ls_r2_h0_lr3em4_wd0p01/food101/lora_dw/last_stage_rank_2/metrics.json
food101_l40s_8q8l2f_multiseed_28641700,21,food101,204_l_ls_r2_h0_lr3em4_wd0p01,204,LoRA depthwise adapter,lora_dw,last_stage,2,no,0.0003,0.01,2,0.6654957686792505,0.8193267326732673,0.7538476950768197,0.7900594059405941,/Users/haseebshafi/Documents/GitHub/Quadratic-Neurons-vs.-ReLU-How-Much-Nonlinearity-Is-Enough/Haseeb_trials/4_test/data_4seed/food101_l40s_8q8l2f_multiseed_28641700/seed_21/204_l_ls_r2_h0_lr3em4_wd0p01/food101/lora_dw/last_stage_rank_2/metrics.json
food101_l40s_8q8l2f_multiseed_28641700,21,food101,204_l_ls_r2_h0_lr3em4_wd0p01,204,LoRA depthwise adapter,lora_dw,last_stage,2,no,0.0003,0.01,3,0.6554155810154704,0.8203564356435643,0.7501817299871162,0.7920792079207921,/Users/haseebshafi/Documents/GitHub/Quadratic-Neurons-vs.-ReLU-How-Much-Nonlinearity-Is-Enough/Haseeb_trials/4_test/data_4seed/food101_l40s_8q8l2f_multiseed_28641700/seed_21/204_l_ls_r2_h0_lr3em4_wd0p01/food101/lora_dw/last_stage_rank_2/metrics.json
food101_l40s_8q8l2f_multiseed_28641700,21,food101,204_l_ls_r2_h0_lr3em4_wd0p01,204,LoRA depthwise adapter,lora_dw,last_stage,2,no,0.0003,0.01,4,0.6421582764729414,0.8245016501650165,0.7470675539805157,0.7932673267326733,/Users/haseebshafi/Documents/GitHub/Quadratic-Neurons-vs.-ReLU-How-Much-Nonlinearity-Is-Enough/Haseeb_trials/4_test/data_4seed/food101_l40s_8q8l2f_multiseed_28641700/seed_21/204_l_ls_r2_h0_lr3em4_wd0p01/food101/lora_dw/last_stage_rank_2/metrics.json
food101_l40s_8q8l2f_multiseed_28641700,21,food101,204_l_ls_r2_h0_lr3em4_wd0p01,204,LoRA depthwise adapter,lora_dw,last_stage,2,no,0.0003,0.01,5,0.6384583104183965,0.8252541254125413,0.7458007968935636,0.7930297029702971,/Users/haseebshafi/Documents/GitHub/Quadratic-Neurons-vs.-ReLU-How-Much-Nonlinearity-Is-Enough/Haseeb_trials/4_test/data_4seed/food101_l40s_8q8l2f_multiseed_28641700/seed_21/204_l_ls_r2_h0_lr3em4_wd0p01/food101/lora_dw/last_stage_rank_2/metrics.json
food101_l40s_8q8l2f_multiseed_28641700,21,food101,204_l_ls_r2_h0_lr3em4_wd0p01,204,LoRA depthwise adapter,lora_dw,last_stage,2,no,0.0003,0.01,6,0.627304129869631,0.8274191419141914,0.7441566600988407,0.7937821782178218,/Users/haseebshafi/Documents/GitHub/Quadratic-Neurons-vs.-ReLU-How-Much-Nonlinearity-Is-Enough/Haseeb_trials/4_test/data_4seed/food101_l40s_8q8l2f_multiseed_28641700/seed_21/204_l_ls_r2_h0_lr3em4_wd0p01/food101/lora_dw/last_stage_rank_2/metrics.json
food101_l40s_8q8l2f_multiseed_28641700,21,food101,204_l_ls_r2_h0_lr3em4_wd0p01,204,LoRA depthwise adapter,lora_dw,last_stage,2,no,0.0003,0.01,7,0.6170941571882456,0.8312871287128712,0.7446301786946778,0.7943762376237624,/Users/haseebshafi/Documents/GitHub/Quadratic-Neurons-vs.-ReLU-How-Much-Nonlinearity-Is-Enough/Haseeb_trials/4_test/data_4seed/food101_l40s_8q8l2f_multiseed_28641700/seed_21/204_l_ls_r2_h0_lr3em4_wd0p01/food101/lora_dw/last_stage_rank_2/metrics.json
food101_l40s_8q8l2f_multiseed_28641700,21,food101,204_l_ls_r2_h0_lr3em4_wd0p01,204,LoRA depthwise adapter,lora_dw,last_stage,2,no,0.0003,0.01,8,0.6090443308943569,0.8334389438943894,0.7432347285983586,0.7951683168316832,/Users/haseebshafi/Documents/GitHub/Quadratic-Neurons-vs.-ReLU-How-Much-Nonlinearity-Is-Enough/Haseeb_trials/4_test/data_4seed/food101_l40s_8q8l2f_multiseed_28641700/seed_21/204_l_ls_r2_h0_lr3em4_wd0p01/food101/lora_dw/last_stage_rank_2/metrics.json
food101_l40s_8q8l2f_multiseed_28641700,21,food101,204_l_ls_r2_h0_lr3em4_wd0p01,204,LoRA depthwise adapter,lora_dw,last_stage,2,no,0.0003,0.01,9,0.6048286295157455,0.8332409240924092,0.7440986669299626,0.7946930693069307,/Users/haseebshafi/Documents/GitHub/Quadratic-Neurons-vs.-ReLU-How-Much-Nonlinearity-Is-Enough/Haseeb_trials/4_test/data_4seed/food101_l40s_8q8l2f_multiseed_28641700/seed_21/204_l_ls_r2_h0_lr3em4_wd0p01/food101/lora_dw/last_stage_rank_2/metrics.json
food101_l40s_8q8l2f_multiseed_28641700,21,food101,204_l_ls_r2_h0_lr3em4_wd0p01,204,LoRA depthwise adapter,lora_dw,last_stage,2,no,0.0003,0.01,10,0.5938421947428889,0.8363432343234324,0.7447992956425884,0.7940594059405941,/Users/haseebshafi/Documents/GitHub/Quadratic-Neurons-vs.-ReLU-How-Much-Nonlinearity-Is-Enough/Haseeb_trials/4_test/data_4seed/food101_l40s_8q8l2f_multiseed_28641700/seed_21/204_l_ls_r2_h0_lr3em4_wd0p01/food101/lora_dw/last_stage_rank_2/metrics.json
food101_l40s_8q8l2f_multiseed_28641700,21,food101,204_l_ls_r2_h0_lr3em4_wd0p01,204,LoRA depthwise adapter,lora_dw,last_stage,2,no,0.0003,0.01,11,0.5860071213693901,0.8382838283828383,0.7437449980608307,0.795009900990099,/Users/haseebshafi/Documents/GitHub/Quadratic-Neurons-vs.-ReLU-How-Much-Nonlinearity-Is-Enough/Haseeb_trials/4_test/data_4seed/food101_l40s_8q8l2f_multiseed_28641700/seed_21/204_l_ls_r2_h0_lr3em4_wd0p01/food101/lora_dw/last_stage_rank_2/metrics.json
food101_l40s_8q8l2f_multiseed_28641700,21,food101,204_l_ls_r2_h0_lr3em4_wd0p01,204,LoRA depthwise adapter,lora_dw,last_stage,2,no,0.0003,0.01,12,0.5782434441453159,0.8415973597359736,0.7459819799697045,0.7946534653465347,/Users/haseebshafi/Documents/GitHub/Quadratic-Neurons-vs.-ReLU-How-Much-Nonlinearity-Is-Enough/Haseeb_trials/4_test/data_4seed/food101_l40s_8q8l2f_multiseed_28641700/seed_21/204_l_ls_r2_h0_lr3em4_wd0p01/food101/lora_dw/last_stage_rank_2/metrics.json
food101_l40s_8q8l2f_multiseed_28641700,21,food101,205_l_all_r1_h0_lr3em4_wd0p0,205,LoRA depthwise adapter,lora_dw,all,1,no,0.0003,0.0,1,0.6622977124488,0.8206864686468647,0.7223806419821068,0.7975841584158416,/Users/haseebshafi/Documents/GitHub/Quadratic-Neurons-vs.-ReLU-How-Much-Nonlinearity-Is-Enough/Haseeb_trials/4_test/data_4seed/food101_l40s_8q8l2f_multiseed_28641700/seed_21/205_l_all_r1_h0_lr3em4_wd0p0/food101/lora_dw/all_rank_1/metrics.json
food101_l40s_8q8l2f_multiseed_28641700,21,food101,205_l_all_r1_h0_lr3em4_wd0p0,205,LoRA depthwise adapter,lora_dw,all,1,no,0.0003,0.0,2,0.6348509804250384,0.8256765676567657,0.7072509246934758,0.80190099009901,/Users/haseebshafi/Documents/GitHub/Quadratic-Neurons-vs.-ReLU-How-Much-Nonlinearity-Is-Enough/Haseeb_trials/4_test/data_4seed/food101_l40s_8q8l2f_multiseed_28641700/seed_21/205_l_all_r1_h0_lr3em4_wd0p0/food101/lora_dw/all_rank_1/metrics.json
food101_l40s_8q8l2f_multiseed_28641700,21,food101,205_l_all_r1_h0_lr3em4_wd0p0,205,LoRA depthwise adapter,lora_dw,all,1,no,0.0003,0.0,3,0.6120359751902791,0.8329108910891089,0.6972281480354838,0.8053465346534654,/Users/haseebshafi/Documents/GitHub/Quadratic-Neurons-vs.-ReLU-How-Much-Nonlinearity-Is-Enough/Haseeb_trials/4_test/data_4seed/food101_l40s_8q8l2f_multiseed_28641700/seed_21/205_l_all_r1_h0_lr3em4_wd0p0/food101/lora_dw/all_rank_1/metrics.json
food101_l40s_8q8l2f_multiseed_28641700,21,food101,205_l_all_r1_h0_lr3em4_wd0p0,205,LoRA depthwise adapter,lora_dw,all,1,no,0.0003,0.0,4,0.5916598501787721,0.8375577557755776,0.6930534660013595,0.8062178217821783,/Users/haseebshafi/Documents/GitHub/Quadratic-Neurons-vs.-ReLU-How-Much-Nonlinearity-Is-Enough/Haseeb_trials/4_test/data_4seed/food101_l40s_8q8l2f_multiseed_28641700/seed_21/205_l_all_r1_h0_lr3em4_wd0p0/food101/lora_dw/all_rank_1/metrics.json
food101_l40s_8q8l2f_multiseed_28641700,21,food101,205_l_all_r1_h0_lr3em4_wd0p0,205,LoRA depthwise adapter,lora_dw,all,1,no,0.0003,0.0,5,0.580407778027034,0.8404620462046205,0.6866384975438071,0.8086336633663367,/Users/haseebshafi/Documents/GitHub/Quadratic-Neurons-vs.-ReLU-How-Much-Nonlinearity-Is-Enough/Haseeb_trials/4_test/data_4seed/food101_l40s_8q8l2f_multiseed_28641700/seed_21/205_l_all_r1_h0_lr3em4_wd0p0/food101/lora_dw/all_rank_1/metrics.json
food101_l40s_8q8l2f_multiseed_28641700,21,food101,205_l_all_r1_h0_lr3em4_wd0p0,205,LoRA depthwise adapter,lora_dw,all,1,no,0.0003,0.0,6,0.5600012388638538,0.846996699669967,0.6842700790273081,0.8094653465346535,/Users/haseebshafi/Documents/GitHub/Quadratic-Neurons-vs.-ReLU-How-Much-Nonlinearity-Is-Enough/Haseeb_trials/4_test/data_4seed/food101_l40s_8q8l2f_multiseed_28641700/seed_21/205_l_all_r1_h0_lr3em4_wd0p0/food101/lora_dw/all_rank_1/metrics.json
food101_l40s_8q8l2f_multiseed_28641700,21,food101,205_l_all_r1_h0_lr3em4_wd0p0,205,LoRA depthwise adapter,lora_dw,all,1,no,0.0003,0.0,7,0.5422800460349608,0.8516699669966997,0.685862032248242,0.8100198019801981,/Users/haseebshafi/Documents/GitHub/Quadratic-Neurons-vs.-ReLU-How-Much-Nonlinearity-Is-Enough/Haseeb_trials/4_test/data_4seed/food101_l40s_8q8l2f_multiseed_28641700/seed_21/205_l_all_r1_h0_lr3em4_wd0p0/food101/lora_dw/all_rank_1/metrics.json
food101_l40s_8q8l2f_multiseed_28641700,21,food101,205_l_all_r1_h0_lr3em4_wd0p0,205,LoRA depthwise adapter,lora_dw,all,1,no,0.0003,0.0,8,0.5280875325848167,0.8555511551155115,0.6840937057556492,0.8101782178217822,/Users/haseebshafi/Documents/GitHub/Quadratic-Neurons-vs.-ReLU-How-Much-Nonlinearity-Is-Enough/Haseeb_trials/4_test/data_4seed/food101_l40s_8q8l2f_multiseed_28641700/seed_21/205_l_all_r1_h0_lr3em4_wd0p0/food101/lora_dw/all_rank_1/metrics.json
food101_l40s_8q8l2f_multiseed_28641700,21,food101,205_l_all_r1_h0_lr3em4_wd0p0,205,LoRA depthwise adapter,lora_dw,all,1,no,0.0003,0.0,9,0.5133855075930605,0.8611353135313531,0.6849777752078405,0.8104158415841585,/Users/haseebshafi/Documents/GitHub/Quadratic-Neurons-vs.-ReLU-How-Much-Nonlinearity-Is-Enough/Haseeb_trials/4_test/data_4seed/food101_l40s_8q8l2f_multiseed_28641700/seed_21/205_l_all_r1_h0_lr3em4_wd0p0/food101/lora_dw/all_rank_1/metrics.json
food101_l40s_8q8l2f_multiseed_28641700,21,food101,205_l_all_r1_h0_lr3em4_wd0p0,205,LoRA depthwise adapter,lora_dw,all,1,no,0.0003,0.0,10,0.49528366117823636,0.8642640264026402,0.6866374121632907,0.8108118811881189,/Users/haseebshafi/Documents/GitHub/Quadratic-Neurons-vs.-ReLU-How-Much-Nonlinearity-Is-Enough/Haseeb_trials/4_test/data_4seed/food101_l40s_8q8l2f_multiseed_28641700/seed_21/205_l_all_r1_h0_lr3em4_wd0p0/food101/lora_dw/all_rank_1/metrics.json
food101_l40s_8q8l2f_multiseed_28641700,21,food101,205_l_all_r1_h0_lr3em4_wd0p0,205,LoRA depthwise adapter,lora_dw,all,1,no,0.0003,0.0,11,0.4789679797049796,0.8686600660066006,0.6879575962548209,0.8102970297029704,/Users/haseebshafi/Documents/GitHub/Quadratic-Neurons-vs.-ReLU-How-Much-Nonlinearity-Is-Enough/Haseeb_trials/4_test/data_4seed/food101_l40s_8q8l2f_multiseed_28641700/seed_21/205_l_all_r1_h0_lr3em4_wd0p0/food101/lora_dw/all_rank_1/metrics.json
food101_l40s_8q8l2f_multiseed_28641700,21,food101,205_l_all_r1_h0_lr3em4_wd0p0,205,LoRA depthwise adapter,lora_dw,all,1,no,0.0003,0.0,12,0.4660495953103497,0.8737293729372937,0.6908015267966997,0.8103762376237624,/Users/haseebshafi/Documents/GitHub/Quadratic-Neurons-vs.-ReLU-How-Much-Nonlinearity-Is-Enough/Haseeb_trials/4_test/data_4seed/food101_l40s_8q8l2f_multiseed_28641700/seed_21/205_l_all_r1_h0_lr3em4_wd0p0/food101/lora_dw/all_rank_1/metrics.json
food101_l40s_8q8l2f_multiseed_28641700,21,food101,206_l_all_r2_h0_lr3em4_wd0p0,206,LoRA depthwise adapter,lora_dw,all,2,no,0.0003,0.0,1,0.6564356417640208,0.8218745874587459,0.7146048198053152,0.8000396039603961,/Users/haseebshafi/Documents/GitHub/Quadratic-Neurons-vs.-ReLU-How-Much-Nonlinearity-Is-Enough/Haseeb_trials/4_test/data_4seed/food101_l40s_8q8l2f_multiseed_28641700/seed_21/206_l_all_r2_h0_lr3em4_wd0p0/food101/lora_dw/all_rank_2/metrics.json
food101_l40s_8q8l2f_multiseed_28641700,21,food101,206_l_all_r2_h0_lr3em4_wd0p0,206,LoRA depthwise adapter,lora_dw,all,2,no,0.0003,0.0,2,0.6233742418517374,0.8294125412541254,0.6990233390000787,0.8055841584158416,/Users/haseebshafi/Documents/GitHub/Quadratic-Neurons-vs.-ReLU-How-Much-Nonlinearity-Is-Enough/Haseeb_trials/4_test/data_4seed/food101_l40s_8q8l2f_multiseed_28641700/seed_21/206_l_all_r2_h0_lr3em4_wd0p0/food101/lora_dw/all_rank_2/metrics.json
food101_l40s_8q8l2f_multiseed_28641700,21,food101,206_l_all_r2_h0_lr3em4_wd0p0,206,LoRA depthwise adapter,lora_dw,all,2,no,0.0003,0.0,3,0.600024983006342,0.8361848184818482,0.6901354048865856,0.8086336633663367,/Users/haseebshafi/Documents/GitHub/Quadratic-Neurons-vs.-ReLU-How-Much-Nonlinearity-Is-Enough/Haseeb_trials/4_test/data_4seed/food101_l40s_8q8l2f_multiseed_28641700/seed_21/206_l_all_r2_h0_lr3em4_wd0p0/food101/lora_dw/all_rank_2/metrics.json
food101_l40s_8q8l2f_multiseed_28641700,21,food101,206_l_all_r2_h0_lr3em4_wd0p0,206,LoRA depthwise adapter,lora_dw,all,2,no,0.0003,0.0,4,0.5758735451619618,0.8426666666666667,0.6850840106246495,0.8097029702970298,/Users/haseebshafi/Documents/GitHub/Quadratic-Neurons-vs.-ReLU-How-Much-Nonlinearity-Is-Enough/Haseeb_trials/4_test/data_4seed/food101_l40s_8q8l2f_multiseed_28641700/seed_21/206_l_all_r2_h0_lr3em4_wd0p0/food101/lora_dw/all_rank_2/metrics.json
food101_l40s_8q8l2f_multiseed_28641700,21,food101,206_l_all_r2_h0_lr3em4_wd0p0,206,LoRA depthwise adapter,lora_dw,all,2,no,0.0003,0.0,5,0.5503023802423634,0.8486600660066007,0.6835375135865542,0.8104950495049505,/Users/haseebshafi/Documents/GitHub/Quadratic-Neurons-vs.-ReLU-How-Much-Nonlinearity-Is-Enough/Haseeb_trials/4_test/data_4seed/food101_l40s_8q8l2f_multiseed_28641700/seed_21/206_l_all_r2_h0_lr3em4_wd0p0/food101/lora_dw/all_rank_2/metrics.json
food101_l40s_8q8l2f_multiseed_28641700,21,food101,206_l_all_r2_h0_lr3em4_wd0p0,206,LoRA depthwise adapter,lora_dw,all,2,no,0.0003,0.0,6,0.5285478409619221,0.8556699669966996,0.6819518055042418,0.810891089108911,/Users/haseebshafi/Documents/GitHub/Quadratic-Neurons-vs.-ReLU-How-Much-Nonlinearity-Is-Enough/Haseeb_trials/4_test/data_4seed/food101_l40s_8q8l2f_multiseed_28641700/seed_21/206_l_all_r2_h0_lr3em4_wd0p0/food101/lora_dw/all_rank_2/metrics.json
food101_l40s_8q8l2f_multiseed_28641700,21,food101,206_l_all_r2_h0_lr3em4_wd0p0,206,LoRA depthwise adapter,lora_dw,all,2,no,0.0003,0.0,7,0.5100035184665088,0.8603168316831683,0.6811474707858397,0.8123564356435644,/Users/haseebshafi/Documents/GitHub/Quadratic-Neurons-vs.-ReLU-How-Much-Nonlinearity-Is-Enough/Haseeb_trials/4_test/data_4seed/food101_l40s_8q8l2f_multiseed_28641700/seed_21/206_l_all_r2_h0_lr3em4_wd0p0/food101/lora_dw/all_rank_2/metrics.json
food101_l40s_8q8l2f_multiseed_28641700,21,food101,206_l_all_r2_h0_lr3em4_wd0p0,206,LoRA depthwise adapter,lora_dw,all,2,no,0.0003,0.0,8,0.4856027849798549,0.8667590759075907,0.6858951435868103,0.8111287128712872,/Users/haseebshafi/Documents/GitHub/Quadratic-Neurons-vs.-ReLU-How-Much-Nonlinearity-Is-Enough/Haseeb_trials/4_test/data_4seed/food101_l40s_8q8l2f_multiseed_28641700/seed_21/206_l_all_r2_h0_lr3em4_wd0p0/food101/lora_dw/all_rank_2/metrics.json
food101_l40s_8q8l2f_multiseed_28641700,21,food101,206_l_all_r2_h0_lr3em4_wd0p0,206,LoRA depthwise adapter,lora_dw,all,2,no,0.0003,0.0,9,0.4673696640765313,0.8721716171617162,0.691058582891332,0.8105346534653466,/Users/haseebshafi/Documents/GitHub/Quadratic-Neurons-vs.-ReLU-How-Much-Nonlinearity-Is-Enough/Haseeb_trials/4_test/data_4seed/food101_l40s_8q8l2f_multiseed_28641700/seed_21/206_l_all_r2_h0_lr3em4_wd0p0/food101/lora_dw/all_rank_2/metrics.json
food101_l40s_8q8l2f_multiseed_28641700,21,food101,206_l_all_r2_h0_lr3em4_wd0p0,206,LoRA depthwise adapter,lora_dw,all,2,no,0.0003,0.0,10,0.44876290585577683,0.8784686468646865,0.6931484961273646,0.8102178217821783,/Users/haseebshafi/Documents/GitHub/Quadratic-Neurons-vs.-ReLU-How-Much-Nonlinearity-Is-Enough/Haseeb_trials/4_test/data_4seed/food101_l40s_8q8l2f_multiseed_28641700/seed_21/206_l_all_r2_h0_lr3em4_wd0p0/food101/lora_dw/all_rank_2/metrics.json
food101_l40s_8q8l2f_multiseed_28641700,21,food101,206_l_all_r2_h0_lr3em4_wd0p0,206,LoRA depthwise adapter,lora_dw,all,2,no,0.0003,0.0,11,0.43191579697706517,0.8825478547854786,0.6984145290143419,0.809980198019802,/Users/haseebshafi/Documents/GitHub/Quadratic-Neurons-vs.-ReLU-How-Much-Nonlinearity-Is-Enough/Haseeb_trials/4_test/data_4seed/food101_l40s_8q8l2f_multiseed_28641700/seed_21/206_l_all_r2_h0_lr3em4_wd0p0/food101/lora_dw/all_rank_2/metrics.json
food101_l40s_8q8l2f_multiseed_28641700,21,food101,206_l_all_r2_h0_lr3em4_wd0p0,206,LoRA depthwise adapter,lora_dw,all,2,no,0.0003,0.0,12,0.41423519588539703,0.8872475247524753,0.7016129707416685,0.8088316831683169,/Users/haseebshafi/Documents/GitHub/Quadratic-Neurons-vs.-ReLU-How-Much-Nonlinearity-Is-Enough/Haseeb_trials/4_test/data_4seed/food101_l40s_8q8l2f_multiseed_28641700/seed_21/206_l_all_r2_h0_lr3em4_wd0p0/food101/lora_dw/all_rank_2/metrics.json
food101_l40s_8q8l2f_multiseed_28641700,21,food101,207_l_ls_r2_h1_lr1em4_wd0p0,207,LoRA depthwise adapter,lora_dw,last_stage,2,yes,0.0001,0.0,1,0.6910169469783015,0.8168712871287128,0.750936503400897,0.7897425742574258,/Users/haseebshafi/Documents/GitHub/Quadratic-Neurons-vs.-ReLU-How-Much-Nonlinearity-Is-Enough/Haseeb_trials/4_test/data_4seed/food101_l40s_8q8l2f_multiseed_28641700/seed_21/207_l_ls_r2_h1_lr1em4_wd0p0/food101/lora_dw/last_stage_rank_2/metrics.json
food101_l40s_8q8l2f_multiseed_28641700,21,food101,207_l_ls_r2_h1_lr1em4_wd0p0,207,LoRA depthwise adapter,lora_dw,last_stage,2,yes,0.0001,0.0,2,0.6723397093212644,0.820963696369637,0.746085945171885,0.7916831683168317,/Users/haseebshafi/Documents/GitHub/Quadratic-Neurons-vs.-ReLU-How-Much-Nonlinearity-Is-Enough/Haseeb_trials/4_test/data_4seed/food101_l40s_8q8l2f_multiseed_28641700/seed_21/207_l_ls_r2_h1_lr1em4_wd0p0/food101/lora_dw/last_stage_rank_2/metrics.json
food101_l40s_8q8l2f_multiseed_28641700,21,food101,207_l_ls_r2_h1_lr1em4_wd0p0,207,LoRA depthwise adapter,lora_dw,last_stage,2,yes,0.0001,0.0,3,0.662908265954197,0.8208580858085809,0.7461082754961335,0.7916435643564357,/Users/haseebshafi/Documents/GitHub/Quadratic-Neurons-vs.-ReLU-How-Much-Nonlinearity-Is-Enough/Haseeb_trials/4_test/data_4seed/food101_l40s_8q8l2f_multiseed_28641700/seed_21/207_l_ls_r2_h1_lr1em4_wd0p0/food101/lora_dw/last_stage_rank_2/metrics.json
food101_l40s_8q8l2f_multiseed_28641700,21,food101,207_l_ls_r2_h1_lr1em4_wd0p0,207,LoRA depthwise adapter,lora_dw,last_stage,2,yes,0.0001,0.0,4,0.6527896726627161,0.8233267326732673,0.7450443701744079,0.7928316831683169,/Users/haseebshafi/Documents/GitHub/Quadratic-Neurons-vs.-ReLU-How-Much-Nonlinearity-Is-Enough/Haseeb_trials/4_test/data_4seed/food101_l40s_8q8l2f_multiseed_28641700/seed_21/207_l_ls_r2_h1_lr1em4_wd0p0/food101/lora_dw/last_stage_rank_2/metrics.json
food101_l40s_8q8l2f_multiseed_28641700,21,food101,207_l_ls_r2_h1_lr1em4_wd0p0,207,LoRA depthwise adapter,lora_dw,last_stage,2,yes,0.0001,0.0,5,0.653420975115433,0.8218085808580858,0.7459288012603722,0.7934257425742575,/Users/haseebshafi/Documents/GitHub/Quadratic-Neurons-vs.-ReLU-How-Much-Nonlinearity-Is-Enough/Haseeb_trials/4_test/data_4seed/food101_l40s_8q8l2f_multiseed_28641700/seed_21/207_l_ls_r2_h1_lr1em4_wd0p0/food101/lora_dw/last_stage_rank_2/metrics.json
food101_l40s_8q8l2f_multiseed_28641700,21,food101,207_l_ls_r2_h1_lr1em4_wd0p0,207,LoRA depthwise adapter,lora_dw,last_stage,2,yes,0.0001,0.0,6,0.6444270320631097,0.8247920792079207,0.7457618637155778,0.792990099009901,/Users/haseebshafi/Documents/GitHub/Quadratic-Neurons-vs.-ReLU-How-Much-Nonlinearity-Is-Enough/Haseeb_trials/4_test/data_4seed/food101_l40s_8q8l2f_multiseed_28641700/seed_21/207_l_ls_r2_h1_lr1em4_wd0p0/food101/lora_dw/last_stage_rank_2/metrics.json
food101_l40s_8q8l2f_multiseed_28641700,21,food101,207_l_ls_r2_h1_lr1em4_wd0p0,207,LoRA depthwise adapter,lora_dw,last_stage,2,yes,0.0001,0.0,7,0.6387759161923978,0.8264950495049505,0.7456314900275505,0.792990099009901,/Users/haseebshafi/Documents/GitHub/Quadratic-Neurons-vs.-ReLU-How-Much-Nonlinearity-Is-Enough/Haseeb_trials/4_test/data_4seed/food101_l40s_8q8l2f_multiseed_28641700/seed_21/207_l_ls_r2_h1_lr1em4_wd0p0/food101/lora_dw/last_stage_rank_2/metrics.json
food101_l40s_8q8l2f_multiseed_28641700,21,food101,207_l_ls_r2_h1_lr1em4_wd0p0,207,LoRA depthwise adapter,lora_dw,last_stage,2,yes,0.0001,0.0,8,0.6327146661446826,0.8279207920792079,0.7448206106436135,0.7937029702970297,/Users/haseebshafi/Documents/GitHub/Quadratic-Neurons-vs.-ReLU-How-Much-Nonlinearity-Is-Enough/Haseeb_trials/4_test/data_4seed/food101_l40s_8q8l2f_multiseed_28641700/seed_21/207_l_ls_r2_h1_lr1em4_wd0p0/food101/lora_dw/last_stage_rank_2/metrics.json
food101_l40s_8q8l2f_multiseed_28641700,21,food101,207_l_ls_r2_h1_lr1em4_wd0p0,207,LoRA depthwise adapter,lora_dw,last_stage,2,yes,0.0001,0.0,9,0.6315058340695825,0.8274191419141914,0.7450733594540322,0.7938613861386139,/Users/haseebshafi/Documents/GitHub/Quadratic-Neurons-vs.-ReLU-How-Much-Nonlinearity-Is-Enough/Haseeb_trials/4_test/data_4seed/food101_l40s_8q8l2f_multiseed_28641700/seed_21/207_l_ls_r2_h1_lr1em4_wd0p0/food101/lora_dw/last_stage_rank_2/metrics.json
food101_l40s_8q8l2f_multiseed_28641700,21,food101,207_l_ls_r2_h1_lr1em4_wd0p0,207,LoRA depthwise adapter,lora_dw,last_stage,2,yes,0.0001,0.0,10,0.6232080612812105,0.8287788778877888,0.7447982409472512,0.7948118811881189,/Users/haseebshafi/Documents/GitHub/Quadratic-Neurons-vs.-ReLU-How-Much-Nonlinearity-Is-Enough/Haseeb_trials/4_test/data_4seed/food101_l40s_8q8l2f_multiseed_28641700/seed_21/207_l_ls_r2_h1_lr1em4_wd0p0/food101/lora_dw/last_stage_rank_2/metrics.json
food101_l40s_8q8l2f_multiseed_28641700,21,food101,207_l_ls_r2_h1_lr1em4_wd0p0,207,LoRA depthwise adapter,lora_dw,last_stage,2,yes,0.0001,0.0,11,0.6181652618807928,0.8314455445544554,0.7444175679258781,0.794970297029703,/Users/haseebshafi/Documents/GitHub/Quadratic-Neurons-vs.-ReLU-How-Much-Nonlinearity-Is-Enough/Haseeb_trials/4_test/data_4seed/food101_l40s_8q8l2f_multiseed_28641700/seed_21/207_l_ls_r2_h1_lr1em4_wd0p0/food101/lora_dw/last_stage_rank_2/metrics.json
food101_l40s_8q8l2f_multiseed_28641700,21,food101,207_l_ls_r2_h1_lr1em4_wd0p0,207,LoRA depthwise adapter,lora_dw,last_stage,2,yes,0.0001,0.0,12,0.6142875704245992,0.8331089108910891,0.7434277777246909,0.795960396039604,/Users/haseebshafi/Documents/GitHub/Quadratic-Neurons-vs.-ReLU-How-Much-Nonlinearity-Is-Enough/Haseeb_trials/4_test/data_4seed/food101_l40s_8q8l2f_multiseed_28641700/seed_21/207_l_ls_r2_h1_lr1em4_wd0p0/food101/lora_dw/last_stage_rank_2/metrics.json
food101_l40s_8q8l2f_multiseed_28641700,21,food101,208_l_all_r2_h1_lr1em4_wd0p0,208,LoRA depthwise adapter,lora_dw,all,2,yes,0.0001,0.0,1,0.6711385831943046,0.8202508250825082,0.7199039230559132,0.798970297029703,/Users/haseebshafi/Documents/GitHub/Quadratic-Neurons-vs.-ReLU-How-Much-Nonlinearity-Is-Enough/Haseeb_trials/4_test/data_4seed/food101_l40s_8q8l2f_multiseed_28641700/seed_21/208_l_all_r2_h1_lr1em4_wd0p0/food101/lora_dw/all_rank_2/metrics.json
food101_l40s_8q8l2f_multiseed_28641700,21,food101,208_l_all_r2_h1_lr1em4_wd0p0,208,LoRA depthwise adapter,lora_dw,all,2,yes,0.0001,0.0,2,0.6390458991393791,0.8262178217821782,0.7066189224507549,0.801940594059406,/Users/haseebshafi/Documents/GitHub/Quadratic-Neurons-vs.-ReLU-How-Much-Nonlinearity-Is-Enough/Haseeb_trials/4_test/data_4seed/food101_l40s_8q8l2f_multiseed_28641700/seed_21/208_l_all_r2_h1_lr1em4_wd0p0/food101/lora_dw/all_rank_2/metrics.json
food101_l40s_8q8l2f_multiseed_28641700,21,food101,208_l_all_r2_h1_lr1em4_wd0p0,208,LoRA depthwise adapter,lora_dw,all,2,yes,0.0001,0.0,3,0.6236157861401146,0.8305082508250825,0.7004661419462449,0.804910891089109,/Users/haseebshafi/Documents/GitHub/Quadratic-Neurons-vs.-ReLU-How-Much-Nonlinearity-Is-Enough/Haseeb_trials/4_test/data_4seed/food101_l40s_8q8l2f_multiseed_28641700/seed_21/208_l_all_r2_h1_lr1em4_wd0p0/food101/lora_dw/all_rank_2/metrics.json
food101_l40s_8q8l2f_multiseed_28641700,21,food101,208_l_all_r2_h1_lr1em4_wd0p0,208,LoRA depthwise adapter,lora_dw,all,2,yes,0.0001,0.0,4,0.6095829065735191,0.8328580858085809,0.6960818924856658,0.8062574257425743,/Users/haseebshafi/Documents/GitHub/Quadratic-Neurons-vs.-ReLU-How-Much-Nonlinearity-Is-Enough/Haseeb_trials/4_test/data_4seed/food101_l40s_8q8l2f_multiseed_28641700/seed_21/208_l_all_r2_h1_lr1em4_wd0p0/food101/lora_dw/all_rank_2/metrics.json
food101_l40s_8q8l2f_multiseed_28641700,21,food101,208_l_all_r2_h1_lr1em4_wd0p0,208,LoRA depthwise adapter,lora_dw,all,2,yes,0.0001,0.0,5,0.5954181633499196,0.8376897689768977,0.6921051135110383,0.8071287128712872,/Users/haseebshafi/Documents/GitHub/Quadratic-Neurons-vs.-ReLU-How-Much-Nonlinearity-Is-Enough/Haseeb_trials/4_test/data_4seed/food101_l40s_8q8l2f_multiseed_28641700/seed_21/208_l_all_r2_h1_lr1em4_wd0p0/food101/lora_dw/all_rank_2/metrics.json
food101_l40s_8q8l2f_multiseed_28641700,21,food101,208_l_all_r2_h1_lr1em4_wd0p0,208,LoRA depthwise adapter,lora_dw,all,2,yes,0.0001,0.0,6,0.5859081655996468,0.8393927392739274,0.6881732115745545,0.8080792079207921,/Users/haseebshafi/Documents/GitHub/Quadratic-Neurons-vs.-ReLU-How-Much-Nonlinearity-Is-Enough/Haseeb_trials/4_test/data_4seed/food101_l40s_8q8l2f_multiseed_28641700/seed_21/208_l_all_r2_h1_lr1em4_wd0p0/food101/lora_dw/all_rank_2/metrics.json
food101_l40s_8q8l2f_multiseed_28641700,21,food101,208_l_all_r2_h1_lr1em4_wd0p0,208,LoRA depthwise adapter,lora_dw,all,2,yes,0.0001,0.0,7,0.5780975692822988,0.8412145214521453,0.6843159635090592,0.8101386138613862,/Users/haseebshafi/Documents/GitHub/Quadratic-Neurons-vs.-ReLU-How-Much-Nonlinearity-Is-Enough/Haseeb_trials/4_test/data_4seed/food101_l40s_8q8l2f_multiseed_28641700/seed_21/208_l_all_r2_h1_lr1em4_wd0p0/food101/lora_dw/all_rank_2/metrics.json
food101_l40s_8q8l2f_multiseed_28641700,21,food101,208_l_all_r2_h1_lr1em4_wd0p0,208,LoRA depthwise adapter,lora_dw,all,2,yes,0.0001,0.0,8,0.5649735611153908,0.8457425742574257,0.6827689593192374,0.8104950495049505,/Users/haseebshafi/Documents/GitHub/Quadratic-Neurons-vs.-ReLU-How-Much-Nonlinearity-Is-Enough/Haseeb_trials/4_test/data_4seed/food101_l40s_8q8l2f_multiseed_28641700/seed_21/208_l_all_r2_h1_lr1em4_wd0p0/food101/lora_dw/all_rank_2/metrics.json
food101_l40s_8q8l2f_multiseed_28641700,21,food101,208_l_all_r2_h1_lr1em4_wd0p0,208,LoRA depthwise adapter,lora_dw,all,2,yes,0.0001,0.0,9,0.5549109310749734,0.8485280528052805,0.6799189859782115,0.8115643564356436,/Users/haseebshafi/Documents/GitHub/Quadratic-Neurons-vs.-ReLU-How-Much-Nonlinearity-Is-Enough/Haseeb_trials/4_test/data_4seed/food101_l40s_8q8l2f_multiseed_28641700/seed_21/208_l_all_r2_h1_lr1em4_wd0p0/food101/lora_dw/all_rank_2/metrics.json
food101_l40s_8q8l2f_multiseed_28641700,21,food101,208_l_all_r2_h1_lr1em4_wd0p0,208,LoRA depthwise adapter,lora_dw,all,2,yes,0.0001,0.0,10,0.5452907854102232,0.8507194719471948,0.6783089334893935,0.8116435643564357,/Users/haseebshafi/Documents/GitHub/Quadratic-Neurons-vs.-ReLU-How-Much-Nonlinearity-Is-Enough/Haseeb_trials/4_test/data_4seed/food101_l40s_8q8l2f_multiseed_28641700/seed_21/208_l_all_r2_h1_lr1em4_wd0p0/food101/lora_dw/all_rank_2/metrics.json
food101_l40s_8q8l2f_multiseed_28641700,21,food101,208_l_all_r2_h1_lr1em4_wd0p0,208,LoRA depthwise adapter,lora_dw,all,2,yes,0.0001,0.0,11,0.5357901861313547,0.8533201320132013,0.6768862251739691,0.8115247524752476,/Users/haseebshafi/Documents/GitHub/Quadratic-Neurons-vs.-ReLU-How-Much-Nonlinearity-Is-Enough/Haseeb_trials/4_test/data_4seed/food101_l40s_8q8l2f_multiseed_28641700/seed_21/208_l_all_r2_h1_lr1em4_wd0p0/food101/lora_dw/all_rank_2/metrics.json
food101_l40s_8q8l2f_multiseed_28641700,21,food101,208_l_all_r2_h1_lr1em4_wd0p0,208,LoRA depthwise adapter,lora_dw,all,2,yes,0.0001,0.0,12,0.5230002934200929,0.8566336633663366,0.6756478793550246,0.8131485148514851,/Users/haseebshafi/Documents/GitHub/Quadratic-Neurons-vs.-ReLU-How-Much-Nonlinearity-Is-Enough/Haseeb_trials/4_test/data_4seed/food101_l40s_8q8l2f_multiseed_28641700/seed_21/208_l_all_r2_h1_lr1em4_wd0p0/food101/lora_dw/all_rank_2/metrics.json
food101_l40s_8q8l2f_multiseed_28641700,21,food101,301_f_lr1e4_wd0p01,301,Full fine-tune,full_finetune,all,full,full,0.0001,0.01,1,1.6977512184023464,0.6334389438943895,0.6505402158923669,0.8288712871287128,/Users/haseebshafi/Documents/GitHub/Quadratic-Neurons-vs.-ReLU-How-Much-Nonlinearity-Is-Enough/Haseeb_trials/4_test/data_4seed/food101_l40s_8q8l2f_multiseed_28641700/seed_21/301_f_lr1e4_wd0p01/food101/full_finetune/metrics.json
food101_l40s_8q8l2f_multiseed_28641700,21,food101,301_f_lr1e4_wd0p01,301,Full fine-tune,full_finetune,all,full,full,0.0001,0.01,2,0.6389888025762225,0.8386006600660066,0.5026767269856859,0.8579009900990099,/Users/haseebshafi/Documents/GitHub/Quadratic-Neurons-vs.-ReLU-How-Much-Nonlinearity-Is-Enough/Haseeb_trials/4_test/data_4seed/food101_l40s_8q8l2f_multiseed_28641700/seed_21/301_f_lr1e4_wd0p01/food101/full_finetune/metrics.json
food101_l40s_8q8l2f_multiseed_28641700,21,food101,301_f_lr1e4_wd0p01,301,Full fine-tune,full_finetune,all,full,full,0.0001,0.01,3,0.34524689373403494,0.9128448844884488,0.4650863383241219,0.8664158415841584,/Users/haseebshafi/Documents/GitHub/Quadratic-Neurons-vs.-ReLU-How-Much-Nonlinearity-Is-Enough/Haseeb_trials/4_test/data_4seed/food101_l40s_8q8l2f_multiseed_28641700/seed_21/301_f_lr1e4_wd0p01/food101/full_finetune/metrics.json
food101_l40s_8q8l2f_multiseed_28641700,21,food101,301_f_lr1e4_wd0p01,301,Full fine-tune,full_finetune,all,full,full,0.0001,0.01,4,0.18408786578461675,0.9556567656765677,0.5175970267140039,0.8578613861386138,/Users/haseebshafi/Documents/GitHub/Quadratic-Neurons-vs.-ReLU-How-Much-Nonlinearity-Is-Enough/Haseeb_trials/4_test/data_4seed/food101_l40s_8q8l2f_multiseed_28641700/seed_21/301_f_lr1e4_wd0p01/food101/full_finetune/metrics.json
food101_l40s_8q8l2f_multiseed_28641700,21,food101,301_f_lr1e4_wd0p01,301,Full fine-tune,full_finetune,all,full,full,0.0001,0.01,5,0.10960985963769479,0.9735577557755776,0.5364644013767195,0.8611485148514851,/Users/haseebshafi/Documents/GitHub/Quadratic-Neurons-vs.-ReLU-How-Much-Nonlinearity-Is-Enough/Haseeb_trials/4_test/data_4seed/food101_l40s_8q8l2f_multiseed_28641700/seed_21/301_f_lr1e4_wd0p01/food101/full_finetune/metrics.json
food101_l40s_8q8l2f_multiseed_28641700,21,food101,301_f_lr1e4_wd0p01,301,Full fine-tune,full_finetune,all,full,full,0.0001,0.01,6,0.07706885550675219,0.9804488448844885,0.5839489760003468,0.860039603960396,/Users/haseebshafi/Documents/GitHub/Quadratic-Neurons-vs.-ReLU-How-Much-Nonlinearity-Is-Enough/Haseeb_trials/4_test/data_4seed/food101_l40s_8q8l2f_multiseed_28641700/seed_21/301_f_lr1e4_wd0p01/food101/full_finetune/metrics.json
food101_l40s_8q8l2f_multiseed_28641700,21,food101,301_f_lr1e4_wd0p01,301,Full fine-tune,full_finetune,all,full,full,0.0001,0.01,7,0.06254563135203749,0.9827062706270627,0.6167215269957439,0.8586138613861386,/Users/haseebshafi/Documents/GitHub/Quadratic-Neurons-vs.-ReLU-How-Much-Nonlinearity-Is-Enough/Haseeb_trials/4_test/data_4seed/food101_l40s_8q8l2f_multiseed_28641700/seed_21/301_f_lr1e4_wd0p01/food101/full_finetune/metrics.json
food101_l40s_8q8l2f_multiseed_28641700,21,food101,301_f_lr1e4_wd0p01,301,Full fine-tune,full_finetune,all,full,full,0.0001,0.01,8,0.05381184479967989,0.9852409240924093,0.6561178588752109,0.854970297029703,/Users/haseebshafi/Documents/GitHub/Quadratic-Neurons-vs.-ReLU-How-Much-Nonlinearity-Is-Enough/Haseeb_trials/4_test/data_4seed/food101_l40s_8q8l2f_multiseed_28641700/seed_21/301_f_lr1e4_wd0p01/food101/full_finetune/metrics.json
food101_l40s_8q8l2f_multiseed_28641700,21,food101,301_f_lr1e4_wd0p01,301,Full fine-tune,full_finetune,all,full,full,0.0001,0.01,9,0.048340622766970015,0.9862706270627063,0.6251027303807216,0.8641980198019802,/Users/haseebshafi/Documents/GitHub/Quadratic-Neurons-vs.-ReLU-How-Much-Nonlinearity-Is-Enough/Haseeb_trials/4_test/data_4seed/food101_l40s_8q8l2f_multiseed_28641700/seed_21/301_f_lr1e4_wd0p01/food101/full_finetune/metrics.json
food101_l40s_8q8l2f_multiseed_28641700,21,food101,301_f_lr1e4_wd0p01,301,Full fine-tune,full_finetune,all,full,full,0.0001,0.01,10,0.046890493002194576,0.9871683168316832,0.6470912056984288,0.8621386138613861,/Users/haseebshafi/Documents/GitHub/Quadratic-Neurons-vs.-ReLU-How-Much-Nonlinearity-Is-Enough/Haseeb_trials/4_test/data_4seed/food101_l40s_8q8l2f_multiseed_28641700/seed_21/301_f_lr1e4_wd0p01/food101/full_finetune/metrics.json
food101_l40s_8q8l2f_multiseed_28641700,21,food101,301_f_lr1e4_wd0p01,301,Full fine-tune,full_finetune,all,full,full,0.0001,0.01,11,0.04485489874625757,0.9872739273927392,0.6633466086638445,0.8617821782178218,/Users/haseebshafi/Documents/GitHub/Quadratic-Neurons-vs.-ReLU-How-Much-Nonlinearity-Is-Enough/Haseeb_trials/4_test/data_4seed/food101_l40s_8q8l2f_multiseed_28641700/seed_21/301_f_lr1e4_wd0p01/food101/full_finetune/metrics.json
food101_l40s_8q8l2f_multiseed_28641700,21,food101,301_f_lr1e4_wd0p01,301,Full fine-tune,full_finetune,all,full,full,0.0001,0.01,12,0.0416909857168056,0.9874191419141914,0.6773255558333332,0.8614653465346535,/Users/haseebshafi/Documents/GitHub/Quadratic-Neurons-vs.-ReLU-How-Much-Nonlinearity-Is-Enough/Haseeb_trials/4_test/data_4seed/food101_l40s_8q8l2f_multiseed_28641700/seed_21/301_f_lr1e4_wd0p01/food101/full_finetune/metrics.json
food101_l40s_8q8l2f_multiseed_28641700,21,food101,301_f_lr1e4_wd0p01,301,Full fine-tune,full_finetune,all,full,full,0.0001,0.01,13,0.038808018352947025,0.9886336633663366,0.6853482935745823,0.858059405940594,/Users/haseebshafi/Documents/GitHub/Quadratic-Neurons-vs.-ReLU-How-Much-Nonlinearity-Is-Enough/Haseeb_trials/4_test/data_4seed/food101_l40s_8q8l2f_multiseed_28641700/seed_21/301_f_lr1e4_wd0p01/food101/full_finetune/metrics.json
food101_l40s_8q8l2f_multiseed_28641700,21,food101,301_f_lr1e4_wd0p01,301,Full fine-tune,full_finetune,all,full,full,0.0001,0.01,14,0.033795249681587855,0.9902706270627063,0.7085927203934972,0.8594851485148515,/Users/haseebshafi/Documents/GitHub/Quadratic-Neurons-vs.-ReLU-How-Much-Nonlinearity-Is-Enough/Haseeb_trials/4_test/data_4seed/food101_l40s_8q8l2f_multiseed_28641700/seed_21/301_f_lr1e4_wd0p01/food101/full_finetune/metrics.json
food101_l40s_8q8l2f_multiseed_28641700,21,food101,301_f_lr1e4_wd0p01,301,Full fine-tune,full_finetune,all,full,full,0.0001,0.01,15,0.03637800092670587,0.9898481848184818,0.7039095673761745,0.858970297029703,/Users/haseebshafi/Documents/GitHub/Quadratic-Neurons-vs.-ReLU-How-Much-Nonlinearity-Is-Enough/Haseeb_trials/4_test/data_4seed/food101_l40s_8q8l2f_multiseed_28641700/seed_21/301_f_lr1e4_wd0p01/food101/full_finetune/metrics.json
food101_l40s_8q8l2f_multiseed_28641700,21,food101,301_f_lr1e4_wd0p01,301,Full fine-tune,full_finetune,all,full,full,0.0001,0.01,16,0.0332464898502571,0.9906666666666667,0.7223790661108376,0.859960396039604,/Users/haseebshafi/Documents/GitHub/Quadratic-Neurons-vs.-ReLU-How-Much-Nonlinearity-Is-Enough/Haseeb_trials/4_test/data_4seed/food101_l40s_8q8l2f_multiseed_28641700/seed_21/301_f_lr1e4_wd0p01/food101/full_finetune/metrics.json
food101_l40s_8q8l2f_multiseed_28641700,21,food101,301_f_lr1e4_wd0p01,301,Full fine-tune,full_finetune,all,full,full,0.0001,0.01,17,0.0338317784817502,0.9898877887788778,0.7144143390773915,0.8573069306930693,/Users/haseebshafi/Documents/GitHub/Quadratic-Neurons-vs.-ReLU-How-Much-Nonlinearity-Is-Enough/Haseeb_trials/4_test/data_4seed/food101_l40s_8q8l2f_multiseed_28641700/seed_21/301_f_lr1e4_wd0p01/food101/full_finetune/metrics.json
food101_l40s_8q8l2f_multiseed_28641700,21,food101,301_f_lr1e4_wd0p01,301,Full fine-tune,full_finetune,all,full,full,0.0001,0.01,18,0.033638266697968586,0.9896897689768976,0.736208823795956,0.8563564356435643,/Users/haseebshafi/Documents/GitHub/Quadratic-Neurons-vs.-ReLU-How-Much-Nonlinearity-Is-Enough/Haseeb_trials/4_test/data_4seed/food101_l40s_8q8l2f_multiseed_28641700/seed_21/301_f_lr1e4_wd0p01/food101/full_finetune/metrics.json
food101_l40s_8q8l2f_multiseed_28641700,21,food101,301_f_lr1e4_wd0p01,301,Full fine-tune,full_finetune,all,full,full,0.0001,0.01,19,0.029275240546012476,0.9916567656765677,0.7178830109165963,0.8613465346534653,/Users/haseebshafi/Documents/GitHub/Quadratic-Neurons-vs.-ReLU-How-Much-Nonlinearity-Is-Enough/Haseeb_trials/4_test/data_4seed/food101_l40s_8q8l2f_multiseed_28641700/seed_21/301_f_lr1e4_wd0p01/food101/full_finetune/metrics.json
food101_l40s_8q8l2f_multiseed_28641700,21,food101,301_f_lr1e4_wd0p01,301,Full fine-tune,full_finetune,all,full,full,0.0001,0.01,20,0.029187902366711756,0.9914191419141914,0.7249443022605806,0.8621782178217822,/Users/haseebshafi/Documents/GitHub/Quadratic-Neurons-vs.-ReLU-How-Much-Nonlinearity-Is-Enough/Haseeb_trials/4_test/data_4seed/food101_l40s_8q8l2f_multiseed_28641700/seed_21/301_f_lr1e4_wd0p01/food101/full_finetune/metrics.json
food101_l40s_8q8l2f_multiseed_28641700,21,food101,301_f_lr1e4_wd0p01,301,Full fine-tune,full_finetune,all,full,full,0.0001,0.01,21,0.029338608047454664,0.9913135313531353,0.7430956870819082,0.859009900990099,/Users/haseebshafi/Documents/GitHub/Quadratic-Neurons-vs.-ReLU-How-Much-Nonlinearity-Is-Enough/Haseeb_trials/4_test/data_4seed/food101_l40s_8q8l2f_multiseed_28641700/seed_21/301_f_lr1e4_wd0p01/food101/full_finetune/metrics.json
food101_l40s_8q8l2f_multiseed_28641700,21,food101,301_f_lr1e4_wd0p01,301,Full fine-tune,full_finetune,all,full,full,0.0001,0.01,22,0.028831362681223615,0.9911947194719471,0.7284124805101073,0.8624158415841584,/Users/haseebshafi/Documents/GitHub/Quadratic-Neurons-vs.-ReLU-How-Much-Nonlinearity-Is-Enough/Haseeb_trials/4_test/data_4seed/food101_l40s_8q8l2f_multiseed_28641700/seed_21/301_f_lr1e4_wd0p01/food101/full_finetune/metrics.json
food101_l40s_8q8l2f_multiseed_28641700,21,food101,301_f_lr1e4_wd0p01,301,Full fine-tune,full_finetune,all,full,full,0.0001,0.01,23,0.026691417909298007,0.9918679867986798,0.7404425307695228,0.8601188118811881,/Users/haseebshafi/Documents/GitHub/Quadratic-Neurons-vs.-ReLU-How-Much-Nonlinearity-Is-Enough/Haseeb_trials/4_test/data_4seed/food101_l40s_8q8l2f_multiseed_28641700/seed_21/301_f_lr1e4_wd0p01/food101/full_finetune/metrics.json
food101_l40s_8q8l2f_multiseed_28641700,21,food101,301_f_lr1e4_wd0p01,301,Full fine-tune,full_finetune,all,full,full,0.0001,0.01,24,0.02615671306386246,0.9921584158415842,0.7471513347070996,0.8593267326732673,/Users/haseebshafi/Documents/GitHub/Quadratic-Neurons-vs.-ReLU-How-Much-Nonlinearity-Is-Enough/Haseeb_trials/4_test/data_4seed/food101_l40s_8q8l2f_multiseed_28641700/seed_21/301_f_lr1e4_wd0p01/food101/full_finetune/metrics.json
food101_l40s_8q8l2f_multiseed_28641700,21,food101,301_f_lr1e4_wd0p01,301,Full fine-tune,full_finetune,all,full,full,0.0001,0.01,25,0.026456326647461836,0.9918547854785479,0.7325305597209695,0.8627722772277228,/Users/haseebshafi/Documents/GitHub/Quadratic-Neurons-vs.-ReLU-How-Much-Nonlinearity-Is-Enough/Haseeb_trials/4_test/data_4seed/food101_l40s_8q8l2f_multiseed_28641700/seed_21/301_f_lr1e4_wd0p01/food101/full_finetune/metrics.json
food101_l40s_8q8l2f_multiseed_28641700,21,food101,302_f_lr3e5_wd0p05,302,Full fine-tune,full_finetune,all,full,full,3e-05,0.05,1,2.7297856205603472,0.4713267326732673,1.2870768178406329,0.7437227722772277,/Users/haseebshafi/Documents/GitHub/Quadratic-Neurons-vs.-ReLU-How-Much-Nonlinearity-Is-Enough/Haseeb_trials/4_test/data_4seed/food101_l40s_8q8l2f_multiseed_28641700/seed_21/302_f_lr3e5_wd0p05/food101/full_finetune/metrics.json
food101_l40s_8q8l2f_multiseed_28641700,21,food101,302_f_lr3e5_wd0p05,302,Full fine-tune,full_finetune,all,full,full,3e-05,0.05,2,1.2301390570933275,0.7350891089108911,0.7767276173369719,0.8100990099009902,/Users/haseebshafi/Documents/GitHub/Quadratic-Neurons-vs.-ReLU-How-Much-Nonlinearity-Is-Enough/Haseeb_trials/4_test/data_4seed/food101_l40s_8q8l2f_multiseed_28641700/seed_21/302_f_lr3e5_wd0p05/food101/full_finetune/metrics.json
food101_l40s_8q8l2f_multiseed_28641700,21,food101,302_f_lr3e5_wd0p05,302,Full fine-tune,full_finetune,all,full,full,3e-05,0.05,3,0.8405060656188739,0.8061122112211221,0.6174205115679468,0.8379405940594059,/Users/haseebshafi/Documents/GitHub/Quadratic-Neurons-vs.-ReLU-How-Much-Nonlinearity-Is-Enough/Haseeb_trials/4_test/data_4seed/food101_l40s_8q8l2f_multiseed_28641700/seed_21/302_f_lr3e5_wd0p05/food101/full_finetune/metrics.json
food101_l40s_8q8l2f_multiseed_28641700,21,food101,302_f_lr3e5_wd0p05,302,Full fine-tune,full_finetune,all,full,full,3e-05,0.05,4,0.621384233067138,0.8545082508250825,0.5426972859189062,0.849980198019802,/Users/haseebshafi/Documents/GitHub/Quadratic-Neurons-vs.-ReLU-How-Much-Nonlinearity-Is-Enough/Haseeb_trials/4_test/data_4seed/food101_l40s_8q8l2f_multiseed_28641700/seed_21/302_f_lr3e5_wd0p05/food101/full_finetune/metrics.json
food101_l40s_8q8l2f_multiseed_28641700,21,food101,302_f_lr3e5_wd0p05,302,Full fine-tune,full_finetune,all,full,full,3e-05,0.05,5,0.46632014545906497,0.8925544554455446,0.5104964275926647,0.8560792079207921,/Users/haseebshafi/Documents/GitHub/Quadratic-Neurons-vs.-ReLU-How-Much-Nonlinearity-Is-Enough/Haseeb_trials/4_test/data_4seed/food101_l40s_8q8l2f_multiseed_28641700/seed_21/302_f_lr3e5_wd0p05/food101/full_finetune/metrics.json
food101_l40s_8q8l2f_multiseed_28641700,21,food101,302_f_lr3e5_wd0p05,302,Full fine-tune,full_finetune,all,full,full,3e-05,0.05,6,0.3389795616766801,0.9242640264026403,0.49623940964264446,0.8606336633663366,/Users/haseebshafi/Documents/GitHub/Quadratic-Neurons-vs.-ReLU-How-Much-Nonlinearity-Is-Enough/Haseeb_trials/4_test/data_4seed/food101_l40s_8q8l2f_multiseed_28641700/seed_21/302_f_lr3e5_wd0p05/food101/full_finetune/metrics.json
food101_l40s_8q8l2f_multiseed_28641700,21,food101,302_f_lr3e5_wd0p05,302,Full fine-tune,full_finetune,all,full,full,3e-05,0.05,7,0.2439546979469041,0.9476567656765676,0.5009554488835949,0.8615049504950495,/Users/haseebshafi/Documents/GitHub/Quadratic-Neurons-vs.-ReLU-How-Much-Nonlinearity-Is-Enough/Haseeb_trials/4_test/data_4seed/food101_l40s_8q8l2f_multiseed_28641700/seed_21/302_f_lr3e5_wd0p05/food101/full_finetune/metrics.json
food101_l40s_8q8l2f_multiseed_28641700,21,food101,302_f_lr3e5_wd0p05,302,Full fine-tune,full_finetune,all,full,full,3e-05,0.05,8,0.17641964374792457,0.9631023102310231,0.5165506466792361,0.8584554455445544,/Users/haseebshafi/Documents/GitHub/Quadratic-Neurons-vs.-ReLU-How-Much-Nonlinearity-Is-Enough/Haseeb_trials/4_test/data_4seed/food101_l40s_8q8l2f_multiseed_28641700/seed_21/302_f_lr3e5_wd0p05/food101/full_finetune/metrics.json
food101_l40s_8q8l2f_multiseed_28641700,21,food101,302_f_lr3e5_wd0p05,302,Full fine-tune,full_finetune,all,full,full,3e-05,0.05,9,0.13059285231391982,0.9730957095709571,0.5303514299557941,0.8588910891089109,/Users/haseebshafi/Documents/GitHub/Quadratic-Neurons-vs.-ReLU-How-Much-Nonlinearity-Is-Enough/Haseeb_trials/4_test/data_4seed/food101_l40s_8q8l2f_multiseed_28641700/seed_21/302_f_lr3e5_wd0p05/food101/full_finetune/metrics.json
food101_l40s_8q8l2f_multiseed_28641700,21,food101,302_f_lr3e5_wd0p05,302,Full fine-tune,full_finetune,all,full,full,3e-05,0.05,10,0.09741080800121767,0.979973597359736,0.5572809499100884,0.8581782178217822,/Users/haseebshafi/Documents/GitHub/Quadratic-Neurons-vs.-ReLU-How-Much-Nonlinearity-Is-Enough/Haseeb_trials/4_test/data_4seed/food101_l40s_8q8l2f_multiseed_28641700/seed_21/302_f_lr3e5_wd0p05/food101/full_finetune/metrics.json
food101_l40s_8q8l2f_multiseed_28641700,21,food101,302_f_lr3e5_wd0p05,302,Full fine-tune,full_finetune,all,full,full,3e-05,0.05,11,0.07747738851031455,0.9832211221122112,0.5704645257385651,0.8578613861386138,/Users/haseebshafi/Documents/GitHub/Quadratic-Neurons-vs.-ReLU-How-Much-Nonlinearity-Is-Enough/Haseeb_trials/4_test/data_4seed/food101_l40s_8q8l2f_multiseed_28641700/seed_21/302_f_lr3e5_wd0p05/food101/full_finetune/metrics.json
food101_l40s_8q8l2f_multiseed_28641700,21,food101,302_f_lr3e5_wd0p05,302,Full fine-tune,full_finetune,all,full,full,3e-05,0.05,12,0.06334611997372247,0.9861650165016501,0.5938705417212874,0.8576237623762376,/Users/haseebshafi/Documents/GitHub/Quadratic-Neurons-vs.-ReLU-How-Much-Nonlinearity-Is-Enough/Haseeb_trials/4_test/data_4seed/food101_l40s_8q8l2f_multiseed_28641700/seed_21/302_f_lr3e5_wd0p05/food101/full_finetune/metrics.json
food101_l40s_8q8l2f_multiseed_28641700,21,food101,302_f_lr3e5_wd0p05,302,Full fine-tune,full_finetune,all,full,full,3e-05,0.05,13,0.05516268565375419,0.9873267326732673,0.6118095165131116,0.8571881188118812,/Users/haseebshafi/Documents/GitHub/Quadratic-Neurons-vs.-ReLU-How-Much-Nonlinearity-Is-Enough/Haseeb_trials/4_test/data_4seed/food101_l40s_8q8l2f_multiseed_28641700/seed_21/302_f_lr3e5_wd0p05/food101/full_finetune/metrics.json
food101_l40s_8q8l2f_multiseed_28641700,21,food101,302_f_lr3e5_wd0p05,302,Full fine-tune,full_finetune,all,full,full,3e-05,0.05,14,0.047867985964018124,0.9893069306930693,0.6119176819182859,0.862059405940594,/Users/haseebshafi/Documents/GitHub/Quadratic-Neurons-vs.-ReLU-How-Much-Nonlinearity-Is-Enough/Haseeb_trials/4_test/data_4seed/food101_l40s_8q8l2f_multiseed_28641700/seed_21/302_f_lr3e5_wd0p05/food101/full_finetune/metrics.json
food101_l40s_8q8l2f_multiseed_28641700,21,food101,302_f_lr3e5_wd0p05,302,Full fine-tune,full_finetune,all,full,full,3e-05,0.05,15,0.04327761144380365,0.990059405940594,0.632009902790779,0.8569504950495049,/Users/haseebshafi/Documents/GitHub/Quadratic-Neurons-vs.-ReLU-How-Much-Nonlinearity-Is-Enough/Haseeb_trials/4_test/data_4seed/food101_l40s_8q8l2f_multiseed_28641700/seed_21/302_f_lr3e5_wd0p05/food101/full_finetune/metrics.json
food101_l40s_8q8l2f_multiseed_28641700,21,food101,302_f_lr3e5_wd0p05,302,Full fine-tune,full_finetune,all,full,full,3e-05,0.05,16,0.039063963271308656,0.9907590759075907,0.6353306868120585,0.8602772277227723,/Users/haseebshafi/Documents/GitHub/Quadratic-Neurons-vs.-ReLU-How-Much-Nonlinearity-Is-Enough/Haseeb_trials/4_test/data_4seed/food101_l40s_8q8l2f_multiseed_28641700/seed_21/302_f_lr3e5_wd0p05/food101/full_finetune/metrics.json
food101_l40s_8q8l2f_multiseed_28641700,21,food101,302_f_lr3e5_wd0p05,302,Full fine-tune,full_finetune,all,full,full,3e-05,0.05,17,0.036579197535666304,0.9913135313531353,0.6482976088439769,0.8611485148514851,/Users/haseebshafi/Documents/GitHub/Quadratic-Neurons-vs.-ReLU-How-Much-Nonlinearity-Is-Enough/Haseeb_trials/4_test/data_4seed/food101_l40s_8q8l2f_multiseed_28641700/seed_21/302_f_lr3e5_wd0p05/food101/full_finetune/metrics.json
food101_l40s_8q8l2f_multiseed_28641700,21,food101,302_f_lr3e5_wd0p05,302,Full fine-tune,full_finetune,all,full,full,3e-05,0.05,18,0.03361541023348818,0.9917755775577558,0.6647687579942222,0.856990099009901,/Users/haseebshafi/Documents/GitHub/Quadratic-Neurons-vs.-ReLU-How-Much-Nonlinearity-Is-Enough/Haseeb_trials/4_test/data_4seed/food101_l40s_8q8l2f_multiseed_28641700/seed_21/302_f_lr3e5_wd0p05/food101/full_finetune/metrics.json
food101_l40s_8q8l2f_multiseed_28641700,21,food101,302_f_lr3e5_wd0p05,302,Full fine-tune,full_finetune,all,full,full,3e-05,0.05,19,0.030318673751141764,0.9926732673267327,0.6798200770435247,0.8575049504950495,/Users/haseebshafi/Documents/GitHub/Quadratic-Neurons-vs.-ReLU-How-Much-Nonlinearity-Is-Enough/Haseeb_trials/4_test/data_4seed/food101_l40s_8q8l2f_multiseed_28641700/seed_21/302_f_lr3e5_wd0p05/food101/full_finetune/metrics.json
food101_l40s_8q8l2f_multiseed_28641700,21,food101,302_f_lr3e5_wd0p05,302,Full fine-tune,full_finetune,all,full,full,3e-05,0.05,20,0.029325521101505055,0.9927392739273927,0.6786565143749266,0.8586534653465346,/Users/haseebshafi/Documents/GitHub/Quadratic-Neurons-vs.-ReLU-How-Much-Nonlinearity-Is-Enough/Haseeb_trials/4_test/data_4seed/food101_l40s_8q8l2f_multiseed_28641700/seed_21/302_f_lr3e5_wd0p05/food101/full_finetune/metrics.json
food101_l40s_8q8l2f_multiseed_28641700,21,food101,302_f_lr3e5_wd0p05,302,Full fine-tune,full_finetune,all,full,full,3e-05,0.05,21,0.029921713381808976,0.9924224422442244,0.6772580268713507,0.8599207920792079,/Users/haseebshafi/Documents/GitHub/Quadratic-Neurons-vs.-ReLU-How-Much-Nonlinearity-Is-Enough/Haseeb_trials/4_test/data_4seed/food101_l40s_8q8l2f_multiseed_28641700/seed_21/302_f_lr3e5_wd0p05/food101/full_finetune/metrics.json
food101_l40s_8q8l2f_multiseed_28641700,21,food101,302_f_lr3e5_wd0p05,302,Full fine-tune,full_finetune,all,full,full,3e-05,0.05,22,0.025699575648842864,0.9937293729372937,0.6948973322594815,0.8608316831683168,/Users/haseebshafi/Documents/GitHub/Quadratic-Neurons-vs.-ReLU-How-Much-Nonlinearity-Is-Enough/Haseeb_trials/4_test/data_4seed/food101_l40s_8q8l2f_multiseed_28641700/seed_21/302_f_lr3e5_wd0p05/food101/full_finetune/metrics.json
food101_l40s_8q8l2f_multiseed_28641700,21,food101,302_f_lr3e5_wd0p05,302,Full fine-tune,full_finetune,all,full,full,3e-05,0.05,23,0.02500120828008101,0.9938085808580858,0.6944983459709599,0.8622970297029703,/Users/haseebshafi/Documents/GitHub/Quadratic-Neurons-vs.-ReLU-How-Much-Nonlinearity-Is-Enough/Haseeb_trials/4_test/data_4seed/food101_l40s_8q8l2f_multiseed_28641700/seed_21/302_f_lr3e5_wd0p05/food101/full_finetune/metrics.json
food101_l40s_8q8l2f_multiseed_28641700,21,food101,302_f_lr3e5_wd0p05,302,Full fine-tune,full_finetune,all,full,full,3e-05,0.05,24,0.024045958911034927,0.9937953795379538,0.687970563661344,0.8628514851485148,/Users/haseebshafi/Documents/GitHub/Quadratic-Neurons-vs.-ReLU-How-Much-Nonlinearity-Is-Enough/Haseeb_trials/4_test/data_4seed/food101_l40s_8q8l2f_multiseed_28641700/seed_21/302_f_lr3e5_wd0p05/food101/full_finetune/metrics.json
food101_l40s_8q8l2f_multiseed_28641700,21,food101,302_f_lr3e5_wd0p05,302,Full fine-tune,full_finetune,all,full,full,3e-05,0.05,25,0.022966773528900773,0.9943102310231023,0.7007368540567632,0.8623762376237624,/Users/haseebshafi/Documents/GitHub/Quadratic-Neurons-vs.-ReLU-How-Much-Nonlinearity-Is-Enough/Haseeb_trials/4_test/data_4seed/food101_l40s_8q8l2f_multiseed_28641700/seed_21/302_f_lr3e5_wd0p05/food101/full_finetune/metrics.json
food101_l40s_8q8l2f_multiseed_28626369,42,food101,000_lin_lr1e3_wd0p05,000,Linear frozen-head baseline,linear_base,none,none,head_only,0.001,0.05,1,1.5516061663611886,0.6208184818481848,0.9440954007996191,0.7442772277227723,/Users/haseebshafi/Documents/GitHub/Quadratic-Neurons-vs.-ReLU-How-Much-Nonlinearity-Is-Enough/Haseeb_trials/4_test/data_4seed/food101_l40s_8q8l2f_multiseed_28626369/seed_42/000_lin_lr1e3_wd0p05/food101/linear_base/metrics.json
food101_l40s_8q8l2f_multiseed_28626369,42,food101,000_lin_lr1e3_wd0p05,000,Linear frozen-head baseline,linear_base,none,none,head_only,0.001,0.05,2,1.1053752992648889,0.7112871287128713,0.8687940095477175,0.7601584158415842,/Users/haseebshafi/Documents/GitHub/Quadratic-Neurons-vs.-ReLU-How-Much-Nonlinearity-Is-Enough/Haseeb_trials/4_test/data_4seed/food101_l40s_8q8l2f_multiseed_28626369/seed_42/000_lin_lr1e3_wd0p05/food101/linear_base/metrics.json
food101_l40s_8q8l2f_multiseed_28626369,42,food101,000_lin_lr1e3_wd0p05,000,Linear frozen-head baseline,linear_base,none,none,head_only,0.001,0.05,3,1.014079240117136,0.7332145214521452,0.8423436438494389,0.766930693069307,/Users/haseebshafi/Documents/GitHub/Quadratic-Neurons-vs.-ReLU-How-Much-Nonlinearity-Is-Enough/Haseeb_trials/4_test/data_4seed/food101_l40s_8q8l2f_multiseed_28626369/seed_42/000_lin_lr1e3_wd0p05/food101/linear_base/metrics.json
food101_l40s_8q8l2f_multiseed_28626369,42,food101,000_lin_lr1e3_wd0p05,000,Linear frozen-head baseline,linear_base,none,none,head_only,0.001,0.05,4,0.9643021162429658,0.7448448844884489,0.8364330094859447,0.7658217821782178,/Users/haseebshafi/Documents/GitHub/Quadratic-Neurons-vs.-ReLU-How-Much-Nonlinearity-Is-Enough/Haseeb_trials/4_test/data_4seed/food101_l40s_8q8l2f_multiseed_28626369/seed_42/000_lin_lr1e3_wd0p05/food101/linear_base/metrics.json
food101_l40s_8q8l2f_multiseed_28626369,42,food101,000_lin_lr1e3_wd0p05,000,Linear frozen-head baseline,linear_base,none,none,head_only,0.001,0.05,5,0.9352476726648438,0.7522244224422442,0.8251628545621539,0.7715247524752475,/Users/haseebshafi/Documents/GitHub/Quadratic-Neurons-vs.-ReLU-How-Much-Nonlinearity-Is-Enough/Haseeb_trials/4_test/data_4seed/food101_l40s_8q8l2f_multiseed_28626369/seed_42/000_lin_lr1e3_wd0p05/food101/linear_base/metrics.json
food101_l40s_8q8l2f_multiseed_28626369,42,food101,000_lin_lr1e3_wd0p05,000,Linear frozen-head baseline,linear_base,none,none,head_only,0.001,0.05,6,0.9143144816376588,0.7560528052805281,0.8177655606477863,0.7717227722772277,/Users/haseebshafi/Documents/GitHub/Quadratic-Neurons-vs.-ReLU-How-Much-Nonlinearity-Is-Enough/Haseeb_trials/4_test/data_4seed/food101_l40s_8q8l2f_multiseed_28626369/seed_42/000_lin_lr1e3_wd0p05/food101/linear_base/metrics.json
food101_l40s_8q8l2f_multiseed_28626369,42,food101,000_lin_lr1e3_wd0p05,000,Linear frozen-head baseline,linear_base,none,none,head_only,0.001,0.05,7,0.8996967474651022,0.7604356435643564,0.8055511102170342,0.774970297029703,/Users/haseebshafi/Documents/GitHub/Quadratic-Neurons-vs.-ReLU-How-Much-Nonlinearity-Is-Enough/Haseeb_trials/4_test/data_4seed/food101_l40s_8q8l2f_multiseed_28626369/seed_42/000_lin_lr1e3_wd0p05/food101/linear_base/metrics.json
food101_l40s_8q8l2f_multiseed_28626369,42,food101,000_lin_lr1e3_wd0p05,000,Linear frozen-head baseline,linear_base,none,none,head_only,0.001,0.05,8,0.8867141274398703,0.7623102310231024,0.8041355128575964,0.7765544554455446,/Users/haseebshafi/Documents/GitHub/Quadratic-Neurons-vs.-ReLU-How-Much-Nonlinearity-Is-Enough/Haseeb_trials/4_test/data_4seed/food101_l40s_8q8l2f_multiseed_28626369/seed_42/000_lin_lr1e3_wd0p05/food101/linear_base/metrics.json
food101_l40s_8q8l2f_multiseed_28626369,42,food101,000_lin_lr1e3_wd0p05,000,Linear frozen-head baseline,linear_base,none,none,head_only,0.001,0.05,9,0.8764586365356697,0.7651353135313531,0.8060206077801119,0.7758811881188119,/Users/haseebshafi/Documents/GitHub/Quadratic-Neurons-vs.-ReLU-How-Much-Nonlinearity-Is-Enough/Haseeb_trials/4_test/data_4seed/food101_l40s_8q8l2f_multiseed_28626369/seed_42/000_lin_lr1e3_wd0p05/food101/linear_base/metrics.json
food101_l40s_8q8l2f_multiseed_28626369,42,food101,000_lin_lr1e3_wd0p05,000,Linear frozen-head baseline,linear_base,none,none,head_only,0.001,0.05,10,0.8728014344822849,0.7656765676567657,0.8041904765829296,0.7747722772277228,/Users/haseebshafi/Documents/GitHub/Quadratic-Neurons-vs.-ReLU-How-Much-Nonlinearity-Is-Enough/Haseeb_trials/4_test/data_4seed/food101_l40s_8q8l2f_multiseed_28626369/seed_42/000_lin_lr1e3_wd0p05/food101/linear_base/metrics.json
food101_l40s_8q8l2f_multiseed_28626369,42,food101,000_lin_lr1e3_wd0p05,000,Linear frozen-head baseline,linear_base,none,none,head_only,0.001,0.05,11,0.8667827914886349,0.767986798679868,0.8048362523239143,0.7758811881188119,/Users/haseebshafi/Documents/GitHub/Quadratic-Neurons-vs.-ReLU-How-Much-Nonlinearity-Is-Enough/Haseeb_trials/4_test/data_4seed/food101_l40s_8q8l2f_multiseed_28626369/seed_42/000_lin_lr1e3_wd0p05/food101/linear_base/metrics.json
food101_l40s_8q8l2f_multiseed_28626369,42,food101,000_lin_lr1e3_wd0p05,000,Linear frozen-head baseline,linear_base,none,none,head_only,0.001,0.05,12,0.8603370251450011,0.7693993399339935,0.8044391240192817,0.7742970297029703,/Users/haseebshafi/Documents/GitHub/Quadratic-Neurons-vs.-ReLU-How-Much-Nonlinearity-Is-Enough/Haseeb_trials/4_test/data_4seed/food101_l40s_8q8l2f_multiseed_28626369/seed_42/000_lin_lr1e3_wd0p05/food101/linear_base/metrics.json
food101_l40s_8q8l2f_multiseed_28626369,42,food101,000_lin_lr1e3_wd0p05,000,Linear frozen-head baseline,linear_base,none,none,head_only,0.001,0.05,13,0.8575756865539174,0.7702178217821782,0.8083519859647397,0.773980198019802,/Users/haseebshafi/Documents/GitHub/Quadratic-Neurons-vs.-ReLU-How-Much-Nonlinearity-Is-Enough/Haseeb_trials/4_test/data_4seed/food101_l40s_8q8l2f_multiseed_28626369/seed_42/000_lin_lr1e3_wd0p05/food101/linear_base/metrics.json
food101_l40s_8q8l2f_multiseed_28626369,42,food101,000_lin_lr1e3_wd0p05,000,Linear frozen-head baseline,linear_base,none,none,head_only,0.001,0.05,14,0.8557256803748631,0.7708382838283828,0.793794216551403,0.7783366336633664,/Users/haseebshafi/Documents/GitHub/Quadratic-Neurons-vs.-ReLU-How-Much-Nonlinearity-Is-Enough/Haseeb_trials/4_test/data_4seed/food101_l40s_8q8l2f_multiseed_28626369/seed_42/000_lin_lr1e3_wd0p05/food101/linear_base/metrics.json
food101_l40s_8q8l2f_multiseed_28626369,42,food101,000_lin_lr1e3_wd0p05,000,Linear frozen-head baseline,linear_base,none,none,head_only,0.001,0.05,15,0.8514405140042698,0.7731749174917492,0.8044366185959465,0.7750891089108911,/Users/haseebshafi/Documents/GitHub/Quadratic-Neurons-vs.-ReLU-How-Much-Nonlinearity-Is-Enough/Haseeb_trials/4_test/data_4seed/food101_l40s_8q8l2f_multiseed_28626369/seed_42/000_lin_lr1e3_wd0p05/food101/linear_base/metrics.json
food101_l40s_8q8l2f_multiseed_28626369,42,food101,000_lin_lr1e3_wd0p05,000,Linear frozen-head baseline,linear_base,none,none,head_only,0.001,0.05,16,0.8511806926113544,0.7710759075907591,0.8028322708860482,0.7748118811881188,/Users/haseebshafi/Documents/GitHub/Quadratic-Neurons-vs.-ReLU-How-Much-Nonlinearity-Is-Enough/Haseeb_trials/4_test/data_4seed/food101_l40s_8q8l2f_multiseed_28626369/seed_42/000_lin_lr1e3_wd0p05/food101/linear_base/metrics.json
food101_l40s_8q8l2f_multiseed_28626369,42,food101,000_lin_lr1e3_wd0p05,000,Linear frozen-head baseline,linear_base,none,none,head_only,0.001,0.05,17,0.8517240051168813,0.7714587458745874,0.8052931534450611,0.7731089108910891,/Users/haseebshafi/Documents/GitHub/Quadratic-Neurons-vs.-ReLU-How-Much-Nonlinearity-Is-Enough/Haseeb_trials/4_test/data_4seed/food101_l40s_8q8l2f_multiseed_28626369/seed_42/000_lin_lr1e3_wd0p05/food101/linear_base/metrics.json
food101_l40s_8q8l2f_multiseed_28626369,42,food101,000_lin_lr1e3_wd0p05,000,Linear frozen-head baseline,linear_base,none,none,head_only,0.001,0.05,18,0.8498732041211018,0.771062706270627,0.8123865125127653,0.7728316831683169,/Users/haseebshafi/Documents/GitHub/Quadratic-Neurons-vs.-ReLU-How-Much-Nonlinearity-Is-Enough/Haseeb_trials/4_test/data_4seed/food101_l40s_8q8l2f_multiseed_28626369/seed_42/000_lin_lr1e3_wd0p05/food101/linear_base/metrics.json
food101_l40s_8q8l2f_multiseed_28626369,42,food101,000_lin_lr1e3_wd0p05,000,Linear frozen-head baseline,linear_base,none,none,head_only,0.001,0.05,19,0.8486743793928191,0.7714059405940594,0.7971271085116901,0.7774257425742575,/Users/haseebshafi/Documents/GitHub/Quadratic-Neurons-vs.-ReLU-How-Much-Nonlinearity-Is-Enough/Haseeb_trials/4_test/data_4seed/food101_l40s_8q8l2f_multiseed_28626369/seed_42/000_lin_lr1e3_wd0p05/food101/linear_base/metrics.json
food101_l40s_8q8l2f_multiseed_28626369,42,food101,000_lin_lr1e3_wd0p05,000,Linear frozen-head baseline,linear_base,none,none,head_only,0.001,0.05,20,0.848787169585527,0.7710891089108911,0.8012713792760774,0.7770693069306931,/Users/haseebshafi/Documents/GitHub/Quadratic-Neurons-vs.-ReLU-How-Much-Nonlinearity-Is-Enough/Haseeb_trials/4_test/data_4seed/food101_l40s_8q8l2f_multiseed_28626369/seed_42/000_lin_lr1e3_wd0p05/food101/linear_base/metrics.json
food101_l40s_8q8l2f_multiseed_28626369,42,food101,000_lin_lr1e3_wd0p05,000,Linear frozen-head baseline,linear_base,none,none,head_only,0.001,0.05,21,0.8443284944795539,0.7735181518151815,0.7977422011145713,0.7779009900990099,/Users/haseebshafi/Documents/GitHub/Quadratic-Neurons-vs.-ReLU-How-Much-Nonlinearity-Is-Enough/Haseeb_trials/4_test/data_4seed/food101_l40s_8q8l2f_multiseed_28626369/seed_42/000_lin_lr1e3_wd0p05/food101/linear_base/metrics.json
food101_l40s_8q8l2f_multiseed_28626369,42,food101,000_lin_lr1e3_wd0p05,000,Linear frozen-head baseline,linear_base,none,none,head_only,0.001,0.05,22,0.8458359964940414,0.772950495049505,0.8059873623737309,0.7732277227722772,/Users/haseebshafi/Documents/GitHub/Quadratic-Neurons-vs.-ReLU-How-Much-Nonlinearity-Is-Enough/Haseeb_trials/4_test/data_4seed/food101_l40s_8q8l2f_multiseed_28626369/seed_42/000_lin_lr1e3_wd0p05/food101/linear_base/metrics.json
food101_l40s_8q8l2f_multiseed_28626369,42,food101,000_lin_lr1e3_wd0p05,000,Linear frozen-head baseline,linear_base,none,none,head_only,0.001,0.05,23,0.8423663562044452,0.7725808580858086,0.7999624935985349,0.7762772277227723,/Users/haseebshafi/Documents/GitHub/Quadratic-Neurons-vs.-ReLU-How-Much-Nonlinearity-Is-Enough/Haseeb_trials/4_test/data_4seed/food101_l40s_8q8l2f_multiseed_28626369/seed_42/000_lin_lr1e3_wd0p05/food101/linear_base/metrics.json
food101_l40s_8q8l2f_multiseed_28626369,42,food101,000_lin_lr1e3_wd0p05,000,Linear frozen-head baseline,linear_base,none,none,head_only,0.001,0.05,24,0.8454221932455258,0.7723036303630363,0.809156357575171,0.7734653465346535,/Users/haseebshafi/Documents/GitHub/Quadratic-Neurons-vs.-ReLU-How-Much-Nonlinearity-Is-Enough/Haseeb_trials/4_test/data_4seed/food101_l40s_8q8l2f_multiseed_28626369/seed_42/000_lin_lr1e3_wd0p05/food101/linear_base/metrics.json
food101_l40s_8q8l2f_multiseed_28626369,42,food101,000_lin_lr1e3_wd0p05,000,Linear frozen-head baseline,linear_base,none,none,head_only,0.001,0.05,25,0.8440995925749489,0.7734785478547854,0.8044355417242145,0.7737425742574258,/Users/haseebshafi/Documents/GitHub/Quadratic-Neurons-vs.-ReLU-How-Much-Nonlinearity-Is-Enough/Haseeb_trials/4_test/data_4seed/food101_l40s_8q8l2f_multiseed_28626369/seed_42/000_lin_lr1e3_wd0p05/food101/linear_base/metrics.json
food101_l40s_8q8l2f_multiseed_28626369,42,food101,000_lin_lr1e3_wd0p05,000,Linear frozen-head baseline,linear_base,none,none,head_only,0.001,0.05,26,0.8423392893150695,0.7735049504950495,0.8030397660542685,0.7771089108910891,/Users/haseebshafi/Documents/GitHub/Quadratic-Neurons-vs.-ReLU-How-Much-Nonlinearity-Is-Enough/Haseeb_trials/4_test/data_4seed/food101_l40s_8q8l2f_multiseed_28626369/seed_42/000_lin_lr1e3_wd0p05/food101/linear_base/metrics.json
food101_l40s_8q8l2f_multiseed_28626369,42,food101,000_lin_lr1e3_wd0p05,000,Linear frozen-head baseline,linear_base,none,none,head_only,0.001,0.05,27,0.844760186041149,0.7736501650165016,0.814042066512279,0.7743366336633664,/Users/haseebshafi/Documents/GitHub/Quadratic-Neurons-vs.-ReLU-How-Much-Nonlinearity-Is-Enough/Haseeb_trials/4_test/data_4seed/food101_l40s_8q8l2f_multiseed_28626369/seed_42/000_lin_lr1e3_wd0p05/food101/linear_base/metrics.json
food101_l40s_8q8l2f_multiseed_28626369,42,food101,000_lin_lr1e3_wd0p05,000,Linear frozen-head baseline,linear_base,none,none,head_only,0.001,0.05,28,0.8412180223370542,0.7738217821782178,0.8037778307406029,0.774970297029703,/Users/haseebshafi/Documents/GitHub/Quadratic-Neurons-vs.-ReLU-How-Much-Nonlinearity-Is-Enough/Haseeb_trials/4_test/data_4seed/food101_l40s_8q8l2f_multiseed_28626369/seed_42/000_lin_lr1e3_wd0p05/food101/linear_base/metrics.json
food101_l40s_8q8l2f_multiseed_28626369,42,food101,000_lin_lr1e3_wd0p05,000,Linear frozen-head baseline,linear_base,none,none,head_only,0.001,0.05,29,0.846912447004035,0.7727392739273927,0.7980514648798669,0.778970297029703,/Users/haseebshafi/Documents/GitHub/Quadratic-Neurons-vs.-ReLU-How-Much-Nonlinearity-Is-Enough/Haseeb_trials/4_test/data_4seed/food101_l40s_8q8l2f_multiseed_28626369/seed_42/000_lin_lr1e3_wd0p05/food101/linear_base/metrics.json
food101_l40s_8q8l2f_multiseed_28626369,42,food101,000_lin_lr1e3_wd0p05,000,Linear frozen-head baseline,linear_base,none,none,head_only,0.001,0.05,30,0.8436046249968777,0.7725808580858086,0.8040102744049364,0.7767524752475248,/Users/haseebshafi/Documents/GitHub/Quadratic-Neurons-vs.-ReLU-How-Much-Nonlinearity-Is-Enough/Haseeb_trials/4_test/data_4seed/food101_l40s_8q8l2f_multiseed_28626369/seed_42/000_lin_lr1e3_wd0p05/food101/linear_base/metrics.json
food101_l40s_8q8l2f_multiseed_28626369,42,food101,101_q_ls_r1_h0_lr1em3_wd0p0,101,Quadratic depthwise adapter,quad_dw,last_stage,1,no,0.001,0.0,1,0.7395746252481693,0.7978349834983498,0.7659997915101081,0.7874059405940594,/Users/haseebshafi/Documents/GitHub/Quadratic-Neurons-vs.-ReLU-How-Much-Nonlinearity-Is-Enough/Haseeb_trials/4_test/data_4seed/food101_l40s_8q8l2f_multiseed_28626369/seed_42/101_q_ls_r1_h0_lr1em3_wd0p0/food101/quad_dw/last_stage_rank_1/metrics.json
food101_l40s_8q8l2f_multiseed_28626369,42,food101,101_q_ls_r1_h0_lr1em3_wd0p0,101,Quadratic depthwise adapter,quad_dw,last_stage,1,no,0.001,0.0,2,0.7045641644756393,0.8061518151815181,0.764952664231273,0.7883564356435644,/Users/haseebshafi/Documents/GitHub/Quadratic-Neurons-vs.-ReLU-How-Much-Nonlinearity-Is-Enough/Haseeb_trials/4_test/data_4seed/food101_l40s_8q8l2f_multiseed_28626369/seed_42/101_q_ls_r1_h0_lr1em3_wd0p0/food101/quad_dw/last_stage_rank_1/metrics.json
food101_l40s_8q8l2f_multiseed_28626369,42,food101,101_q_ls_r1_h0_lr1em3_wd0p0,101,Quadratic depthwise adapter,quad_dw,last_stage,1,no,0.001,0.0,3,0.6750079201353658,0.8143894389438944,0.7627813064430536,0.7884752475247525,/Users/haseebshafi/Documents/GitHub/Quadratic-Neurons-vs.-ReLU-How-Much-Nonlinearity-Is-Enough/Haseeb_trials/4_test/data_4seed/food101_l40s_8q8l2f_multiseed_28626369/seed_42/101_q_ls_r1_h0_lr1em3_wd0p0/food101/quad_dw/last_stage_rank_1/metrics.json
food101_l40s_8q8l2f_multiseed_28626369,42,food101,101_q_ls_r1_h0_lr1em3_wd0p0,101,Quadratic depthwise adapter,quad_dw,last_stage,1,no,0.001,0.0,4,0.6447218077922419,0.8243696369636964,0.7702703875104925,0.7866534653465347,/Users/haseebshafi/Documents/GitHub/Quadratic-Neurons-vs.-ReLU-How-Much-Nonlinearity-Is-Enough/Haseeb_trials/4_test/data_4seed/food101_l40s_8q8l2f_multiseed_28626369/seed_42/101_q_ls_r1_h0_lr1em3_wd0p0/food101/quad_dw/last_stage_rank_1/metrics.json
food101_l40s_8q8l2f_multiseed_28626369,42,food101,101_q_ls_r1_h0_lr1em3_wd0p0,101,Quadratic depthwise adapter,quad_dw,last_stage,1,no,0.001,0.0,5,0.6155870399711155,0.8312343234323433,0.7667899395079159,0.7880792079207921,/Users/haseebshafi/Documents/GitHub/Quadratic-Neurons-vs.-ReLU-How-Much-Nonlinearity-Is-Enough/Haseeb_trials/4_test/data_4seed/food101_l40s_8q8l2f_multiseed_28626369/seed_42/101_q_ls_r1_h0_lr1em3_wd0p0/food101/quad_dw/last_stage_rank_1/metrics.json
food101_l40s_8q8l2f_multiseed_28626369,42,food101,101_q_ls_r1_h0_lr1em3_wd0p0,101,Quadratic depthwise adapter,quad_dw,last_stage,1,no,0.001,0.0,6,0.5900536515610446,0.8402376237623762,0.7719886653334603,0.7865346534653466,/Users/haseebshafi/Documents/GitHub/Quadratic-Neurons-vs.-ReLU-How-Much-Nonlinearity-Is-Enough/Haseeb_trials/4_test/data_4seed/food101_l40s_8q8l2f_multiseed_28626369/seed_42/101_q_ls_r1_h0_lr1em3_wd0p0/food101/quad_dw/last_stage_rank_1/metrics.json
food101_l40s_8q8l2f_multiseed_28626369,42,food101,101_q_ls_r1_h0_lr1em3_wd0p0,101,Quadratic depthwise adapter,quad_dw,last_stage,1,no,0.001,0.0,7,0.5698719143804544,0.8443828382838284,0.7720143152303661,0.7856633663366337,/Users/haseebshafi/Documents/GitHub/Quadratic-Neurons-vs.-ReLU-How-Much-Nonlinearity-Is-Enough/Haseeb_trials/4_test/data_4seed/food101_l40s_8q8l2f_multiseed_28626369/seed_42/101_q_ls_r1_h0_lr1em3_wd0p0/food101/quad_dw/last_stage_rank_1/metrics.json
food101_l40s_8q8l2f_multiseed_28626369,42,food101,101_q_ls_r1_h0_lr1em3_wd0p0,101,Quadratic depthwise adapter,quad_dw,last_stage,1,no,0.001,0.0,8,0.5448870173043544,0.8523300330033003,0.7803731425587862,0.7855049504950495,/Users/haseebshafi/Documents/GitHub/Quadratic-Neurons-vs.-ReLU-How-Much-Nonlinearity-Is-Enough/Haseeb_trials/4_test/data_4seed/food101_l40s_8q8l2f_multiseed_28626369/seed_42/101_q_ls_r1_h0_lr1em3_wd0p0/food101/quad_dw/last_stage_rank_1/metrics.json
food101_l40s_8q8l2f_multiseed_28626369,42,food101,101_q_ls_r1_h0_lr1em3_wd0p0,101,Quadratic depthwise adapter,quad_dw,last_stage,1,no,0.001,0.0,9,0.5242905206381291,0.8586798679867986,0.7858827679797564,0.7858613861386139,/Users/haseebshafi/Documents/GitHub/Quadratic-Neurons-vs.-ReLU-How-Much-Nonlinearity-Is-Enough/Haseeb_trials/4_test/data_4seed/food101_l40s_8q8l2f_multiseed_28626369/seed_42/101_q_ls_r1_h0_lr1em3_wd0p0/food101/quad_dw/last_stage_rank_1/metrics.json
food101_l40s_8q8l2f_multiseed_28626369,42,food101,101_q_ls_r1_h0_lr1em3_wd0p0,101,Quadratic depthwise adapter,quad_dw,last_stage,1,no,0.001,0.0,10,0.5120270623468329,0.8617821782178218,0.7880104936216543,0.7856633663366337,/Users/haseebshafi/Documents/GitHub/Quadratic-Neurons-vs.-ReLU-How-Much-Nonlinearity-Is-Enough/Haseeb_trials/4_test/data_4seed/food101_l40s_8q8l2f_multiseed_28626369/seed_42/101_q_ls_r1_h0_lr1em3_wd0p0/food101/quad_dw/last_stage_rank_1/metrics.json
food101_l40s_8q8l2f_multiseed_28626369,42,food101,101_q_ls_r1_h0_lr1em3_wd0p0,101,Quadratic depthwise adapter,quad_dw,last_stage,1,no,0.001,0.0,11,0.4935719390061035,0.8686864686468647,0.7864993504441463,0.7860990099009901,/Users/haseebshafi/Documents/GitHub/Quadratic-Neurons-vs.-ReLU-How-Much-Nonlinearity-Is-Enough/Haseeb_trials/4_test/data_4seed/food101_l40s_8q8l2f_multiseed_28626369/seed_42/101_q_ls_r1_h0_lr1em3_wd0p0/food101/quad_dw/last_stage_rank_1/metrics.json
food101_l40s_8q8l2f_multiseed_28626369,42,food101,101_q_ls_r1_h0_lr1em3_wd0p0,101,Quadratic depthwise adapter,quad_dw,last_stage,1,no,0.001,0.0,12,0.47976224158069875,0.8720528052805281,0.7908905689417854,0.7857029702970297,/Users/haseebshafi/Documents/GitHub/Quadratic-Neurons-vs.-ReLU-How-Much-Nonlinearity-Is-Enough/Haseeb_trials/4_test/data_4seed/food101_l40s_8q8l2f_multiseed_28626369/seed_42/101_q_ls_r1_h0_lr1em3_wd0p0/food101/quad_dw/last_stage_rank_1/metrics.json
food101_l40s_8q8l2f_multiseed_28626369,42,food101,102_q_ls_r2_h0_lr1em3_wd0p0,102,Quadratic depthwise adapter,quad_dw,last_stage,2,no,0.001,0.0,1,0.7398494915647476,0.7978085808580858,0.7628503081505694,0.7872871287128713,/Users/haseebshafi/Documents/GitHub/Quadratic-Neurons-vs.-ReLU-How-Much-Nonlinearity-Is-Enough/Haseeb_trials/4_test/data_4seed/food101_l40s_8q8l2f_multiseed_28626369/seed_42/102_q_ls_r2_h0_lr1em3_wd0p0/food101/quad_dw/last_stage_rank_2/metrics.json
food101_l40s_8q8l2f_multiseed_28626369,42,food101,102_q_ls_r2_h0_lr1em3_wd0p0,102,Quadratic depthwise adapter,quad_dw,last_stage,2,no,0.001,0.0,2,0.7036512511445351,0.8072607260726072,0.7590943703927321,0.7890297029702971,/Users/haseebshafi/Documents/GitHub/Quadratic-Neurons-vs.-ReLU-How-Much-Nonlinearity-Is-Enough/Haseeb_trials/4_test/data_4seed/food101_l40s_8q8l2f_multiseed_28626369/seed_42/102_q_ls_r2_h0_lr1em3_wd0p0/food101/quad_dw/last_stage_rank_2/metrics.json
food101_l40s_8q8l2f_multiseed_28626369,42,food101,102_q_ls_r2_h0_lr1em3_wd0p0,102,Quadratic depthwise adapter,quad_dw,last_stage,2,no,0.001,0.0,3,0.6709945711271205,0.8157887788778878,0.7620642979344961,0.7894257425742575,/Users/haseebshafi/Documents/GitHub/Quadratic-Neurons-vs.-ReLU-How-Much-Nonlinearity-Is-Enough/Haseeb_trials/4_test/data_4seed/food101_l40s_8q8l2f_multiseed_28626369/seed_42/102_q_ls_r2_h0_lr1em3_wd0p0/food101/quad_dw/last_stage_rank_2/metrics.json
food101_l40s_8q8l2f_multiseed_28626369,42,food101,102_q_ls_r2_h0_lr1em3_wd0p0,102,Quadratic depthwise adapter,quad_dw,last_stage,2,no,0.001,0.0,4,0.6377329380378471,0.8263234323432344,0.762819266882347,0.7882376237623763,/Users/haseebshafi/Documents/GitHub/Quadratic-Neurons-vs.-ReLU-How-Much-Nonlinearity-Is-Enough/Haseeb_trials/4_test/data_4seed/food101_l40s_8q8l2f_multiseed_28626369/seed_42/102_q_ls_r2_h0_lr1em3_wd0p0/food101/quad_dw/last_stage_rank_2/metrics.json
food101_l40s_8q8l2f_multiseed_28626369,42,food101,102_q_ls_r2_h0_lr1em3_wd0p0,102,Quadratic depthwise adapter,quad_dw,last_stage,2,no,0.001,0.0,5,0.6047642615006702,0.8356699669966997,0.7650054810161491,0.7882376237623763,/Users/haseebshafi/Documents/GitHub/Quadratic-Neurons-vs.-ReLU-How-Much-Nonlinearity-Is-Enough/Haseeb_trials/4_test/data_4seed/food101_l40s_8q8l2f_multiseed_28626369/seed_42/102_q_ls_r2_h0_lr1em3_wd0p0/food101/quad_dw/last_stage_rank_2/metrics.json
food101_l40s_8q8l2f_multiseed_28626369,42,food101,102_q_ls_r2_h0_lr1em3_wd0p0,102,Quadratic depthwise adapter,quad_dw,last_stage,2,no,0.001,0.0,6,0.5720604866837511,0.8453993399339934,0.7714426912077712,0.7872475247524753,/Users/haseebshafi/Documents/GitHub/Quadratic-Neurons-vs.-ReLU-How-Much-Nonlinearity-Is-Enough/Haseeb_trials/4_test/data_4seed/food101_l40s_8q8l2f_multiseed_28626369/seed_42/102_q_ls_r2_h0_lr1em3_wd0p0/food101/quad_dw/last_stage_rank_2/metrics.json
food101_l40s_8q8l2f_multiseed_28626369,42,food101,102_q_ls_r2_h0_lr1em3_wd0p0,102,Quadratic depthwise adapter,quad_dw,last_stage,2,no,0.001,0.0,7,0.5493300299565784,0.852937293729373,0.7726301621822548,0.786970297029703,/Users/haseebshafi/Documents/GitHub/Quadratic-Neurons-vs.-ReLU-How-Much-Nonlinearity-Is-Enough/Haseeb_trials/4_test/data_4seed/food101_l40s_8q8l2f_multiseed_28626369/seed_42/102_q_ls_r2_h0_lr1em3_wd0p0/food101/quad_dw/last_stage_rank_2/metrics.json
food101_l40s_8q8l2f_multiseed_28626369,42,food101,102_q_ls_r2_h0_lr1em3_wd0p0,102,Quadratic depthwise adapter,quad_dw,last_stage,2,no,0.001,0.0,8,0.5187997469272551,0.8609504950495049,0.777195720347041,0.7848316831683169,/Users/haseebshafi/Documents/GitHub/Quadratic-Neurons-vs.-ReLU-How-Much-Nonlinearity-Is-Enough/Haseeb_trials/4_test/data_4seed/food101_l40s_8q8l2f_multiseed_28626369/seed_42/102_q_ls_r2_h0_lr1em3_wd0p0/food101/quad_dw/last_stage_rank_2/metrics.json
food101_l40s_8q8l2f_multiseed_28626369,42,food101,102_q_ls_r2_h0_lr1em3_wd0p0,102,Quadratic depthwise adapter,quad_dw,last_stage,2,no,0.001,0.0,9,0.49328071201909884,0.8692145214521452,0.7816495543584449,0.7849108910891089,/Users/haseebshafi/Documents/GitHub/Quadratic-Neurons-vs.-ReLU-How-Much-Nonlinearity-Is-Enough/Haseeb_trials/4_test/data_4seed/food101_l40s_8q8l2f_multiseed_28626369/seed_42/102_q_ls_r2_h0_lr1em3_wd0p0/food101/quad_dw/last_stage_rank_2/metrics.json
food101_l40s_8q8l2f_multiseed_28626369,42,food101,102_q_ls_r2_h0_lr1em3_wd0p0,102,Quadratic depthwise adapter,quad_dw,last_stage,2,no,0.001,0.0,10,0.4778876165332574,0.873016501650165,0.7849639124901099,0.7833267326732674,/Users/haseebshafi/Documents/GitHub/Quadratic-Neurons-vs.-ReLU-How-Much-Nonlinearity-Is-Enough/Haseeb_trials/4_test/data_4seed/food101_l40s_8q8l2f_multiseed_28626369/seed_42/102_q_ls_r2_h0_lr1em3_wd0p0/food101/quad_dw/last_stage_rank_2/metrics.json
food101_l40s_8q8l2f_multiseed_28626369,42,food101,102_q_ls_r2_h0_lr1em3_wd0p0,102,Quadratic depthwise adapter,quad_dw,last_stage,2,no,0.001,0.0,11,0.4540632005107678,0.8795643564356436,0.7895968082569134,0.7857425742574258,/Users/haseebshafi/Documents/GitHub/Quadratic-Neurons-vs.-ReLU-How-Much-Nonlinearity-Is-Enough/Haseeb_trials/4_test/data_4seed/food101_l40s_8q8l2f_multiseed_28626369/seed_42/102_q_ls_r2_h0_lr1em3_wd0p0/food101/quad_dw/last_stage_rank_2/metrics.json
food101_l40s_8q8l2f_multiseed_28626369,42,food101,102_q_ls_r2_h0_lr1em3_wd0p0,102,Quadratic depthwise adapter,quad_dw,last_stage,2,no,0.001,0.0,12,0.43715690353443915,0.8856105610561056,0.7973773724929439,0.7845148514851485,/Users/haseebshafi/Documents/GitHub/Quadratic-Neurons-vs.-ReLU-How-Much-Nonlinearity-Is-Enough/Haseeb_trials/4_test/data_4seed/food101_l40s_8q8l2f_multiseed_28626369/seed_42/102_q_ls_r2_h0_lr1em3_wd0p0/food101/quad_dw/last_stage_rank_2/metrics.json
food101_l40s_8q8l2f_multiseed_28626369,42,food101,103_q_ls_r4_h0_lr1em3_wd0p0,103,Quadratic depthwise adapter,quad_dw,last_stage,4,no,0.001,0.0,1,0.7377367842866249,0.7975049504950495,0.7634888189585861,0.7875247524752476,/Users/haseebshafi/Documents/GitHub/Quadratic-Neurons-vs.-ReLU-How-Much-Nonlinearity-Is-Enough/Haseeb_trials/4_test/data_4seed/food101_l40s_8q8l2f_multiseed_28626369/seed_42/103_q_ls_r4_h0_lr1em3_wd0p0/food101/quad_dw/last_stage_rank_4/metrics.json
food101_l40s_8q8l2f_multiseed_28626369,42,food101,103_q_ls_r4_h0_lr1em3_wd0p0,103,Quadratic depthwise adapter,quad_dw,last_stage,4,no,0.001,0.0,2,0.7025508230605928,0.8078019801980199,0.7576998951677049,0.7902970297029703,/Users/haseebshafi/Documents/GitHub/Quadratic-Neurons-vs.-ReLU-How-Much-Nonlinearity-Is-Enough/Haseeb_trials/4_test/data_4seed/food101_l40s_8q8l2f_multiseed_28626369/seed_42/103_q_ls_r4_h0_lr1em3_wd0p0/food101/quad_dw/last_stage_rank_4/metrics.json
food101_l40s_8q8l2f_multiseed_28626369,42,food101,103_q_ls_r4_h0_lr1em3_wd0p0,103,Quadratic depthwise adapter,quad_dw,last_stage,4,no,0.001,0.0,3,0.6662276181435034,0.8171617161716171,0.7614498230509903,0.7882376237623763,/Users/haseebshafi/Documents/GitHub/Quadratic-Neurons-vs.-ReLU-How-Much-Nonlinearity-Is-Enough/Haseeb_trials/4_test/data_4seed/food101_l40s_8q8l2f_multiseed_28626369/seed_42/103_q_ls_r4_h0_lr1em3_wd0p0/food101/quad_dw/last_stage_rank_4/metrics.json
food101_l40s_8q8l2f_multiseed_28626369,42,food101,103_q_ls_r4_h0_lr1em3_wd0p0,103,Quadratic depthwise adapter,quad_dw,last_stage,4,no,0.001,0.0,4,0.631298576076432,0.8272079207920792,0.7598687256192881,0.7896237623762377,/Users/haseebshafi/Documents/GitHub/Quadratic-Neurons-vs.-ReLU-How-Much-Nonlinearity-Is-Enough/Haseeb_trials/4_test/data_4seed/food101_l40s_8q8l2f_multiseed_28626369/seed_42/103_q_ls_r4_h0_lr1em3_wd0p0/food101/quad_dw/last_stage_rank_4/metrics.json
food101_l40s_8q8l2f_multiseed_28626369,42,food101,103_q_ls_r4_h0_lr1em3_wd0p0,103,Quadratic depthwise adapter,quad_dw,last_stage,4,no,0.001,0.0,5,0.5979858832060307,0.8383234323432344,0.7704629766436497,0.7877623762376238,/Users/haseebshafi/Documents/GitHub/Quadratic-Neurons-vs.-ReLU-How-Much-Nonlinearity-Is-Enough/Haseeb_trials/4_test/data_4seed/food101_l40s_8q8l2f_multiseed_28626369/seed_42/103_q_ls_r4_h0_lr1em3_wd0p0/food101/quad_dw/last_stage_rank_4/metrics.json
food101_l40s_8q8l2f_multiseed_28626369,42,food101,103_q_ls_r4_h0_lr1em3_wd0p0,103,Quadratic depthwise adapter,quad_dw,last_stage,4,no,0.001,0.0,6,0.5660768473943074,0.8464818481848185,0.76804850274933,0.7881980198019802,/Users/haseebshafi/Documents/GitHub/Quadratic-Neurons-vs.-ReLU-How-Much-Nonlinearity-Is-Enough/Haseeb_trials/4_test/data_4seed/food101_l40s_8q8l2f_multiseed_28626369/seed_42/103_q_ls_r4_h0_lr1em3_wd0p0/food101/quad_dw/last_stage_rank_4/metrics.json
food101_l40s_8q8l2f_multiseed_28626369,42,food101,103_q_ls_r4_h0_lr1em3_wd0p0,103,Quadratic depthwise adapter,quad_dw,last_stage,4,no,0.001,0.0,7,0.5359909077788344,0.8555775577557756,0.7782816352117622,0.7861782178217822,/Users/haseebshafi/Documents/GitHub/Quadratic-Neurons-vs.-ReLU-How-Much-Nonlinearity-Is-Enough/Haseeb_trials/4_test/data_4seed/food101_l40s_8q8l2f_multiseed_28626369/seed_42/103_q_ls_r4_h0_lr1em3_wd0p0/food101/quad_dw/last_stage_rank_4/metrics.json
food101_l40s_8q8l2f_multiseed_28626369,42,food101,103_q_ls_r4_h0_lr1em3_wd0p0,103,Quadratic depthwise adapter,quad_dw,last_stage,4,no,0.001,0.0,8,0.5051609680896545,0.8654521452145214,0.7822950028017864,0.7849108910891089,/Users/haseebshafi/Documents/GitHub/Quadratic-Neurons-vs.-ReLU-How-Much-Nonlinearity-Is-Enough/Haseeb_trials/4_test/data_4seed/food101_l40s_8q8l2f_multiseed_28626369/seed_42/103_q_ls_r4_h0_lr1em3_wd0p0/food101/quad_dw/last_stage_rank_4/metrics.json
food101_l40s_8q8l2f_multiseed_28626369,42,food101,103_q_ls_r4_h0_lr1em3_wd0p0,103,Quadratic depthwise adapter,quad_dw,last_stage,4,no,0.001,0.0,9,0.47855474144633453,0.8734521452145214,0.7851921198928803,0.7862970297029703,/Users/haseebshafi/Documents/GitHub/Quadratic-Neurons-vs.-ReLU-How-Much-Nonlinearity-Is-Enough/Haseeb_trials/4_test/data_4seed/food101_l40s_8q8l2f_multiseed_28626369/seed_42/103_q_ls_r4_h0_lr1em3_wd0p0/food101/quad_dw/last_stage_rank_4/metrics.json
food101_l40s_8q8l2f_multiseed_28626369,42,food101,103_q_ls_r4_h0_lr1em3_wd0p0,103,Quadratic depthwise adapter,quad_dw,last_stage,4,no,0.001,0.0,10,0.45900935881562754,0.8786006600660066,0.79280205340831,0.7838415841584159,/Users/haseebshafi/Documents/GitHub/Quadratic-Neurons-vs.-ReLU-How-Much-Nonlinearity-Is-Enough/Haseeb_trials/4_test/data_4seed/food101_l40s_8q8l2f_multiseed_28626369/seed_42/103_q_ls_r4_h0_lr1em3_wd0p0/food101/quad_dw/last_stage_rank_4/metrics.json
food101_l40s_8q8l2f_multiseed_28626369,42,food101,103_q_ls_r4_h0_lr1em3_wd0p0,103,Quadratic depthwise adapter,quad_dw,last_stage,4,no,0.001,0.0,11,0.43670437130164785,0.8868910891089109,0.7975572816780445,0.7815841584158416,/Users/haseebshafi/Documents/GitHub/Quadratic-Neurons-vs.-ReLU-How-Much-Nonlinearity-Is-Enough/Haseeb_trials/4_test/data_4seed/food101_l40s_8q8l2f_multiseed_28626369/seed_42/103_q_ls_r4_h0_lr1em3_wd0p0/food101/quad_dw/last_stage_rank_4/metrics.json
food101_l40s_8q8l2f_multiseed_28626369,42,food101,103_q_ls_r4_h0_lr1em3_wd0p0,103,Quadratic depthwise adapter,quad_dw,last_stage,4,no,0.001,0.0,12,0.4127148011006144,0.8938085808580858,0.8007794881220354,0.7796039603960396,/Users/haseebshafi/Documents/GitHub/Quadratic-Neurons-vs.-ReLU-How-Much-Nonlinearity-Is-Enough/Haseeb_trials/4_test/data_4seed/food101_l40s_8q8l2f_multiseed_28626369/seed_42/103_q_ls_r4_h0_lr1em3_wd0p0/food101/quad_dw/last_stage_rank_4/metrics.json
food101_l40s_8q8l2f_multiseed_28626369,42,food101,104_q_ls_r2_h0_lr3em4_wd0p01,104,Quadratic depthwise adapter,quad_dw,last_stage,2,no,0.0003,0.01,1,0.7466932920056207,0.7975445544554456,0.770062692759282,0.784950495049505,/Users/haseebshafi/Documents/GitHub/Quadratic-Neurons-vs.-ReLU-How-Much-Nonlinearity-Is-Enough/Haseeb_trials/4_test/data_4seed/food101_l40s_8q8l2f_multiseed_28626369/seed_42/104_q_ls_r2_h0_lr3em4_wd0p01/food101/quad_dw/last_stage_rank_2/metrics.json
food101_l40s_8q8l2f_multiseed_28626369,42,food101,104_q_ls_r2_h0_lr3em4_wd0p01,104,Quadratic depthwise adapter,quad_dw,last_stage,2,no,0.0003,0.01,2,0.7218634837090773,0.801940594059406,0.7635728198182907,0.7877227722772278,/Users/haseebshafi/Documents/GitHub/Quadratic-Neurons-vs.-ReLU-How-Much-Nonlinearity-Is-Enough/Haseeb_trials/4_test/data_4seed/food101_l40s_8q8l2f_multiseed_28626369/seed_42/104_q_ls_r2_h0_lr3em4_wd0p01/food101/quad_dw/last_stage_rank_2/metrics.json
food101_l40s_8q8l2f_multiseed_28626369,42,food101,104_q_ls_r2_h0_lr3em4_wd0p01,104,Quadratic depthwise adapter,quad_dw,last_stage,2,no,0.0003,0.01,3,0.7054518591594381,0.8074587458745874,0.7623800757094332,0.7881188118811882,/Users/haseebshafi/Documents/GitHub/Quadratic-Neurons-vs.-ReLU-How-Much-Nonlinearity-Is-Enough/Haseeb_trials/4_test/data_4seed/food101_l40s_8q8l2f_multiseed_28626369/seed_42/104_q_ls_r2_h0_lr3em4_wd0p01/food101/quad_dw/last_stage_rank_2/metrics.json
food101_l40s_8q8l2f_multiseed_28626369,42,food101,104_q_ls_r2_h0_lr3em4_wd0p01,104,Quadratic depthwise adapter,quad_dw,last_stage,2,no,0.0003,0.01,4,0.6917523914563773,0.8100462046204621,0.7612856457047533,0.7885940594059406,/Users/haseebshafi/Documents/GitHub/Quadratic-Neurons-vs.-ReLU-How-Much-Nonlinearity-Is-Enough/Haseeb_trials/4_test/data_4seed/food101_l40s_8q8l2f_multiseed_28626369/seed_42/104_q_ls_r2_h0_lr3em4_wd0p01/food101/quad_dw/last_stage_rank_2/metrics.json
food101_l40s_8q8l2f_multiseed_28626369,42,food101,104_q_ls_r2_h0_lr3em4_wd0p01,104,Quadratic depthwise adapter,quad_dw,last_stage,2,no,0.0003,0.01,5,0.6787050344589913,0.81396699669967,0.7628004986891284,0.7884356435643565,/Users/haseebshafi/Documents/GitHub/Quadratic-Neurons-vs.-ReLU-How-Much-Nonlinearity-Is-Enough/Haseeb_trials/4_test/data_4seed/food101_l40s_8q8l2f_multiseed_28626369/seed_42/104_q_ls_r2_h0_lr3em4_wd0p01/food101/quad_dw/last_stage_rank_2/metrics.json
food101_l40s_8q8l2f_multiseed_28626369,42,food101,104_q_ls_r2_h0_lr3em4_wd0p01,104,Quadratic depthwise adapter,quad_dw,last_stage,2,no,0.0003,0.01,6,0.6633763692186218,0.8188646864686469,0.7643355490061464,0.7883564356435644,/Users/haseebshafi/Documents/GitHub/Quadratic-Neurons-vs.-ReLU-How-Much-Nonlinearity-Is-Enough/Haseeb_trials/4_test/data_4seed/food101_l40s_8q8l2f_multiseed_28626369/seed_42/104_q_ls_r2_h0_lr3em4_wd0p01/food101/quad_dw/last_stage_rank_2/metrics.json
food101_l40s_8q8l2f_multiseed_28626369,42,food101,104_q_ls_r2_h0_lr3em4_wd0p01,104,Quadratic depthwise adapter,quad_dw,last_stage,2,no,0.0003,0.01,7,0.6558947897272142,0.8211353135313532,0.7624704532487927,0.790019801980198,/Users/haseebshafi/Documents/GitHub/Quadratic-Neurons-vs.-ReLU-How-Much-Nonlinearity-Is-Enough/Haseeb_trials/4_test/data_4seed/food101_l40s_8q8l2f_multiseed_28626369/seed_42/104_q_ls_r2_h0_lr3em4_wd0p01/food101/quad_dw/last_stage_rank_2/metrics.json
food101_l40s_8q8l2f_multiseed_28626369,42,food101,104_q_ls_r2_h0_lr3em4_wd0p01,104,Quadratic depthwise adapter,quad_dw,last_stage,2,no,0.0003,0.01,8,0.640258227486815,0.8252805280528053,0.7616312350202905,0.7896633663366337,/Users/haseebshafi/Documents/GitHub/Quadratic-Neurons-vs.-ReLU-How-Much-Nonlinearity-Is-Enough/Haseeb_trials/4_test/data_4seed/food101_l40s_8q8l2f_multiseed_28626369/seed_42/104_q_ls_r2_h0_lr3em4_wd0p01/food101/quad_dw/last_stage_rank_2/metrics.json
food101_l40s_8q8l2f_multiseed_28626369,42,food101,104_q_ls_r2_h0_lr3em4_wd0p01,104,Quadratic depthwise adapter,quad_dw,last_stage,2,no,0.0003,0.01,9,0.6262690575744453,0.8291617161716172,0.7656729417731709,0.7896633663366337,/Users/haseebshafi/Documents/GitHub/Quadratic-Neurons-vs.-ReLU-How-Much-Nonlinearity-Is-Enough/Haseeb_trials/4_test/data_4seed/food101_l40s_8q8l2f_multiseed_28626369/seed_42/104_q_ls_r2_h0_lr3em4_wd0p01/food101/quad_dw/last_stage_rank_2/metrics.json
food101_l40s_8q8l2f_multiseed_28626369,42,food101,104_q_ls_r2_h0_lr3em4_wd0p01,104,Quadratic depthwise adapter,quad_dw,last_stage,2,no,0.0003,0.01,10,0.619811234354186,0.8315115511551155,0.7651843928997544,0.7891881188118812,/Users/haseebshafi/Documents/GitHub/Quadratic-Neurons-vs.-ReLU-How-Much-Nonlinearity-Is-Enough/Haseeb_trials/4_test/data_4seed/food101_l40s_8q8l2f_multiseed_28626369/seed_42/104_q_ls_r2_h0_lr3em4_wd0p01/food101/quad_dw/last_stage_rank_2/metrics.json
food101_l40s_8q8l2f_multiseed_28626369,42,food101,104_q_ls_r2_h0_lr3em4_wd0p01,104,Quadratic depthwise adapter,quad_dw,last_stage,2,no,0.0003,0.01,11,0.6048263536616914,0.8361716171617162,0.7686744808128638,0.7890297029702971,/Users/haseebshafi/Documents/GitHub/Quadratic-Neurons-vs.-ReLU-How-Much-Nonlinearity-Is-Enough/Haseeb_trials/4_test/data_4seed/food101_l40s_8q8l2f_multiseed_28626369/seed_42/104_q_ls_r2_h0_lr3em4_wd0p01/food101/quad_dw/last_stage_rank_2/metrics.json
food101_l40s_8q8l2f_multiseed_28626369,42,food101,104_q_ls_r2_h0_lr3em4_wd0p01,104,Quadratic depthwise adapter,quad_dw,last_stage,2,no,0.0003,0.01,12,0.5936951398424583,0.8390363036303631,0.7686850627219987,0.7878811881188119,/Users/haseebshafi/Documents/GitHub/Quadratic-Neurons-vs.-ReLU-How-Much-Nonlinearity-Is-Enough/Haseeb_trials/4_test/data_4seed/food101_l40s_8q8l2f_multiseed_28626369/seed_42/104_q_ls_r2_h0_lr3em4_wd0p01/food101/quad_dw/last_stage_rank_2/metrics.json
food101_l40s_8q8l2f_multiseed_28626369,42,food101,105_q_all_r1_h0_lr3em4_wd0p0,105,Quadratic depthwise adapter,quad_dw,all,1,no,0.0003,0.0,1,0.7081428616754588,0.8061914191419142,0.7255985992491097,0.7971089108910892,/Users/haseebshafi/Documents/GitHub/Quadratic-Neurons-vs.-ReLU-How-Much-Nonlinearity-Is-Enough/Haseeb_trials/4_test/data_4seed/food101_l40s_8q8l2f_multiseed_28626369/seed_42/105_q_all_r1_h0_lr3em4_wd0p0/food101/quad_dw/all_rank_1/metrics.json
food101_l40s_8q8l2f_multiseed_28626369,42,food101,105_q_all_r1_h0_lr3em4_wd0p0,105,Quadratic depthwise adapter,quad_dw,all,1,no,0.0003,0.0,2,0.6613586172679863,0.8185214521452145,0.7015609807217641,0.8062178217821783,/Users/haseebshafi/Documents/GitHub/Quadratic-Neurons-vs.-ReLU-How-Much-Nonlinearity-Is-Enough/Haseeb_trials/4_test/data_4seed/food101_l40s_8q8l2f_multiseed_28626369/seed_42/105_q_all_r1_h0_lr3em4_wd0p0/food101/quad_dw/all_rank_1/metrics.json
food101_l40s_8q8l2f_multiseed_28626369,42,food101,105_q_all_r1_h0_lr3em4_wd0p0,105,Quadratic depthwise adapter,quad_dw,all,1,no,0.0003,0.0,3,0.6204292409294115,0.8298085808580858,0.700539096634918,0.8043168316831684,/Users/haseebshafi/Documents/GitHub/Quadratic-Neurons-vs.-ReLU-How-Much-Nonlinearity-Is-Enough/Haseeb_trials/4_test/data_4seed/food101_l40s_8q8l2f_multiseed_28626369/seed_42/105_q_all_r1_h0_lr3em4_wd0p0/food101/quad_dw/all_rank_1/metrics.json
food101_l40s_8q8l2f_multiseed_28626369,42,food101,105_q_all_r1_h0_lr3em4_wd0p0,105,Quadratic depthwise adapter,quad_dw,all,1,no,0.0003,0.0,4,0.5850567962651205,0.8398943894389439,0.6980475793656995,0.8064554455445545,/Users/haseebshafi/Documents/GitHub/Quadratic-Neurons-vs.-ReLU-How-Much-Nonlinearity-Is-Enough/Haseeb_trials/4_test/data_4seed/food101_l40s_8q8l2f_multiseed_28626369/seed_42/105_q_all_r1_h0_lr3em4_wd0p0/food101/quad_dw/all_rank_1/metrics.json
food101_l40s_8q8l2f_multiseed_28626369,42,food101,105_q_all_r1_h0_lr3em4_wd0p0,105,Quadratic depthwise adapter,quad_dw,all,1,no,0.0003,0.0,5,0.5490995447053374,0.8511683168316831,0.7005622363277978,0.8077227722772278,/Users/haseebshafi/Documents/GitHub/Quadratic-Neurons-vs.-ReLU-How-Much-Nonlinearity-Is-Enough/Haseeb_trials/4_test/data_4seed/food101_l40s_8q8l2f_multiseed_28626369/seed_42/105_q_all_r1_h0_lr3em4_wd0p0/food101/quad_dw/all_rank_1/metrics.json
food101_l40s_8q8l2f_multiseed_28626369,42,food101,105_q_all_r1_h0_lr3em4_wd0p0,105,Quadratic depthwise adapter,quad_dw,all,1,no,0.0003,0.0,6,0.5167958463001566,0.8597491749174917,0.7038774312572221,0.8068514851485149,/Users/haseebshafi/Documents/GitHub/Quadratic-Neurons-vs.-ReLU-How-Much-Nonlinearity-Is-Enough/Haseeb_trials/4_test/data_4seed/food101_l40s_8q8l2f_multiseed_28626369/seed_42/105_q_all_r1_h0_lr3em4_wd0p0/food101/quad_dw/all_rank_1/metrics.json
food101_l40s_8q8l2f_multiseed_28626369,42,food101,105_q_all_r1_h0_lr3em4_wd0p0,105,Quadratic depthwise adapter,quad_dw,all,1,no,0.0003,0.0,7,0.48686451993167107,0.8695181518151816,0.7099370045890377,0.8068910891089109,/Users/haseebshafi/Documents/GitHub/Quadratic-Neurons-vs.-ReLU-How-Much-Nonlinearity-Is-Enough/Haseeb_trials/4_test/data_4seed/food101_l40s_8q8l2f_multiseed_28626369/seed_42/105_q_all_r1_h0_lr3em4_wd0p0/food101/quad_dw/all_rank_1/metrics.json
food101_l40s_8q8l2f_multiseed_28626369,42,food101,105_q_all_r1_h0_lr3em4_wd0p0,105,Quadratic depthwise adapter,quad_dw,all,1,no,0.0003,0.0,8,0.4548935456307414,0.8777953795379538,0.7155881985456056,0.8057029702970298,/Users/haseebshafi/Documents/GitHub/Quadratic-Neurons-vs.-ReLU-How-Much-Nonlinearity-Is-Enough/Haseeb_trials/4_test/data_4seed/food101_l40s_8q8l2f_multiseed_28626369/seed_42/105_q_all_r1_h0_lr3em4_wd0p0/food101/quad_dw/all_rank_1/metrics.json
food101_l40s_8q8l2f_multiseed_28626369,42,food101,105_q_all_r1_h0_lr3em4_wd0p0,105,Quadratic depthwise adapter,quad_dw,all,1,no,0.0003,0.0,9,0.4289864302523459,0.884990099009901,0.7205510694237315,0.8030099009900991,/Users/haseebshafi/Documents/GitHub/Quadratic-Neurons-vs.-ReLU-How-Much-Nonlinearity-Is-Enough/Haseeb_trials/4_test/data_4seed/food101_l40s_8q8l2f_multiseed_28626369/seed_42/105_q_all_r1_h0_lr3em4_wd0p0/food101/quad_dw/all_rank_1/metrics.json
food101_l40s_8q8l2f_multiseed_28626369,42,food101,105_q_all_r1_h0_lr3em4_wd0p0,105,Quadratic depthwise adapter,quad_dw,all,1,no,0.0003,0.0,10,0.40370132923126223,0.8923432343234323,0.7210932147383488,0.8057821782178218,/Users/haseebshafi/Documents/GitHub/Quadratic-Neurons-vs.-ReLU-How-Much-Nonlinearity-Is-Enough/Haseeb_trials/4_test/data_4seed/food101_l40s_8q8l2f_multiseed_28626369/seed_42/105_q_all_r1_h0_lr3em4_wd0p0/food101/quad_dw/all_rank_1/metrics.json
food101_l40s_8q8l2f_multiseed_28626369,42,food101,105_q_all_r1_h0_lr3em4_wd0p0,105,Quadratic depthwise adapter,quad_dw,all,1,no,0.0003,0.0,11,0.37551421219051473,0.9015709570957096,0.7272160001283438,0.802930693069307,/Users/haseebshafi/Documents/GitHub/Quadratic-Neurons-vs.-ReLU-How-Much-Nonlinearity-Is-Enough/Haseeb_trials/4_test/data_4seed/food101_l40s_8q8l2f_multiseed_28626369/seed_42/105_q_all_r1_h0_lr3em4_wd0p0/food101/quad_dw/all_rank_1/metrics.json
food101_l40s_8q8l2f_multiseed_28626369,42,food101,105_q_all_r1_h0_lr3em4_wd0p0,105,Quadratic depthwise adapter,quad_dw,all,1,no,0.0003,0.0,12,0.35532782984271694,0.907009900990099,0.7321397106067858,0.8025346534653466,/Users/haseebshafi/Documents/GitHub/Quadratic-Neurons-vs.-ReLU-How-Much-Nonlinearity-Is-Enough/Haseeb_trials/4_test/data_4seed/food101_l40s_8q8l2f_multiseed_28626369/seed_42/105_q_all_r1_h0_lr3em4_wd0p0/food101/quad_dw/all_rank_1/metrics.json
food101_l40s_8q8l2f_multiseed_28626369,42,food101,106_q_all_r2_h0_lr3em4_wd0p0,106,Quadratic depthwise adapter,quad_dw,all,2,no,0.0003,0.0,1,0.7081479825193536,0.8075247524752476,0.7101476505084867,0.7998415841584159,/Users/haseebshafi/Documents/GitHub/Quadratic-Neurons-vs.-ReLU-How-Much-Nonlinearity-Is-Enough/Haseeb_trials/4_test/data_4seed/food101_l40s_8q8l2f_multiseed_28626369/seed_42/106_q_all_r2_h0_lr3em4_wd0p0/food101/quad_dw/all_rank_2/metrics.json
food101_l40s_8q8l2f_multiseed_28626369,42,food101,106_q_all_r2_h0_lr3em4_wd0p0,106,Quadratic depthwise adapter,quad_dw,all,2,no,0.0003,0.0,2,0.6601153754920456,0.8194191419141914,0.6958733939595594,0.8044752475247525,/Users/haseebshafi/Documents/GitHub/Quadratic-Neurons-vs.-ReLU-How-Much-Nonlinearity-Is-Enough/Haseeb_trials/4_test/data_4seed/food101_l40s_8q8l2f_multiseed_28626369/seed_42/106_q_all_r2_h0_lr3em4_wd0p0/food101/quad_dw/all_rank_2/metrics.json
food101_l40s_8q8l2f_multiseed_28626369,42,food101,106_q_all_r2_h0_lr3em4_wd0p0,106,Quadratic depthwise adapter,quad_dw,all,2,no,0.0003,0.0,3,0.6216713844874118,0.8293333333333334,0.6924792701494465,0.8062574257425743,/Users/haseebshafi/Documents/GitHub/Quadratic-Neurons-vs.-ReLU-How-Much-Nonlinearity-Is-Enough/Haseeb_trials/4_test/data_4seed/food101_l40s_8q8l2f_multiseed_28626369/seed_42/106_q_all_r2_h0_lr3em4_wd0p0/food101/quad_dw/all_rank_2/metrics.json
food101_l40s_8q8l2f_multiseed_28626369,42,food101,106_q_all_r2_h0_lr3em4_wd0p0,106,Quadratic depthwise adapter,quad_dw,all,2,no,0.0003,0.0,4,0.5826516372945049,0.840990099009901,0.6944910168361177,0.8072871287128713,/Users/haseebshafi/Documents/GitHub/Quadratic-Neurons-vs.-ReLU-How-Much-Nonlinearity-Is-Enough/Haseeb_trials/4_test/data_4seed/food101_l40s_8q8l2f_multiseed_28626369/seed_42/106_q_all_r2_h0_lr3em4_wd0p0/food101/quad_dw/all_rank_2/metrics.json
food101_l40s_8q8l2f_multiseed_28626369,42,food101,106_q_all_r2_h0_lr3em4_wd0p0,106,Quadratic depthwise adapter,quad_dw,all,2,no,0.0003,0.0,5,0.5444414611083053,0.8513795379537954,0.700677064961159,0.8063762376237624,/Users/haseebshafi/Documents/GitHub/Quadratic-Neurons-vs.-ReLU-How-Much-Nonlinearity-Is-Enough/Haseeb_trials/4_test/data_4seed/food101_l40s_8q8l2f_multiseed_28626369/seed_42/106_q_all_r2_h0_lr3em4_wd0p0/food101/quad_dw/all_rank_2/metrics.json
food101_l40s_8q8l2f_multiseed_28626369,42,food101,106_q_all_r2_h0_lr3em4_wd0p0,106,Quadratic depthwise adapter,quad_dw,all,2,no,0.0003,0.0,6,0.504601716283131,0.8637491749174917,0.7000607313904358,0.8068118811881189,/Users/haseebshafi/Documents/GitHub/Quadratic-Neurons-vs.-ReLU-How-Much-Nonlinearity-Is-Enough/Haseeb_trials/4_test/data_4seed/food101_l40s_8q8l2f_multiseed_28626369/seed_42/106_q_all_r2_h0_lr3em4_wd0p0/food101/quad_dw/all_rank_2/metrics.json
food101_l40s_8q8l2f_multiseed_28626369,42,food101,106_q_all_r2_h0_lr3em4_wd0p0,106,Quadratic depthwise adapter,quad_dw,all,2,no,0.0003,0.0,7,0.470488044752933,0.8738877887788778,0.7065619434445525,0.8073663366336634,/Users/haseebshafi/Documents/GitHub/Quadratic-Neurons-vs.-ReLU-How-Much-Nonlinearity-Is-Enough/Haseeb_trials/4_test/data_4seed/food101_l40s_8q8l2f_multiseed_28626369/seed_42/106_q_all_r2_h0_lr3em4_wd0p0/food101/quad_dw/all_rank_2/metrics.json
food101_l40s_8q8l2f_multiseed_28626369,42,food101,106_q_all_r2_h0_lr3em4_wd0p0,106,Quadratic depthwise adapter,quad_dw,all,2,no,0.0003,0.0,8,0.43384944790031255,0.8851089108910891,0.7094854170820021,0.8050297029702971,/Users/haseebshafi/Documents/GitHub/Quadratic-Neurons-vs.-ReLU-How-Much-Nonlinearity-Is-Enough/Haseeb_trials/4_test/data_4seed/food101_l40s_8q8l2f_multiseed_28626369/seed_42/106_q_all_r2_h0_lr3em4_wd0p0/food101/quad_dw/all_rank_2/metrics.json
food101_l40s_8q8l2f_multiseed_28626369,42,food101,106_q_all_r2_h0_lr3em4_wd0p0,106,Quadratic depthwise adapter,quad_dw,all,2,no,0.0003,0.0,9,0.4054535209707694,0.8934785478547855,0.7134621015762505,0.8053861386138614,/Users/haseebshafi/Documents/GitHub/Quadratic-Neurons-vs.-ReLU-How-Much-Nonlinearity-Is-Enough/Haseeb_trials/4_test/data_4seed/food101_l40s_8q8l2f_multiseed_28626369/seed_42/106_q_all_r2_h0_lr3em4_wd0p0/food101/quad_dw/all_rank_2/metrics.json
food101_l40s_8q8l2f_multiseed_28626369,42,food101,106_q_all_r2_h0_lr3em4_wd0p0,106,Quadratic depthwise adapter,quad_dw,all,2,no,0.0003,0.0,10,0.3782297171299214,0.9000792079207921,0.7199425391082624,0.8015049504950496,/Users/haseebshafi/Documents/GitHub/Quadratic-Neurons-vs.-ReLU-How-Much-Nonlinearity-Is-Enough/Haseeb_trials/4_test/data_4seed/food101_l40s_8q8l2f_multiseed_28626369/seed_42/106_q_all_r2_h0_lr3em4_wd0p0/food101/quad_dw/all_rank_2/metrics.json
food101_l40s_8q8l2f_multiseed_28626369,42,food101,106_q_all_r2_h0_lr3em4_wd0p0,106,Quadratic depthwise adapter,quad_dw,all,2,no,0.0003,0.0,11,0.3500844893644352,0.9088844884488448,0.7278701319494791,0.8012277227722773,/Users/haseebshafi/Documents/GitHub/Quadratic-Neurons-vs.-ReLU-How-Much-Nonlinearity-Is-Enough/Haseeb_trials/4_test/data_4seed/food101_l40s_8q8l2f_multiseed_28626369/seed_42/106_q_all_r2_h0_lr3em4_wd0p0/food101/quad_dw/all_rank_2/metrics.json
food101_l40s_8q8l2f_multiseed_28626369,42,food101,106_q_all_r2_h0_lr3em4_wd0p0,106,Quadratic depthwise adapter,quad_dw,all,2,no,0.0003,0.0,12,0.32649987108715295,0.9168184818481848,0.731049887931795,0.8006732673267327,/Users/haseebshafi/Documents/GitHub/Quadratic-Neurons-vs.-ReLU-How-Much-Nonlinearity-Is-Enough/Haseeb_trials/4_test/data_4seed/food101_l40s_8q8l2f_multiseed_28626369/seed_42/106_q_all_r2_h0_lr3em4_wd0p0/food101/quad_dw/all_rank_2/metrics.json
food101_l40s_8q8l2f_multiseed_28626369,42,food101,107_q_ls_r2_h1_lr1em4_wd0p0,107,Quadratic depthwise adapter,quad_dw,last_stage,2,yes,0.0001,0.0,1,0.7397680806861853,0.8028118811881189,0.7488181372731924,0.7922376237623763,/Users/haseebshafi/Documents/GitHub/Quadratic-Neurons-vs.-ReLU-How-Much-Nonlinearity-Is-Enough/Haseeb_trials/4_test/data_4seed/food101_l40s_8q8l2f_multiseed_28626369/seed_42/107_q_ls_r2_h1_lr1em4_wd0p0/food101/quad_dw/last_stage_rank_2/metrics.json
food101_l40s_8q8l2f_multiseed_28626369,42,food101,107_q_ls_r2_h1_lr1em4_wd0p0,107,Quadratic depthwise adapter,quad_dw,last_stage,2,yes,0.0001,0.0,2,0.7112081374587006,0.8072343234323432,0.7436204906361971,0.7933465346534654,/Users/haseebshafi/Documents/GitHub/Quadratic-Neurons-vs.-ReLU-How-Much-Nonlinearity-Is-Enough/Haseeb_trials/4_test/data_4seed/food101_l40s_8q8l2f_multiseed_28626369/seed_42/107_q_ls_r2_h1_lr1em4_wd0p0/food101/quad_dw/last_stage_rank_2/metrics.json
food101_l40s_8q8l2f_multiseed_28626369,42,food101,107_q_ls_r2_h1_lr1em4_wd0p0,107,Quadratic depthwise adapter,quad_dw,last_stage,2,yes,0.0001,0.0,3,0.6962948231335127,0.812,0.7414478454448209,0.7934257425742575,/Users/haseebshafi/Documents/GitHub/Quadratic-Neurons-vs.-ReLU-How-Much-Nonlinearity-Is-Enough/Haseeb_trials/4_test/data_4seed/food101_l40s_8q8l2f_multiseed_28626369/seed_42/107_q_ls_r2_h1_lr1em4_wd0p0/food101/quad_dw/last_stage_rank_2/metrics.json
food101_l40s_8q8l2f_multiseed_28626369,42,food101,107_q_ls_r2_h1_lr1em4_wd0p0,107,Quadratic depthwise adapter,quad_dw,last_stage,2,yes,0.0001,0.0,4,0.6833158179478284,0.8148514851485148,0.7414072505716272,0.794930693069307,/Users/haseebshafi/Documents/GitHub/Quadratic-Neurons-vs.-ReLU-How-Much-Nonlinearity-Is-Enough/Haseeb_trials/4_test/data_4seed/food101_l40s_8q8l2f_multiseed_28626369/seed_42/107_q_ls_r2_h1_lr1em4_wd0p0/food101/quad_dw/last_stage_rank_2/metrics.json
food101_l40s_8q8l2f_multiseed_28626369,42,food101,107_q_ls_r2_h1_lr1em4_wd0p0,107,Quadratic depthwise adapter,quad_dw,last_stage,2,yes,0.0001,0.0,5,0.673507794655589,0.8172673267326732,0.740940370640616,0.7952871287128713,/Users/haseebshafi/Documents/GitHub/Quadratic-Neurons-vs.-ReLU-How-Much-Nonlinearity-Is-Enough/Haseeb_trials/4_test/data_4seed/food101_l40s_8q8l2f_multiseed_28626369/seed_42/107_q_ls_r2_h1_lr1em4_wd0p0/food101/quad_dw/last_stage_rank_2/metrics.json
food101_l40s_8q8l2f_multiseed_28626369,42,food101,107_q_ls_r2_h1_lr1em4_wd0p0,107,Quadratic depthwise adapter,quad_dw,last_stage,2,yes,0.0001,0.0,6,0.6608200429980904,0.8206468646864686,0.7427345482629198,0.7942574257425743,/Users/haseebshafi/Documents/GitHub/Quadratic-Neurons-vs.-ReLU-How-Much-Nonlinearity-Is-Enough/Haseeb_trials/4_test/data_4seed/food101_l40s_8q8l2f_multiseed_28626369/seed_42/107_q_ls_r2_h1_lr1em4_wd0p0/food101/quad_dw/last_stage_rank_2/metrics.json
food101_l40s_8q8l2f_multiseed_28626369,42,food101,107_q_ls_r2_h1_lr1em4_wd0p0,107,Quadratic depthwise adapter,quad_dw,last_stage,2,yes,0.0001,0.0,7,0.6573383559897394,0.8213201320132013,0.7420165089087395,0.7939009900990099,/Users/haseebshafi/Documents/GitHub/Quadratic-Neurons-vs.-ReLU-How-Much-Nonlinearity-Is-Enough/Haseeb_trials/4_test/data_4seed/food101_l40s_8q8l2f_multiseed_28626369/seed_42/107_q_ls_r2_h1_lr1em4_wd0p0/food101/quad_dw/last_stage_rank_2/metrics.json
food101_l40s_8q8l2f_multiseed_28626369,42,food101,107_q_ls_r2_h1_lr1em4_wd0p0,107,Quadratic depthwise adapter,quad_dw,last_stage,2,yes,0.0001,0.0,8,0.6447556763639545,0.8245412541254126,0.7413808834747881,0.7937821782178218,/Users/haseebshafi/Documents/GitHub/Quadratic-Neurons-vs.-ReLU-How-Much-Nonlinearity-Is-Enough/Haseeb_trials/4_test/data_4seed/food101_l40s_8q8l2f_multiseed_28626369/seed_42/107_q_ls_r2_h1_lr1em4_wd0p0/food101/quad_dw/last_stage_rank_2/metrics.json
food101_l40s_8q8l2f_multiseed_28626369,42,food101,107_q_ls_r2_h1_lr1em4_wd0p0,107,Quadratic depthwise adapter,quad_dw,last_stage,2,yes,0.0001,0.0,9,0.634196393847072,0.8276831683168316,0.742755678398922,0.7934653465346535,/Users/haseebshafi/Documents/GitHub/Quadratic-Neurons-vs.-ReLU-How-Much-Nonlinearity-Is-Enough/Haseeb_trials/4_test/data_4seed/food101_l40s_8q8l2f_multiseed_28626369/seed_42/107_q_ls_r2_h1_lr1em4_wd0p0/food101/quad_dw/last_stage_rank_2/metrics.json
food101_l40s_8q8l2f_multiseed_28626369,42,food101,107_q_ls_r2_h1_lr1em4_wd0p0,107,Quadratic depthwise adapter,quad_dw,last_stage,2,yes,0.0001,0.0,10,0.630122115431249,0.8278415841584158,0.7431538190676987,0.7931485148514852,/Users/haseebshafi/Documents/GitHub/Quadratic-Neurons-vs.-ReLU-How-Much-Nonlinearity-Is-Enough/Haseeb_trials/4_test/data_4seed/food101_l40s_8q8l2f_multiseed_28626369/seed_42/107_q_ls_r2_h1_lr1em4_wd0p0/food101/quad_dw/last_stage_rank_2/metrics.json
food101_l40s_8q8l2f_multiseed_28626369,42,food101,107_q_ls_r2_h1_lr1em4_wd0p0,107,Quadratic depthwise adapter,quad_dw,last_stage,2,yes,0.0001,0.0,11,0.6196609191265043,0.8306402640264027,0.7445864211790412,0.7917623762376238,/Users/haseebshafi/Documents/GitHub/Quadratic-Neurons-vs.-ReLU-How-Much-Nonlinearity-Is-Enough/Haseeb_trials/4_test/data_4seed/food101_l40s_8q8l2f_multiseed_28626369/seed_42/107_q_ls_r2_h1_lr1em4_wd0p0/food101/quad_dw/last_stage_rank_2/metrics.json
food101_l40s_8q8l2f_multiseed_28626369,42,food101,107_q_ls_r2_h1_lr1em4_wd0p0,107,Quadratic depthwise adapter,quad_dw,last_stage,2,yes,0.0001,0.0,12,0.6130274242363354,0.8334521452145215,0.7443604896710909,0.7942178217821783,/Users/haseebshafi/Documents/GitHub/Quadratic-Neurons-vs.-ReLU-How-Much-Nonlinearity-Is-Enough/Haseeb_trials/4_test/data_4seed/food101_l40s_8q8l2f_multiseed_28626369/seed_42/107_q_ls_r2_h1_lr1em4_wd0p0/food101/quad_dw/last_stage_rank_2/metrics.json
food101_l40s_8q8l2f_multiseed_28626369,42,food101,108_q_all_r2_h1_lr1em4_wd0p0,108,Quadratic depthwise adapter,quad_dw,all,2,yes,0.0001,0.0,1,0.7067069479024449,0.8095841584158416,0.7024482461679173,0.8025742574257426,/Users/haseebshafi/Documents/GitHub/Quadratic-Neurons-vs.-ReLU-How-Much-Nonlinearity-Is-Enough/Haseeb_trials/4_test/data_4seed/food101_l40s_8q8l2f_multiseed_28626369/seed_42/108_q_all_r2_h1_lr1em4_wd0p0/food101/quad_dw/all_rank_2/metrics.json
food101_l40s_8q8l2f_multiseed_28626369,42,food101,108_q_all_r2_h1_lr1em4_wd0p0,108,Quadratic depthwise adapter,quad_dw,all,2,yes,0.0001,0.0,2,0.6631658286914573,0.8203564356435643,0.6888316320285643,0.8077227722772278,/Users/haseebshafi/Documents/GitHub/Quadratic-Neurons-vs.-ReLU-How-Much-Nonlinearity-Is-Enough/Haseeb_trials/4_test/data_4seed/food101_l40s_8q8l2f_multiseed_28626369/seed_42/108_q_all_r2_h1_lr1em4_wd0p0/food101/quad_dw/all_rank_2/metrics.json
food101_l40s_8q8l2f_multiseed_28626369,42,food101,108_q_all_r2_h1_lr1em4_wd0p0,108,Quadratic depthwise adapter,quad_dw,all,2,yes,0.0001,0.0,3,0.6370990070596386,0.8258085808580858,0.6826767543067621,0.8083168316831684,/Users/haseebshafi/Documents/GitHub/Quadratic-Neurons-vs.-ReLU-How-Much-Nonlinearity-Is-Enough/Haseeb_trials/4_test/data_4seed/food101_l40s_8q8l2f_multiseed_28626369/seed_42/108_q_all_r2_h1_lr1em4_wd0p0/food101/quad_dw/all_rank_2/metrics.json
food101_l40s_8q8l2f_multiseed_28626369,42,food101,108_q_all_r2_h1_lr1em4_wd0p0,108,Quadratic depthwise adapter,quad_dw,all,2,yes,0.0001,0.0,4,0.6152452354273781,0.8325940594059406,0.6787886047000895,0.8092277227722773,/Users/haseebshafi/Documents/GitHub/Quadratic-Neurons-vs.-ReLU-How-Much-Nonlinearity-Is-Enough/Haseeb_trials/4_test/data_4seed/food101_l40s_8q8l2f_multiseed_28626369/seed_42/108_q_all_r2_h1_lr1em4_wd0p0/food101/quad_dw/all_rank_2/metrics.json
food101_l40s_8q8l2f_multiseed_28626369,42,food101,108_q_all_r2_h1_lr1em4_wd0p0,108,Quadratic depthwise adapter,quad_dw,all,2,yes,0.0001,0.0,5,0.5941994936442612,0.83796699669967,0.6745959580632314,0.8115247524752476,/Users/haseebshafi/Documents/GitHub/Quadratic-Neurons-vs.-ReLU-How-Much-Nonlinearity-Is-Enough/Haseeb_trials/4_test/data_4seed/food101_l40s_8q8l2f_multiseed_28626369/seed_42/108_q_all_r2_h1_lr1em4_wd0p0/food101/quad_dw/all_rank_2/metrics.json
food101_l40s_8q8l2f_multiseed_28626369,42,food101,108_q_all_r2_h1_lr1em4_wd0p0,108,Quadratic depthwise adapter,quad_dw,all,2,yes,0.0001,0.0,6,0.5700493461310667,0.8446600660066007,0.6722724467300082,0.811920792079208,/Users/haseebshafi/Documents/GitHub/Quadratic-Neurons-vs.-ReLU-How-Much-Nonlinearity-Is-Enough/Haseeb_trials/4_test/data_4seed/food101_l40s_8q8l2f_multiseed_28626369/seed_42/108_q_all_r2_h1_lr1em4_wd0p0/food101/quad_dw/all_rank_2/metrics.json
food101_l40s_8q8l2f_multiseed_28626369,42,food101,108_q_all_r2_h1_lr1em4_wd0p0,108,Quadratic depthwise adapter,quad_dw,all,2,yes,0.0001,0.0,7,0.5509079504595338,0.8500726072607261,0.6701206281055964,0.8128712871287128,/Users/haseebshafi/Documents/GitHub/Quadratic-Neurons-vs.-ReLU-How-Much-Nonlinearity-Is-Enough/Haseeb_trials/4_test/data_4seed/food101_l40s_8q8l2f_multiseed_28626369/seed_42/108_q_all_r2_h1_lr1em4_wd0p0/food101/quad_dw/all_rank_2/metrics.json
food101_l40s_8q8l2f_multiseed_28626369,42,food101,108_q_all_r2_h1_lr1em4_wd0p0,108,Quadratic depthwise adapter,quad_dw,all,2,yes,0.0001,0.0,8,0.5294003849840007,0.8558019801980198,0.6697893808498832,0.8135445544554455,/Users/haseebshafi/Documents/GitHub/Quadratic-Neurons-vs.-ReLU-How-Much-Nonlinearity-Is-Enough/Haseeb_trials/4_test/data_4seed/food101_l40s_8q8l2f_multiseed_28626369/seed_42/108_q_all_r2_h1_lr1em4_wd0p0/food101/quad_dw/all_rank_2/metrics.json
food101_l40s_8q8l2f_multiseed_28626369,42,food101,108_q_all_r2_h1_lr1em4_wd0p0,108,Quadratic depthwise adapter,quad_dw,all,2,yes,0.0001,0.0,9,0.512355481564015,0.8603960396039604,0.6691150583405103,0.8156831683168316,/Users/haseebshafi/Documents/GitHub/Quadratic-Neurons-vs.-ReLU-How-Much-Nonlinearity-Is-Enough/Haseeb_trials/4_test/data_4seed/food101_l40s_8q8l2f_multiseed_28626369/seed_42/108_q_all_r2_h1_lr1em4_wd0p0/food101/quad_dw/all_rank_2/metrics.json
food101_l40s_8q8l2f_multiseed_28626369,42,food101,108_q_all_r2_h1_lr1em4_wd0p0,108,Quadratic depthwise adapter,quad_dw,all,2,yes,0.0001,0.0,10,0.493021309631099,0.866006600660066,0.6708163452369558,0.8144554455445544,/Users/haseebshafi/Documents/GitHub/Quadratic-Neurons-vs.-ReLU-How-Much-Nonlinearity-Is-Enough/Haseeb_trials/4_test/data_4seed/food101_l40s_8q8l2f_multiseed_28626369/seed_42/108_q_all_r2_h1_lr1em4_wd0p0/food101/quad_dw/all_rank_2/metrics.json
food101_l40s_8q8l2f_multiseed_28626369,42,food101,108_q_all_r2_h1_lr1em4_wd0p0,108,Quadratic depthwise adapter,quad_dw,all,2,yes,0.0001,0.0,11,0.47368739241578006,0.872013201320132,0.6726913298084816,0.815089108910891,/Users/haseebshafi/Documents/GitHub/Quadratic-Neurons-vs.-ReLU-How-Much-Nonlinearity-Is-Enough/Haseeb_trials/4_test/data_4seed/food101_l40s_8q8l2f_multiseed_28626369/seed_42/108_q_all_r2_h1_lr1em4_wd0p0/food101/quad_dw/all_rank_2/metrics.json
food101_l40s_8q8l2f_multiseed_28626369,42,food101,108_q_all_r2_h1_lr1em4_wd0p0,108,Quadratic depthwise adapter,quad_dw,all,2,yes,0.0001,0.0,12,0.45640421943696025,0.8779273927392739,0.6728148339677343,0.813108910891089,/Users/haseebshafi/Documents/GitHub/Quadratic-Neurons-vs.-ReLU-How-Much-Nonlinearity-Is-Enough/Haseeb_trials/4_test/data_4seed/food101_l40s_8q8l2f_multiseed_28626369/seed_42/108_q_all_r2_h1_lr1em4_wd0p0/food101/quad_dw/all_rank_2/metrics.json
food101_l40s_8q8l2f_multiseed_28626369,42,food101,201_l_ls_r1_h0_lr1em3_wd0p0,201,LoRA depthwise adapter,lora_dw,last_stage,1,no,0.001,0.0,1,0.7399523209392435,0.7974785478547854,0.7575939408394295,0.7881980198019802,/Users/haseebshafi/Documents/GitHub/Quadratic-Neurons-vs.-ReLU-How-Much-Nonlinearity-Is-Enough/Haseeb_trials/4_test/data_4seed/food101_l40s_8q8l2f_multiseed_28626369/seed_42/201_l_ls_r1_h0_lr1em3_wd0p0/food101/lora_dw/last_stage_rank_1/metrics.json
food101_l40s_8q8l2f_multiseed_28626369,42,food101,201_l_ls_r1_h0_lr1em3_wd0p0,201,LoRA depthwise adapter,lora_dw,last_stage,1,no,0.001,0.0,2,0.7016538686374627,0.8085016501650165,0.7519704413308882,0.7904158415841585,/Users/haseebshafi/Documents/GitHub/Quadratic-Neurons-vs.-ReLU-How-Much-Nonlinearity-Is-Enough/Haseeb_trials/4_test/data_4seed/food101_l40s_8q8l2f_multiseed_28626369/seed_42/201_l_ls_r1_h0_lr1em3_wd0p0/food101/lora_dw/last_stage_rank_1/metrics.json
food101_l40s_8q8l2f_multiseed_28626369,42,food101,201_l_ls_r1_h0_lr1em3_wd0p0,201,LoRA depthwise adapter,lora_dw,last_stage,1,no,0.001,0.0,3,0.6751833483755785,0.8163564356435643,0.7475143574976297,0.7931881188118812,/Users/haseebshafi/Documents/GitHub/Quadratic-Neurons-vs.-ReLU-How-Much-Nonlinearity-Is-Enough/Haseeb_trials/4_test/data_4seed/food101_l40s_8q8l2f_multiseed_28626369/seed_42/201_l_ls_r1_h0_lr1em3_wd0p0/food101/lora_dw/last_stage_rank_1/metrics.json
food101_l40s_8q8l2f_multiseed_28626369,42,food101,201_l_ls_r1_h0_lr1em3_wd0p0,201,LoRA depthwise adapter,lora_dw,last_stage,1,no,0.001,0.0,4,0.6512676534873031,0.8216633663366336,0.7500956159459132,0.791009900990099,/Users/haseebshafi/Documents/GitHub/Quadratic-Neurons-vs.-ReLU-How-Much-Nonlinearity-Is-Enough/Haseeb_trials/4_test/data_4seed/food101_l40s_8q8l2f_multiseed_28626369/seed_42/201_l_ls_r1_h0_lr1em3_wd0p0/food101/lora_dw/last_stage_rank_1/metrics.json
food101_l40s_8q8l2f_multiseed_28626369,42,food101,201_l_ls_r1_h0_lr1em3_wd0p0,201,LoRA depthwise adapter,lora_dw,last_stage,1,no,0.001,0.0,5,0.6293744624864938,0.8281320132013201,0.7531873544868875,0.7926732673267327,/Users/haseebshafi/Documents/GitHub/Quadratic-Neurons-vs.-ReLU-How-Much-Nonlinearity-Is-Enough/Haseeb_trials/4_test/data_4seed/food101_l40s_8q8l2f_multiseed_28626369/seed_42/201_l_ls_r1_h0_lr1em3_wd0p0/food101/lora_dw/last_stage_rank_1/metrics.json
food101_l40s_8q8l2f_multiseed_28626369,42,food101,201_l_ls_r1_h0_lr1em3_wd0p0,201,LoRA depthwise adapter,lora_dw,last_stage,1,no,0.001,0.0,6,0.6136758251914097,0.8315247524752475,0.7550337132619104,0.7926336633663367,/Users/haseebshafi/Documents/GitHub/Quadratic-Neurons-vs.-ReLU-How-Much-Nonlinearity-Is-Enough/Haseeb_trials/4_test/data_4seed/food101_l40s_8q8l2f_multiseed_28626369/seed_42/201_l_ls_r1_h0_lr1em3_wd0p0/food101/lora_dw/last_stage_rank_1/metrics.json
food101_l40s_8q8l2f_multiseed_28626369,42,food101,201_l_ls_r1_h0_lr1em3_wd0p0,201,LoRA depthwise adapter,lora_dw,last_stage,1,no,0.001,0.0,7,0.5997849386265569,0.8371485148514851,0.758648276759957,0.7907722772277228,/Users/haseebshafi/Documents/GitHub/Quadratic-Neurons-vs.-ReLU-How-Much-Nonlinearity-Is-Enough/Haseeb_trials/4_test/data_4seed/food101_l40s_8q8l2f_multiseed_28626369/seed_42/201_l_ls_r1_h0_lr1em3_wd0p0/food101/lora_dw/last_stage_rank_1/metrics.json
food101_l40s_8q8l2f_multiseed_28626369,42,food101,201_l_ls_r1_h0_lr1em3_wd0p0,201,LoRA depthwise adapter,lora_dw,last_stage,1,no,0.001,0.0,8,0.5867634455453444,0.8403036303630363,0.7598965988969615,0.7898217821782179,/Users/haseebshafi/Documents/GitHub/Quadratic-Neurons-vs.-ReLU-How-Much-Nonlinearity-Is-Enough/Haseeb_trials/4_test/data_4seed/food101_l40s_8q8l2f_multiseed_28626369/seed_42/201_l_ls_r1_h0_lr1em3_wd0p0/food101/lora_dw/last_stage_rank_1/metrics.json
food101_l40s_8q8l2f_multiseed_28626369,42,food101,201_l_ls_r1_h0_lr1em3_wd0p0,201,LoRA depthwise adapter,lora_dw,last_stage,1,no,0.001,0.0,9,0.5731405268691161,0.8442640264026403,0.7636713530777741,0.7897029702970297,/Users/haseebshafi/Documents/GitHub/Quadratic-Neurons-vs.-ReLU-How-Much-Nonlinearity-Is-Enough/Haseeb_trials/4_test/data_4seed/food101_l40s_8q8l2f_multiseed_28626369/seed_42/201_l_ls_r1_h0_lr1em3_wd0p0/food101/lora_dw/last_stage_rank_1/metrics.json
food101_l40s_8q8l2f_multiseed_28626369,42,food101,201_l_ls_r1_h0_lr1em3_wd0p0,201,LoRA depthwise adapter,lora_dw,last_stage,1,no,0.001,0.0,10,0.5617538510281654,0.8461650165016502,0.768095762681299,0.7903762376237624,/Users/haseebshafi/Documents/GitHub/Quadratic-Neurons-vs.-ReLU-How-Much-Nonlinearity-Is-Enough/Haseeb_trials/4_test/data_4seed/food101_l40s_8q8l2f_multiseed_28626369/seed_42/201_l_ls_r1_h0_lr1em3_wd0p0/food101/lora_dw/last_stage_rank_1/metrics.json
food101_l40s_8q8l2f_multiseed_28626369,42,food101,201_l_ls_r1_h0_lr1em3_wd0p0,201,LoRA depthwise adapter,lora_dw,last_stage,1,no,0.001,0.0,11,0.5519821150263544,0.8500066006600661,0.7721204408982879,0.788950495049505,/Users/haseebshafi/Documents/GitHub/Quadratic-Neurons-vs.-ReLU-How-Much-Nonlinearity-Is-Enough/Haseeb_trials/4_test/data_4seed/food101_l40s_8q8l2f_multiseed_28626369/seed_42/201_l_ls_r1_h0_lr1em3_wd0p0/food101/lora_dw/last_stage_rank_1/metrics.json
food101_l40s_8q8l2f_multiseed_28626369,42,food101,201_l_ls_r1_h0_lr1em3_wd0p0,201,LoRA depthwise adapter,lora_dw,last_stage,1,no,0.001,0.0,12,0.545541465063693,0.8513531353135314,0.7751200273511931,0.7891089108910891,/Users/haseebshafi/Documents/GitHub/Quadratic-Neurons-vs.-ReLU-How-Much-Nonlinearity-Is-Enough/Haseeb_trials/4_test/data_4seed/food101_l40s_8q8l2f_multiseed_28626369/seed_42/201_l_ls_r1_h0_lr1em3_wd0p0/food101/lora_dw/last_stage_rank_1/metrics.json
food101_l40s_8q8l2f_multiseed_28626369,42,food101,202_l_ls_r2_h0_lr1em3_wd0p0,202,LoRA depthwise adapter,lora_dw,last_stage,2,no,0.001,0.0,1,0.7370164877644466,0.798970297029703,0.7561369554672833,0.7880792079207921,/Users/haseebshafi/Documents/GitHub/Quadratic-Neurons-vs.-ReLU-How-Much-Nonlinearity-Is-Enough/Haseeb_trials/4_test/data_4seed/food101_l40s_8q8l2f_multiseed_28626369/seed_42/202_l_ls_r2_h0_lr1em3_wd0p0/food101/lora_dw/last_stage_rank_2/metrics.json
food101_l40s_8q8l2f_multiseed_28626369,42,food101,202_l_ls_r2_h0_lr1em3_wd0p0,202,LoRA depthwise adapter,lora_dw,last_stage,2,no,0.001,0.0,2,0.6967943503514374,0.8093201320132013,0.7458305758281546,0.7927920792079208,/Users/haseebshafi/Documents/GitHub/Quadratic-Neurons-vs.-ReLU-How-Much-Nonlinearity-Is-Enough/Haseeb_trials/4_test/data_4seed/food101_l40s_8q8l2f_multiseed_28626369/seed_42/202_l_ls_r2_h0_lr1em3_wd0p0/food101/lora_dw/last_stage_rank_2/metrics.json
food101_l40s_8q8l2f_multiseed_28626369,42,food101,202_l_ls_r2_h0_lr1em3_wd0p0,202,LoRA depthwise adapter,lora_dw,last_stage,2,no,0.001,0.0,3,0.6671522389465433,0.8177029702970297,0.7506336604636993,0.7926336633663367,/Users/haseebshafi/Documents/GitHub/Quadratic-Neurons-vs.-ReLU-How-Much-Nonlinearity-Is-Enough/Haseeb_trials/4_test/data_4seed/food101_l40s_8q8l2f_multiseed_28626369/seed_42/202_l_ls_r2_h0_lr1em3_wd0p0/food101/lora_dw/last_stage_rank_2/metrics.json
food101_l40s_8q8l2f_multiseed_28626369,42,food101,202_l_ls_r2_h0_lr1em3_wd0p0,202,LoRA depthwise adapter,lora_dw,last_stage,2,no,0.001,0.0,4,0.6427484203879983,0.8233135313531353,0.7513542491642868,0.7904950495049505,/Users/haseebshafi/Documents/GitHub/Quadratic-Neurons-vs.-ReLU-How-Much-Nonlinearity-Is-Enough/Haseeb_trials/4_test/data_4seed/food101_l40s_8q8l2f_multiseed_28626369/seed_42/202_l_ls_r2_h0_lr1em3_wd0p0/food101/lora_dw/last_stage_rank_2/metrics.json
food101_l40s_8q8l2f_multiseed_28626369,42,food101,202_l_ls_r2_h0_lr1em3_wd0p0,202,LoRA depthwise adapter,lora_dw,last_stage,2,no,0.001,0.0,5,0.6247774207623484,0.8304950495049505,0.7523636360123458,0.7905346534653466,/Users/haseebshafi/Documents/GitHub/Quadratic-Neurons-vs.-ReLU-How-Much-Nonlinearity-Is-Enough/Haseeb_trials/4_test/data_4seed/food101_l40s_8q8l2f_multiseed_28626369/seed_42/202_l_ls_r2_h0_lr1em3_wd0p0/food101/lora_dw/last_stage_rank_2/metrics.json
food101_l40s_8q8l2f_multiseed_28626369,42,food101,202_l_ls_r2_h0_lr1em3_wd0p0,202,LoRA depthwise adapter,lora_dw,last_stage,2,no,0.001,0.0,6,0.6110003985414411,0.8326732673267326,0.7596490512366157,0.7897821782178218,/Users/haseebshafi/Documents/GitHub/Quadratic-Neurons-vs.-ReLU-How-Much-Nonlinearity-Is-Enough/Haseeb_trials/4_test/data_4seed/food101_l40s_8q8l2f_multiseed_28626369/seed_42/202_l_ls_r2_h0_lr1em3_wd0p0/food101/lora_dw/last_stage_rank_2/metrics.json
food101_l40s_8q8l2f_multiseed_28626369,42,food101,202_l_ls_r2_h0_lr1em3_wd0p0,202,LoRA depthwise adapter,lora_dw,last_stage,2,no,0.001,0.0,7,0.5947548636980969,0.8372277227722772,0.761430257432384,0.7897425742574258,/Users/haseebshafi/Documents/GitHub/Quadratic-Neurons-vs.-ReLU-How-Much-Nonlinearity-Is-Enough/Haseeb_trials/4_test/data_4seed/food101_l40s_8q8l2f_multiseed_28626369/seed_42/202_l_ls_r2_h0_lr1em3_wd0p0/food101/lora_dw/last_stage_rank_2/metrics.json
food101_l40s_8q8l2f_multiseed_28626369,42,food101,202_l_ls_r2_h0_lr1em3_wd0p0,202,LoRA depthwise adapter,lora_dw,last_stage,2,no,0.001,0.0,8,0.5764110145915066,0.8425478547854786,0.7634265932924861,0.7895049504950495,/Users/haseebshafi/Documents/GitHub/Quadratic-Neurons-vs.-ReLU-How-Much-Nonlinearity-Is-Enough/Haseeb_trials/4_test/data_4seed/food101_l40s_8q8l2f_multiseed_28626369/seed_42/202_l_ls_r2_h0_lr1em3_wd0p0/food101/lora_dw/last_stage_rank_2/metrics.json
food101_l40s_8q8l2f_multiseed_28626369,42,food101,202_l_ls_r2_h0_lr1em3_wd0p0,202,LoRA depthwise adapter,lora_dw,last_stage,2,no,0.001,0.0,9,0.5653029920382074,0.8465346534653465,0.7673078185740378,0.7877623762376238,/Users/haseebshafi/Documents/GitHub/Quadratic-Neurons-vs.-ReLU-How-Much-Nonlinearity-Is-Enough/Haseeb_trials/4_test/data_4seed/food101_l40s_8q8l2f_multiseed_28626369/seed_42/202_l_ls_r2_h0_lr1em3_wd0p0/food101/lora_dw/last_stage_rank_2/metrics.json
food101_l40s_8q8l2f_multiseed_28626369,42,food101,202_l_ls_r2_h0_lr1em3_wd0p0,202,LoRA depthwise adapter,lora_dw,last_stage,2,no,0.001,0.0,10,0.5585665766317459,0.8477359735973597,0.7666484733719406,0.7888712871287129,/Users/haseebshafi/Documents/GitHub/Quadratic-Neurons-vs.-ReLU-How-Much-Nonlinearity-Is-Enough/Haseeb_trials/4_test/data_4seed/food101_l40s_8q8l2f_multiseed_28626369/seed_42/202_l_ls_r2_h0_lr1em3_wd0p0/food101/lora_dw/last_stage_rank_2/metrics.json
food101_l40s_8q8l2f_multiseed_28626369,42,food101,202_l_ls_r2_h0_lr1em3_wd0p0,202,LoRA depthwise adapter,lora_dw,last_stage,2,no,0.001,0.0,11,0.5436096407341289,0.8507722772277228,0.7749383859468144,0.7876435643564357,/Users/haseebshafi/Documents/GitHub/Quadratic-Neurons-vs.-ReLU-How-Much-Nonlinearity-Is-Enough/Haseeb_trials/4_test/data_4seed/food101_l40s_8q8l2f_multiseed_28626369/seed_42/202_l_ls_r2_h0_lr1em3_wd0p0/food101/lora_dw/last_stage_rank_2/metrics.json
food101_l40s_8q8l2f_multiseed_28626369,42,food101,202_l_ls_r2_h0_lr1em3_wd0p0,202,LoRA depthwise adapter,lora_dw,last_stage,2,no,0.001,0.0,12,0.5388086538503666,0.8537821782178218,0.7733444194305863,0.7867326732673268,/Users/haseebshafi/Documents/GitHub/Quadratic-Neurons-vs.-ReLU-How-Much-Nonlinearity-Is-Enough/Haseeb_trials/4_test/data_4seed/food101_l40s_8q8l2f_multiseed_28626369/seed_42/202_l_ls_r2_h0_lr1em3_wd0p0/food101/lora_dw/last_stage_rank_2/metrics.json
food101_l40s_8q8l2f_multiseed_28626369,42,food101,203_l_ls_r4_h0_lr1em3_wd0p0,203,LoRA depthwise adapter,lora_dw,last_stage,4,no,0.001,0.0,1,0.7371276622086075,0.7998415841584159,0.7542930941078259,0.7903366336633664,/Users/haseebshafi/Documents/GitHub/Quadratic-Neurons-vs.-ReLU-How-Much-Nonlinearity-Is-Enough/Haseeb_trials/4_test/data_4seed/food101_l40s_8q8l2f_multiseed_28626369/seed_42/203_l_ls_r4_h0_lr1em3_wd0p0/food101/lora_dw/last_stage_rank_4/metrics.json
food101_l40s_8q8l2f_multiseed_28626369,42,food101,203_l_ls_r4_h0_lr1em3_wd0p0,203,LoRA depthwise adapter,lora_dw,last_stage,4,no,0.001,0.0,2,0.6944770698988005,0.8095445544554456,0.7483448859309169,0.7923564356435644,/Users/haseebshafi/Documents/GitHub/Quadratic-Neurons-vs.-ReLU-How-Much-Nonlinearity-Is-Enough/Haseeb_trials/4_test/data_4seed/food101_l40s_8q8l2f_multiseed_28626369/seed_42/203_l_ls_r4_h0_lr1em3_wd0p0/food101/lora_dw/last_stage_rank_4/metrics.json
food101_l40s_8q8l2f_multiseed_28626369,42,food101,203_l_ls_r4_h0_lr1em3_wd0p0,203,LoRA depthwise adapter,lora_dw,last_stage,4,no,0.001,0.0,3,0.6607227319746521,0.8182046204620462,0.7519296158120442,0.7906534653465347,/Users/haseebshafi/Documents/GitHub/Quadratic-Neurons-vs.-ReLU-How-Much-Nonlinearity-Is-Enough/Haseeb_trials/4_test/data_4seed/food101_l40s_8q8l2f_multiseed_28626369/seed_42/203_l_ls_r4_h0_lr1em3_wd0p0/food101/lora_dw/last_stage_rank_4/metrics.json
food101_l40s_8q8l2f_multiseed_28626369,42,food101,203_l_ls_r4_h0_lr1em3_wd0p0,203,LoRA depthwise adapter,lora_dw,last_stage,4,no,0.001,0.0,4,0.6400531922803067,0.8241716171617162,0.7520802749760522,0.792,/Users/haseebshafi/Documents/GitHub/Quadratic-Neurons-vs.-ReLU-How-Much-Nonlinearity-Is-Enough/Haseeb_trials/4_test/data_4seed/food101_l40s_8q8l2f_multiseed_28626369/seed_42/203_l_ls_r4_h0_lr1em3_wd0p0/food101/lora_dw/last_stage_rank_4/metrics.json
food101_l40s_8q8l2f_multiseed_28626369,42,food101,203_l_ls_r4_h0_lr1em3_wd0p0,203,LoRA depthwise adapter,lora_dw,last_stage,4,no,0.001,0.0,5,0.622843482872047,0.8295709570957096,0.7552231228317291,0.790930693069307,/Users/haseebshafi/Documents/GitHub/Quadratic-Neurons-vs.-ReLU-How-Much-Nonlinearity-Is-Enough/Haseeb_trials/4_test/data_4seed/food101_l40s_8q8l2f_multiseed_28626369/seed_42/203_l_ls_r4_h0_lr1em3_wd0p0/food101/lora_dw/last_stage_rank_4/metrics.json
food101_l40s_8q8l2f_multiseed_28626369,42,food101,203_l_ls_r4_h0_lr1em3_wd0p0,203,LoRA depthwise adapter,lora_dw,last_stage,4,no,0.001,0.0,6,0.6027372121260111,0.8350627062706271,0.7607400060648717,0.7916435643564357,/Users/haseebshafi/Documents/GitHub/Quadratic-Neurons-vs.-ReLU-How-Much-Nonlinearity-Is-Enough/Haseeb_trials/4_test/data_4seed/food101_l40s_8q8l2f_multiseed_28626369/seed_42/203_l_ls_r4_h0_lr1em3_wd0p0/food101/lora_dw/last_stage_rank_4/metrics.json
food101_l40s_8q8l2f_multiseed_28626369,42,food101,203_l_ls_r4_h0_lr1em3_wd0p0,203,LoRA depthwise adapter,lora_dw,last_stage,4,no,0.001,0.0,7,0.5905173187617815,0.837980198019802,0.7639886879230536,0.7897821782178218,/Users/haseebshafi/Documents/GitHub/Quadratic-Neurons-vs.-ReLU-How-Much-Nonlinearity-Is-Enough/Haseeb_trials/4_test/data_4seed/food101_l40s_8q8l2f_multiseed_28626369/seed_42/203_l_ls_r4_h0_lr1em3_wd0p0/food101/lora_dw/last_stage_rank_4/metrics.json
food101_l40s_8q8l2f_multiseed_28626369,42,food101,203_l_ls_r4_h0_lr1em3_wd0p0,203,LoRA depthwise adapter,lora_dw,last_stage,4,no,0.001,0.0,8,0.5759403935926583,0.8417557755775578,0.7688829174304593,0.7893465346534654,/Users/haseebshafi/Documents/GitHub/Quadratic-Neurons-vs.-ReLU-How-Much-Nonlinearity-Is-Enough/Haseeb_trials/4_test/data_4seed/food101_l40s_8q8l2f_multiseed_28626369/seed_42/203_l_ls_r4_h0_lr1em3_wd0p0/food101/lora_dw/last_stage_rank_4/metrics.json
food101_l40s_8q8l2f_multiseed_28626369,42,food101,203_l_ls_r4_h0_lr1em3_wd0p0,203,LoRA depthwise adapter,lora_dw,last_stage,4,no,0.001,0.0,9,0.5641771398109965,0.8461650165016502,0.7712832400070706,0.7883564356435644,/Users/haseebshafi/Documents/GitHub/Quadratic-Neurons-vs.-ReLU-How-Much-Nonlinearity-Is-Enough/Haseeb_trials/4_test/data_4seed/food101_l40s_8q8l2f_multiseed_28626369/seed_42/203_l_ls_r4_h0_lr1em3_wd0p0/food101/lora_dw/last_stage_rank_4/metrics.json
food101_l40s_8q8l2f_multiseed_28626369,42,food101,203_l_ls_r4_h0_lr1em3_wd0p0,203,LoRA depthwise adapter,lora_dw,last_stage,4,no,0.001,0.0,10,0.556034918375928,0.8486732673267326,0.7713858942910153,0.7890693069306931,/Users/haseebshafi/Documents/GitHub/Quadratic-Neurons-vs.-ReLU-How-Much-Nonlinearity-Is-Enough/Haseeb_trials/4_test/data_4seed/food101_l40s_8q8l2f_multiseed_28626369/seed_42/203_l_ls_r4_h0_lr1em3_wd0p0/food101/lora_dw/last_stage_rank_4/metrics.json
food101_l40s_8q8l2f_multiseed_28626369,42,food101,203_l_ls_r4_h0_lr1em3_wd0p0,203,LoRA depthwise adapter,lora_dw,last_stage,4,no,0.001,0.0,11,0.5445856999474586,0.850996699669967,0.7781235317062577,0.7866534653465347,/Users/haseebshafi/Documents/GitHub/Quadratic-Neurons-vs.-ReLU-How-Much-Nonlinearity-Is-Enough/Haseeb_trials/4_test/data_4seed/food101_l40s_8q8l2f_multiseed_28626369/seed_42/203_l_ls_r4_h0_lr1em3_wd0p0/food101/lora_dw/last_stage_rank_4/metrics.json
food101_l40s_8q8l2f_multiseed_28626369,42,food101,203_l_ls_r4_h0_lr1em3_wd0p0,203,LoRA depthwise adapter,lora_dw,last_stage,4,no,0.001,0.0,12,0.5375111492112918,0.8528844884488449,0.7831424370663388,0.7861782178217822,/Users/haseebshafi/Documents/GitHub/Quadratic-Neurons-vs.-ReLU-How-Much-Nonlinearity-Is-Enough/Haseeb_trials/4_test/data_4seed/food101_l40s_8q8l2f_multiseed_28626369/seed_42/203_l_ls_r4_h0_lr1em3_wd0p0/food101/lora_dw/last_stage_rank_4/metrics.json
food101_l40s_8q8l2f_multiseed_28626369,42,food101,204_l_ls_r2_h0_lr3em4_wd0p01,204,LoRA depthwise adapter,lora_dw,last_stage,2,no,0.0003,0.01,1,0.7492482098706879,0.7962112211221122,0.7718908721654869,0.7836039603960396,/Users/haseebshafi/Documents/GitHub/Quadratic-Neurons-vs.-ReLU-How-Much-Nonlinearity-Is-Enough/Haseeb_trials/4_test/data_4seed/food101_l40s_8q8l2f_multiseed_28626369/seed_42/204_l_ls_r2_h0_lr3em4_wd0p01/food101/lora_dw/last_stage_rank_2/metrics.json
food101_l40s_8q8l2f_multiseed_28626369,42,food101,204_l_ls_r2_h0_lr3em4_wd0p01,204,LoRA depthwise adapter,lora_dw,last_stage,2,no,0.0003,0.01,2,0.7196111870661821,0.802983498349835,0.7584434427621563,0.7876039603960396,/Users/haseebshafi/Documents/GitHub/Quadratic-Neurons-vs.-ReLU-How-Much-Nonlinearity-Is-Enough/Haseeb_trials/4_test/data_4seed/food101_l40s_8q8l2f_multiseed_28626369/seed_42/204_l_ls_r2_h0_lr3em4_wd0p01/food101/lora_dw/last_stage_rank_2/metrics.json
food101_l40s_8q8l2f_multiseed_28626369,42,food101,204_l_ls_r2_h0_lr3em4_wd0p01,204,LoRA depthwise adapter,lora_dw,last_stage,2,no,0.0003,0.01,3,0.699264066842523,0.8082376237623763,0.7547107877944513,0.7887128712871287,/Users/haseebshafi/Documents/GitHub/Quadratic-Neurons-vs.-ReLU-How-Much-Nonlinearity-Is-Enough/Haseeb_trials/4_test/data_4seed/food101_l40s_8q8l2f_multiseed_28626369/seed_42/204_l_ls_r2_h0_lr3em4_wd0p01/food101/lora_dw/last_stage_rank_2/metrics.json
food101_l40s_8q8l2f_multiseed_28626369,42,food101,204_l_ls_r2_h0_lr3em4_wd0p01,204,LoRA depthwise adapter,lora_dw,last_stage,2,no,0.0003,0.01,4,0.6840444669719576,0.8117623762376238,0.7515132050167511,0.7898613861386139,/Users/haseebshafi/Documents/GitHub/Quadratic-Neurons-vs.-ReLU-How-Much-Nonlinearity-Is-Enough/Haseeb_trials/4_test/data_4seed/food101_l40s_8q8l2f_multiseed_28626369/seed_42/204_l_ls_r2_h0_lr3em4_wd0p01/food101/lora_dw/last_stage_rank_2/metrics.json
food101_l40s_8q8l2f_multiseed_28626369,42,food101,204_l_ls_r2_h0_lr3em4_wd0p01,204,LoRA depthwise adapter,lora_dw,last_stage,2,no,0.0003,0.01,5,0.6710374064941217,0.8178613861386138,0.7492946236410759,0.7907722772277228,/Users/haseebshafi/Documents/GitHub/Quadratic-Neurons-vs.-ReLU-How-Much-Nonlinearity-Is-Enough/Haseeb_trials/4_test/data_4seed/food101_l40s_8q8l2f_multiseed_28626369/seed_42/204_l_ls_r2_h0_lr3em4_wd0p01/food101/lora_dw/last_stage_rank_2/metrics.json
food101_l40s_8q8l2f_multiseed_28626369,42,food101,204_l_ls_r2_h0_lr3em4_wd0p01,204,LoRA depthwise adapter,lora_dw,last_stage,2,no,0.0003,0.01,6,0.6604103204173224,0.820079207920792,0.7487405331246371,0.7924752475247525,/Users/haseebshafi/Documents/GitHub/Quadratic-Neurons-vs.-ReLU-How-Much-Nonlinearity-Is-Enough/Haseeb_trials/4_test/data_4seed/food101_l40s_8q8l2f_multiseed_28626369/seed_42/204_l_ls_r2_h0_lr3em4_wd0p01/food101/lora_dw/last_stage_rank_2/metrics.json
food101_l40s_8q8l2f_multiseed_28626369,42,food101,204_l_ls_r2_h0_lr3em4_wd0p01,204,LoRA depthwise adapter,lora_dw,last_stage,2,no,0.0003,0.01,7,0.6458390949929115,0.8246204620462046,0.7495330046601962,0.7917227722772278,/Users/haseebshafi/Documents/GitHub/Quadratic-Neurons-vs.-ReLU-How-Much-Nonlinearity-Is-Enough/Haseeb_trials/4_test/data_4seed/food101_l40s_8q8l2f_multiseed_28626369/seed_42/204_l_ls_r2_h0_lr3em4_wd0p01/food101/lora_dw/last_stage_rank_2/metrics.json
food101_l40s_8q8l2f_multiseed_28626369,42,food101,204_l_ls_r2_h0_lr3em4_wd0p01,204,LoRA depthwise adapter,lora_dw,last_stage,2,no,0.0003,0.01,8,0.6309069514618848,0.8284884488448845,0.749008663915734,0.791960396039604,/Users/haseebshafi/Documents/GitHub/Quadratic-Neurons-vs.-ReLU-How-Much-Nonlinearity-Is-Enough/Haseeb_trials/4_test/data_4seed/food101_l40s_8q8l2f_multiseed_28626369/seed_42/204_l_ls_r2_h0_lr3em4_wd0p01/food101/lora_dw/last_stage_rank_2/metrics.json
food101_l40s_8q8l2f_multiseed_28626369,42,food101,204_l_ls_r2_h0_lr3em4_wd0p01,204,LoRA depthwise adapter,lora_dw,last_stage,2,no,0.0003,0.01,9,0.6193719288996934,0.8315247524752475,0.751060133051035,0.7915247524752476,/Users/haseebshafi/Documents/GitHub/Quadratic-Neurons-vs.-ReLU-How-Much-Nonlinearity-Is-Enough/Haseeb_trials/4_test/data_4seed/food101_l40s_8q8l2f_multiseed_28626369/seed_42/204_l_ls_r2_h0_lr3em4_wd0p01/food101/lora_dw/last_stage_rank_2/metrics.json
food101_l40s_8q8l2f_multiseed_28626369,42,food101,204_l_ls_r2_h0_lr3em4_wd0p01,204,LoRA depthwise adapter,lora_dw,last_stage,2,no,0.0003,0.01,10,0.6146685732138826,0.831973597359736,0.7530276219989496,0.7916039603960396,/Users/haseebshafi/Documents/GitHub/Quadratic-Neurons-vs.-ReLU-How-Much-Nonlinearity-Is-Enough/Haseeb_trials/4_test/data_4seed/food101_l40s_8q8l2f_multiseed_28626369/seed_42/204_l_ls_r2_h0_lr3em4_wd0p01/food101/lora_dw/last_stage_rank_2/metrics.json
food101_l40s_8q8l2f_multiseed_28626369,42,food101,204_l_ls_r2_h0_lr3em4_wd0p01,204,LoRA depthwise adapter,lora_dw,last_stage,2,no,0.0003,0.01,11,0.5990430529625109,0.8363036303630363,0.755359554849897,0.7918811881188119,/Users/haseebshafi/Documents/GitHub/Quadratic-Neurons-vs.-ReLU-How-Much-Nonlinearity-Is-Enough/Haseeb_trials/4_test/data_4seed/food101_l40s_8q8l2f_multiseed_28626369/seed_42/204_l_ls_r2_h0_lr3em4_wd0p01/food101/lora_dw/last_stage_rank_2/metrics.json
food101_l40s_8q8l2f_multiseed_28626369,42,food101,204_l_ls_r2_h0_lr3em4_wd0p01,204,LoRA depthwise adapter,lora_dw,last_stage,2,no,0.0003,0.01,12,0.5929962540428237,0.838006600660066,0.7566829146882242,0.7905346534653466,/Users/haseebshafi/Documents/GitHub/Quadratic-Neurons-vs.-ReLU-How-Much-Nonlinearity-Is-Enough/Haseeb_trials/4_test/data_4seed/food101_l40s_8q8l2f_multiseed_28626369/seed_42/204_l_ls_r2_h0_lr3em4_wd0p01/food101/lora_dw/last_stage_rank_2/metrics.json
food101_l40s_8q8l2f_multiseed_28626369,42,food101,205_l_all_r1_h0_lr3em4_wd0p0,205,LoRA depthwise adapter,lora_dw,all,1,no,0.0003,0.0,1,0.7110038458144311,0.8074059405940595,0.7147351492439019,0.7985346534653466,/Users/haseebshafi/Documents/GitHub/Quadratic-Neurons-vs.-ReLU-How-Much-Nonlinearity-Is-Enough/Haseeb_trials/4_test/data_4seed/food101_l40s_8q8l2f_multiseed_28626369/seed_42/205_l_all_r1_h0_lr3em4_wd0p0/food101/lora_dw/all_rank_1/metrics.json
food101_l40s_8q8l2f_multiseed_28626369,42,food101,205_l_all_r1_h0_lr3em4_wd0p0,205,LoRA depthwise adapter,lora_dw,all,1,no,0.0003,0.0,2,0.6644051311126243,0.8180726072607261,0.6957709935117918,0.8045940594059406,/Users/haseebshafi/Documents/GitHub/Quadratic-Neurons-vs.-ReLU-How-Much-Nonlinearity-Is-Enough/Haseeb_trials/4_test/data_4seed/food101_l40s_8q8l2f_multiseed_28626369/seed_42/205_l_all_r1_h0_lr3em4_wd0p0/food101/lora_dw/all_rank_1/metrics.json
food101_l40s_8q8l2f_multiseed_28626369,42,food101,205_l_all_r1_h0_lr3em4_wd0p0,205,LoRA depthwise adapter,lora_dw,all,1,no,0.0003,0.0,3,0.6359082102382144,0.8259009900990099,0.686144711167653,0.8080396039603961,/Users/haseebshafi/Documents/GitHub/Quadratic-Neurons-vs.-ReLU-How-Much-Nonlinearity-Is-Enough/Haseeb_trials/4_test/data_4seed/food101_l40s_8q8l2f_multiseed_28626369/seed_42/205_l_all_r1_h0_lr3em4_wd0p0/food101/lora_dw/all_rank_1/metrics.json
food101_l40s_8q8l2f_multiseed_28626369,42,food101,205_l_all_r1_h0_lr3em4_wd0p0,205,LoRA depthwise adapter,lora_dw,all,1,no,0.0003,0.0,4,0.6046361481698826,0.834943894389439,0.6806713329313488,0.8111683168316832,/Users/haseebshafi/Documents/GitHub/Quadratic-Neurons-vs.-ReLU-How-Much-Nonlinearity-Is-Enough/Haseeb_trials/4_test/data_4seed/food101_l40s_8q8l2f_multiseed_28626369/seed_42/205_l_all_r1_h0_lr3em4_wd0p0/food101/lora_dw/all_rank_1/metrics.json
food101_l40s_8q8l2f_multiseed_28626369,42,food101,205_l_all_r1_h0_lr3em4_wd0p0,205,LoRA depthwise adapter,lora_dw,all,1,no,0.0003,0.0,5,0.5776903698074543,0.84203300330033,0.6789139907874425,0.8128316831683168,/Users/haseebshafi/Documents/GitHub/Quadratic-Neurons-vs.-ReLU-How-Much-Nonlinearity-Is-Enough/Haseeb_trials/4_test/data_4seed/food101_l40s_8q8l2f_multiseed_28626369/seed_42/205_l_all_r1_h0_lr3em4_wd0p0/food101/lora_dw/all_rank_1/metrics.json
food101_l40s_8q8l2f_multiseed_28626369,42,food101,205_l_all_r1_h0_lr3em4_wd0p0,205,LoRA depthwise adapter,lora_dw,all,1,no,0.0003,0.0,6,0.5492164683161003,0.8502574257425742,0.6811785736488418,0.8124356435643565,/Users/haseebshafi/Documents/GitHub/Quadratic-Neurons-vs.-ReLU-How-Much-Nonlinearity-Is-Enough/Haseeb_trials/4_test/data_4seed/food101_l40s_8q8l2f_multiseed_28626369/seed_42/205_l_all_r1_h0_lr3em4_wd0p0/food101/lora_dw/all_rank_1/metrics.json
food101_l40s_8q8l2f_multiseed_28626369,42,food101,205_l_all_r1_h0_lr3em4_wd0p0,205,LoRA depthwise adapter,lora_dw,all,1,no,0.0003,0.0,7,0.5240715246987422,0.857095709570957,0.6844883595281235,0.8118019801980199,/Users/haseebshafi/Documents/GitHub/Quadratic-Neurons-vs.-ReLU-How-Much-Nonlinearity-Is-Enough/Haseeb_trials/4_test/data_4seed/food101_l40s_8q8l2f_multiseed_28626369/seed_42/205_l_all_r1_h0_lr3em4_wd0p0/food101/lora_dw/all_rank_1/metrics.json
food101_l40s_8q8l2f_multiseed_28626369,42,food101,205_l_all_r1_h0_lr3em4_wd0p0,205,LoRA depthwise adapter,lora_dw,all,1,no,0.0003,0.0,8,0.49554525817345474,0.8652541254125412,0.6861434608976089,0.8115643564356436,/Users/haseebshafi/Documents/GitHub/Quadratic-Neurons-vs.-ReLU-How-Much-Nonlinearity-Is-Enough/Haseeb_trials/4_test/data_4seed/food101_l40s_8q8l2f_multiseed_28626369/seed_42/205_l_all_r1_h0_lr3em4_wd0p0/food101/lora_dw/all_rank_1/metrics.json
food101_l40s_8q8l2f_multiseed_28626369,42,food101,205_l_all_r1_h0_lr3em4_wd0p0,205,LoRA depthwise adapter,lora_dw,all,1,no,0.0003,0.0,9,0.47094062692182687,0.8735049504950495,0.6904257941401499,0.8112871287128713,/Users/haseebshafi/Documents/GitHub/Quadratic-Neurons-vs.-ReLU-How-Much-Nonlinearity-Is-Enough/Haseeb_trials/4_test/data_4seed/food101_l40s_8q8l2f_multiseed_28626369/seed_42/205_l_all_r1_h0_lr3em4_wd0p0/food101/lora_dw/all_rank_1/metrics.json
food101_l40s_8q8l2f_multiseed_28626369,42,food101,205_l_all_r1_h0_lr3em4_wd0p0,205,LoRA depthwise adapter,lora_dw,all,1,no,0.0003,0.0,10,0.45425184855602757,0.878085808580858,0.6937451361146488,0.8117227722772278,/Users/haseebshafi/Documents/GitHub/Quadratic-Neurons-vs.-ReLU-How-Much-Nonlinearity-Is-Enough/Haseeb_trials/4_test/data_4seed/food101_l40s_8q8l2f_multiseed_28626369/seed_42/205_l_all_r1_h0_lr3em4_wd0p0/food101/lora_dw/all_rank_1/metrics.json
food101_l40s_8q8l2f_multiseed_28626369,42,food101,205_l_all_r1_h0_lr3em4_wd0p0,205,LoRA depthwise adapter,lora_dw,all,1,no,0.0003,0.0,11,0.42994410941585065,0.8852145214521452,0.7023032117277606,0.8105346534653466,/Users/haseebshafi/Documents/GitHub/Quadratic-Neurons-vs.-ReLU-How-Much-Nonlinearity-Is-Enough/Haseeb_trials/4_test/data_4seed/food101_l40s_8q8l2f_multiseed_28626369/seed_42/205_l_all_r1_h0_lr3em4_wd0p0/food101/lora_dw/all_rank_1/metrics.json
food101_l40s_8q8l2f_multiseed_28626369,42,food101,205_l_all_r1_h0_lr3em4_wd0p0,205,LoRA depthwise adapter,lora_dw,all,1,no,0.0003,0.0,12,0.412916407327054,0.8904686468646865,0.70327909205865,0.8096237623762377,/Users/haseebshafi/Documents/GitHub/Quadratic-Neurons-vs.-ReLU-How-Much-Nonlinearity-Is-Enough/Haseeb_trials/4_test/data_4seed/food101_l40s_8q8l2f_multiseed_28626369/seed_42/205_l_all_r1_h0_lr3em4_wd0p0/food101/lora_dw/all_rank_1/metrics.json
food101_l40s_8q8l2f_multiseed_28626369,42,food101,206_l_all_r2_h0_lr3em4_wd0p0,206,LoRA depthwise adapter,lora_dw,all,2,no,0.0003,0.0,1,0.7059446951445967,0.8072871287128713,0.7061198875881215,0.8015841584158416,/Users/haseebshafi/Documents/GitHub/Quadratic-Neurons-vs.-ReLU-How-Much-Nonlinearity-Is-Enough/Haseeb_trials/4_test/data_4seed/food101_l40s_8q8l2f_multiseed_28626369/seed_42/206_l_all_r2_h0_lr3em4_wd0p0/food101/lora_dw/all_rank_2/metrics.json
food101_l40s_8q8l2f_multiseed_28626369,42,food101,206_l_all_r2_h0_lr3em4_wd0p0,206,LoRA depthwise adapter,lora_dw,all,2,no,0.0003,0.0,2,0.6512933973337558,0.8216897689768977,0.6865551784517299,0.8080792079207921,/Users/haseebshafi/Documents/GitHub/Quadratic-Neurons-vs.-ReLU-How-Much-Nonlinearity-Is-Enough/Haseeb_trials/4_test/data_4seed/food101_l40s_8q8l2f_multiseed_28626369/seed_42/206_l_all_r2_h0_lr3em4_wd0p0/food101/lora_dw/all_rank_2/metrics.json
food101_l40s_8q8l2f_multiseed_28626369,42,food101,206_l_all_r2_h0_lr3em4_wd0p0,206,LoRA depthwise adapter,lora_dw,all,2,no,0.0003,0.0,3,0.6121236790147159,0.8318811881188118,0.6763672919477345,0.8111683168316832,/Users/haseebshafi/Documents/GitHub/Quadratic-Neurons-vs.-ReLU-How-Much-Nonlinearity-Is-Enough/Haseeb_trials/4_test/data_4seed/food101_l40s_8q8l2f_multiseed_28626369/seed_42/206_l_all_r2_h0_lr3em4_wd0p0/food101/lora_dw/all_rank_2/metrics.json
food101_l40s_8q8l2f_multiseed_28626369,42,food101,206_l_all_r2_h0_lr3em4_wd0p0,206,LoRA depthwise adapter,lora_dw,all,2,no,0.0003,0.0,4,0.5740472861123164,0.8428910891089109,0.6781267020296914,0.8121584158415842,/Users/haseebshafi/Documents/GitHub/Quadratic-Neurons-vs.-ReLU-How-Much-Nonlinearity-Is-Enough/Haseeb_trials/4_test/data_4seed/food101_l40s_8q8l2f_multiseed_28626369/seed_42/206_l_all_r2_h0_lr3em4_wd0p0/food101/lora_dw/all_rank_2/metrics.json
food101_l40s_8q8l2f_multiseed_28626369,42,food101,206_l_all_r2_h0_lr3em4_wd0p0,206,LoRA depthwise adapter,lora_dw,all,2,no,0.0003,0.0,5,0.5380478153447114,0.8535841584158416,0.6806493147951597,0.813108910891089,/Users/haseebshafi/Documents/GitHub/Quadratic-Neurons-vs.-ReLU-How-Much-Nonlinearity-Is-Enough/Haseeb_trials/4_test/data_4seed/food101_l40s_8q8l2f_multiseed_28626369/seed_42/206_l_all_r2_h0_lr3em4_wd0p0/food101/lora_dw/all_rank_2/metrics.json
food101_l40s_8q8l2f_multiseed_28626369,42,food101,206_l_all_r2_h0_lr3em4_wd0p0,206,LoRA depthwise adapter,lora_dw,all,2,no,0.0003,0.0,6,0.5068207904497782,0.8619273927392739,0.6854712686584064,0.8133861386138613,/Users/haseebshafi/Documents/GitHub/Quadratic-Neurons-vs.-ReLU-How-Much-Nonlinearity-Is-Enough/Haseeb_trials/4_test/data_4seed/food101_l40s_8q8l2f_multiseed_28626369/seed_42/206_l_all_r2_h0_lr3em4_wd0p0/food101/lora_dw/all_rank_2/metrics.json
food101_l40s_8q8l2f_multiseed_28626369,42,food101,206_l_all_r2_h0_lr3em4_wd0p0,206,LoRA depthwise adapter,lora_dw,all,2,no,0.0003,0.0,7,0.47536004964431916,0.8711287128712871,0.6922484825686551,0.8122376237623763,/Users/haseebshafi/Documents/GitHub/Quadratic-Neurons-vs.-ReLU-How-Much-Nonlinearity-Is-Enough/Haseeb_trials/4_test/data_4seed/food101_l40s_8q8l2f_multiseed_28626369/seed_42/206_l_all_r2_h0_lr3em4_wd0p0/food101/lora_dw/all_rank_2/metrics.json
food101_l40s_8q8l2f_multiseed_28626369,42,food101,206_l_all_r2_h0_lr3em4_wd0p0,206,LoRA depthwise adapter,lora_dw,all,2,no,0.0003,0.0,8,0.44736124210546513,0.8806600660066006,0.7000366357006963,0.8101386138613862,/Users/haseebshafi/Documents/GitHub/Quadratic-Neurons-vs.-ReLU-How-Much-Nonlinearity-Is-Enough/Haseeb_trials/4_test/data_4seed/food101_l40s_8q8l2f_multiseed_28626369/seed_42/206_l_all_r2_h0_lr3em4_wd0p0/food101/lora_dw/all_rank_2/metrics.json
food101_l40s_8q8l2f_multiseed_28626369,42,food101,206_l_all_r2_h0_lr3em4_wd0p0,206,LoRA depthwise adapter,lora_dw,all,2,no,0.0003,0.0,9,0.4248300438397395,0.8871419141914192,0.7066030613653693,0.8104554455445545,/Users/haseebshafi/Documents/GitHub/Quadratic-Neurons-vs.-ReLU-How-Much-Nonlinearity-Is-Enough/Haseeb_trials/4_test/data_4seed/food101_l40s_8q8l2f_multiseed_28626369/seed_42/206_l_all_r2_h0_lr3em4_wd0p0/food101/lora_dw/all_rank_2/metrics.json
food101_l40s_8q8l2f_multiseed_28626369,42,food101,206_l_all_r2_h0_lr3em4_wd0p0,206,LoRA depthwise adapter,lora_dw,all,2,no,0.0003,0.0,10,0.4003473747362791,0.8944290429042905,0.7130675357748192,0.8092277227722773,/Users/haseebshafi/Documents/GitHub/Quadratic-Neurons-vs.-ReLU-How-Much-Nonlinearity-Is-Enough/Haseeb_trials/4_test/data_4seed/food101_l40s_8q8l2f_multiseed_28626369/seed_42/206_l_all_r2_h0_lr3em4_wd0p0/food101/lora_dw/all_rank_2/metrics.json
food101_l40s_8q8l2f_multiseed_28626369,42,food101,206_l_all_r2_h0_lr3em4_wd0p0,206,LoRA depthwise adapter,lora_dw,all,2,no,0.0003,0.0,11,0.37962034782560744,0.9003036303630363,0.7199267632749236,0.8067722772277228,/Users/haseebshafi/Documents/GitHub/Quadratic-Neurons-vs.-ReLU-How-Much-Nonlinearity-Is-Enough/Haseeb_trials/4_test/data_4seed/food101_l40s_8q8l2f_multiseed_28626369/seed_42/206_l_all_r2_h0_lr3em4_wd0p0/food101/lora_dw/all_rank_2/metrics.json
food101_l40s_8q8l2f_multiseed_28626369,42,food101,206_l_all_r2_h0_lr3em4_wd0p0,206,LoRA depthwise adapter,lora_dw,all,2,no,0.0003,0.0,12,0.3639574429487238,0.9054257425742575,0.728112219906638,0.8045544554455446,/Users/haseebshafi/Documents/GitHub/Quadratic-Neurons-vs.-ReLU-How-Much-Nonlinearity-Is-Enough/Haseeb_trials/4_test/data_4seed/food101_l40s_8q8l2f_multiseed_28626369/seed_42/206_l_all_r2_h0_lr3em4_wd0p0/food101/lora_dw/all_rank_2/metrics.json
food101_l40s_8q8l2f_multiseed_28626369,42,food101,207_l_ls_r2_h1_lr1em4_wd0p0,207,LoRA depthwise adapter,lora_dw,last_stage,2,yes,0.0001,0.0,1,0.7427855738460427,0.8023366336633664,0.7515458010692555,0.7902178217821783,/Users/haseebshafi/Documents/GitHub/Quadratic-Neurons-vs.-ReLU-How-Much-Nonlinearity-Is-Enough/Haseeb_trials/4_test/data_4seed/food101_l40s_8q8l2f_multiseed_28626369/seed_42/207_l_ls_r2_h1_lr1em4_wd0p0/food101/lora_dw/last_stage_rank_2/metrics.json
food101_l40s_8q8l2f_multiseed_28626369,42,food101,207_l_ls_r2_h1_lr1em4_wd0p0,207,LoRA depthwise adapter,lora_dw,last_stage,2,yes,0.0001,0.0,2,0.7115783915618071,0.809003300330033,0.7443317637245475,0.7920792079207921,/Users/haseebshafi/Documents/GitHub/Quadratic-Neurons-vs.-ReLU-How-Much-Nonlinearity-Is-Enough/Haseeb_trials/4_test/data_4seed/food101_l40s_8q8l2f_multiseed_28626369/seed_42/207_l_ls_r2_h1_lr1em4_wd0p0/food101/lora_dw/last_stage_rank_2/metrics.json
food101_l40s_8q8l2f_multiseed_28626369,42,food101,207_l_ls_r2_h1_lr1em4_wd0p0,207,LoRA depthwise adapter,lora_dw,last_stage,2,yes,0.0001,0.0,3,0.6952198566147203,0.8116303630363036,0.7406405099125413,0.7936633663366337,/Users/haseebshafi/Documents/GitHub/Quadratic-Neurons-vs.-ReLU-How-Much-Nonlinearity-Is-Enough/Haseeb_trials/4_test/data_4seed/food101_l40s_8q8l2f_multiseed_28626369/seed_42/207_l_ls_r2_h1_lr1em4_wd0p0/food101/lora_dw/last_stage_rank_2/metrics.json
food101_l40s_8q8l2f_multiseed_28626369,42,food101,207_l_ls_r2_h1_lr1em4_wd0p0,207,LoRA depthwise adapter,lora_dw,last_stage,2,yes,0.0001,0.0,4,0.6817559763539349,0.8145742574257425,0.7372639726946812,0.7945346534653466,/Users/haseebshafi/Documents/GitHub/Quadratic-Neurons-vs.-ReLU-How-Much-Nonlinearity-Is-Enough/Haseeb_trials/4_test/data_4seed/food101_l40s_8q8l2f_multiseed_28626369/seed_42/207_l_ls_r2_h1_lr1em4_wd0p0/food101/lora_dw/last_stage_rank_2/metrics.json
food101_l40s_8q8l2f_multiseed_28626369,42,food101,207_l_ls_r2_h1_lr1em4_wd0p0,207,LoRA depthwise adapter,lora_dw,last_stage,2,yes,0.0001,0.0,5,0.6718016869533967,0.8189042904290429,0.7360706569822044,0.7942970297029703,/Users/haseebshafi/Documents/GitHub/Quadratic-Neurons-vs.-ReLU-How-Much-Nonlinearity-Is-Enough/Haseeb_trials/4_test/data_4seed/food101_l40s_8q8l2f_multiseed_28626369/seed_42/207_l_ls_r2_h1_lr1em4_wd0p0/food101/lora_dw/last_stage_rank_2/metrics.json
food101_l40s_8q8l2f_multiseed_28626369,42,food101,207_l_ls_r2_h1_lr1em4_wd0p0,207,LoRA depthwise adapter,lora_dw,last_stage,2,yes,0.0001,0.0,6,0.6653782933269791,0.8187590759075908,0.7331351839467183,0.7953663366336634,/Users/haseebshafi/Documents/GitHub/Quadratic-Neurons-vs.-ReLU-How-Much-Nonlinearity-Is-Enough/Haseeb_trials/4_test/data_4seed/food101_l40s_8q8l2f_multiseed_28626369/seed_42/207_l_ls_r2_h1_lr1em4_wd0p0/food101/lora_dw/last_stage_rank_2/metrics.json
food101_l40s_8q8l2f_multiseed_28626369,42,food101,207_l_ls_r2_h1_lr1em4_wd0p0,207,LoRA depthwise adapter,lora_dw,last_stage,2,yes,0.0001,0.0,7,0.6517494547595285,0.8236435643564356,0.7347270609281938,0.7963564356435644,/Users/haseebshafi/Documents/GitHub/Quadratic-Neurons-vs.-ReLU-How-Much-Nonlinearity-Is-Enough/Haseeb_trials/4_test/data_4seed/food101_l40s_8q8l2f_multiseed_28626369/seed_42/207_l_ls_r2_h1_lr1em4_wd0p0/food101/lora_dw/last_stage_rank_2/metrics.json
food101_l40s_8q8l2f_multiseed_28626369,42,food101,207_l_ls_r2_h1_lr1em4_wd0p0,207,LoRA depthwise adapter,lora_dw,last_stage,2,yes,0.0001,0.0,8,0.6399169926643371,0.8261650165016502,0.7328819292020975,0.7966732673267327,/Users/haseebshafi/Documents/GitHub/Quadratic-Neurons-vs.-ReLU-How-Much-Nonlinearity-Is-Enough/Haseeb_trials/4_test/data_4seed/food101_l40s_8q8l2f_multiseed_28626369/seed_42/207_l_ls_r2_h1_lr1em4_wd0p0/food101/lora_dw/last_stage_rank_2/metrics.json
food101_l40s_8q8l2f_multiseed_28626369,42,food101,207_l_ls_r2_h1_lr1em4_wd0p0,207,LoRA depthwise adapter,lora_dw,last_stage,2,yes,0.0001,0.0,9,0.6298225738943213,0.8273927392739274,0.7313384092034643,0.796950495049505,/Users/haseebshafi/Documents/GitHub/Quadratic-Neurons-vs.-ReLU-How-Much-Nonlinearity-Is-Enough/Haseeb_trials/4_test/data_4seed/food101_l40s_8q8l2f_multiseed_28626369/seed_42/207_l_ls_r2_h1_lr1em4_wd0p0/food101/lora_dw/last_stage_rank_2/metrics.json
food101_l40s_8q8l2f_multiseed_28626369,42,food101,207_l_ls_r2_h1_lr1em4_wd0p0,207,LoRA depthwise adapter,lora_dw,last_stage,2,yes,0.0001,0.0,10,0.6256134956815456,0.8292013201320132,0.7316851497608753,0.7966336633663367,/Users/haseebshafi/Documents/GitHub/Quadratic-Neurons-vs.-ReLU-How-Much-Nonlinearity-Is-Enough/Haseeb_trials/4_test/data_4seed/food101_l40s_8q8l2f_multiseed_28626369/seed_42/207_l_ls_r2_h1_lr1em4_wd0p0/food101/lora_dw/last_stage_rank_2/metrics.json
food101_l40s_8q8l2f_multiseed_28626369,42,food101,207_l_ls_r2_h1_lr1em4_wd0p0,207,LoRA depthwise adapter,lora_dw,last_stage,2,yes,0.0001,0.0,11,0.6107039990977879,0.8335445544554455,0.7316658357006987,0.7971089108910892,/Users/haseebshafi/Documents/GitHub/Quadratic-Neurons-vs.-ReLU-How-Much-Nonlinearity-Is-Enough/Haseeb_trials/4_test/data_4seed/food101_l40s_8q8l2f_multiseed_28626369/seed_42/207_l_ls_r2_h1_lr1em4_wd0p0/food101/lora_dw/last_stage_rank_2/metrics.json
food101_l40s_8q8l2f_multiseed_28626369,42,food101,207_l_ls_r2_h1_lr1em4_wd0p0,207,LoRA depthwise adapter,lora_dw,last_stage,2,yes,0.0001,0.0,12,0.6065973453301408,0.835089108910891,0.7326005310010313,0.796950495049505,/Users/haseebshafi/Documents/GitHub/Quadratic-Neurons-vs.-ReLU-How-Much-Nonlinearity-Is-Enough/Haseeb_trials/4_test/data_4seed/food101_l40s_8q8l2f_multiseed_28626369/seed_42/207_l_ls_r2_h1_lr1em4_wd0p0/food101/lora_dw/last_stage_rank_2/metrics.json
food101_l40s_8q8l2f_multiseed_28626369,42,food101,208_l_all_r2_h1_lr1em4_wd0p0,208,LoRA depthwise adapter,lora_dw,all,2,yes,0.0001,0.0,1,0.7122094790219474,0.8079339933993399,0.7030324123060644,0.8030099009900991,/Users/haseebshafi/Documents/GitHub/Quadratic-Neurons-vs.-ReLU-How-Much-Nonlinearity-Is-Enough/Haseeb_trials/4_test/data_4seed/food101_l40s_8q8l2f_multiseed_28626369/seed_42/208_l_all_r2_h1_lr1em4_wd0p0/food101/lora_dw/all_rank_2/metrics.json
food101_l40s_8q8l2f_multiseed_28626369,42,food101,208_l_all_r2_h1_lr1em4_wd0p0,208,LoRA depthwise adapter,lora_dw,all,2,yes,0.0001,0.0,2,0.6614188700162932,0.8209504950495049,0.6875271170675238,0.8068118811881189,/Users/haseebshafi/Documents/GitHub/Quadratic-Neurons-vs.-ReLU-How-Much-Nonlinearity-Is-Enough/Haseeb_trials/4_test/data_4seed/food101_l40s_8q8l2f_multiseed_28626369/seed_42/208_l_all_r2_h1_lr1em4_wd0p0/food101/lora_dw/all_rank_2/metrics.json
food101_l40s_8q8l2f_multiseed_28626369,42,food101,208_l_all_r2_h1_lr1em4_wd0p0,208,LoRA depthwise adapter,lora_dw,all,2,yes,0.0001,0.0,3,0.6358863179723029,0.8266006600660066,0.6757195494687277,0.8112079207920793,/Users/haseebshafi/Documents/GitHub/Quadratic-Neurons-vs.-ReLU-How-Much-Nonlinearity-Is-Enough/Haseeb_trials/4_test/data_4seed/food101_l40s_8q8l2f_multiseed_28626369/seed_42/208_l_all_r2_h1_lr1em4_wd0p0/food101/lora_dw/all_rank_2/metrics.json
food101_l40s_8q8l2f_multiseed_28626369,42,food101,208_l_all_r2_h1_lr1em4_wd0p0,208,LoRA depthwise adapter,lora_dw,all,2,yes,0.0001,0.0,4,0.6129563596209284,0.8328976897689769,0.6702510306108928,0.8129900990099009,/Users/haseebshafi/Documents/GitHub/Quadratic-Neurons-vs.-ReLU-How-Much-Nonlinearity-Is-Enough/Haseeb_trials/4_test/data_4seed/food101_l40s_8q8l2f_multiseed_28626369/seed_42/208_l_all_r2_h1_lr1em4_wd0p0/food101/lora_dw/all_rank_2/metrics.json
food101_l40s_8q8l2f_multiseed_28626369,42,food101,208_l_all_r2_h1_lr1em4_wd0p0,208,LoRA depthwise adapter,lora_dw,all,2,yes,0.0001,0.0,5,0.5921910263909759,0.83803300330033,0.6649616117417296,0.8135445544554455,/Users/haseebshafi/Documents/GitHub/Quadratic-Neurons-vs.-ReLU-How-Much-Nonlinearity-Is-Enough/Haseeb_trials/4_test/data_4seed/food101_l40s_8q8l2f_multiseed_28626369/seed_42/208_l_all_r2_h1_lr1em4_wd0p0/food101/lora_dw/all_rank_2/metrics.json
food101_l40s_8q8l2f_multiseed_28626369,42,food101,208_l_all_r2_h1_lr1em4_wd0p0,208,LoRA depthwise adapter,lora_dw,all,2,yes,0.0001,0.0,6,0.5726407647636464,0.8438415841584158,0.6596223626365276,0.8153267326732673,/Users/haseebshafi/Documents/GitHub/Quadratic-Neurons-vs.-ReLU-How-Much-Nonlinearity-Is-Enough/Haseeb_trials/4_test/data_4seed/food101_l40s_8q8l2f_multiseed_28626369/seed_42/208_l_all_r2_h1_lr1em4_wd0p0/food101/lora_dw/all_rank_2/metrics.json
food101_l40s_8q8l2f_multiseed_28626369,42,food101,208_l_all_r2_h1_lr1em4_wd0p0,208,LoRA depthwise adapter,lora_dw,all,2,yes,0.0001,0.0,7,0.5510014025236514,0.8506270627062706,0.658812623753406,0.8148910891089108,/Users/haseebshafi/Documents/GitHub/Quadratic-Neurons-vs.-ReLU-How-Much-Nonlinearity-Is-Enough/Haseeb_trials/4_test/data_4seed/food101_l40s_8q8l2f_multiseed_28626369/seed_42/208_l_all_r2_h1_lr1em4_wd0p0/food101/lora_dw/all_rank_2/metrics.json
food101_l40s_8q8l2f_multiseed_28626369,42,food101,208_l_all_r2_h1_lr1em4_wd0p0,208,LoRA depthwise adapter,lora_dw,all,2,yes,0.0001,0.0,8,0.5334173351545932,0.8558943894389439,0.6548455910337259,0.8177029702970297,/Users/haseebshafi/Documents/GitHub/Quadratic-Neurons-vs.-ReLU-How-Much-Nonlinearity-Is-Enough/Haseeb_trials/4_test/data_4seed/food101_l40s_8q8l2f_multiseed_28626369/seed_42/208_l_all_r2_h1_lr1em4_wd0p0/food101/lora_dw/all_rank_2/metrics.json
food101_l40s_8q8l2f_multiseed_28626369,42,food101,208_l_all_r2_h1_lr1em4_wd0p0,208,LoRA depthwise adapter,lora_dw,all,2,yes,0.0001,0.0,9,0.5150803542443038,0.8594851485148515,0.6554407512940245,0.8172277227722772,/Users/haseebshafi/Documents/GitHub/Quadratic-Neurons-vs.-ReLU-How-Much-Nonlinearity-Is-Enough/Haseeb_trials/4_test/data_4seed/food101_l40s_8q8l2f_multiseed_28626369/seed_42/208_l_all_r2_h1_lr1em4_wd0p0/food101/lora_dw/all_rank_2/metrics.json
food101_l40s_8q8l2f_multiseed_28626369,42,food101,208_l_all_r2_h1_lr1em4_wd0p0,208,LoRA depthwise adapter,lora_dw,all,2,yes,0.0001,0.0,10,0.49480383924053056,0.8667854785478548,0.6551900971216786,0.8166336633663366,/Users/haseebshafi/Documents/GitHub/Quadratic-Neurons-vs.-ReLU-How-Much-Nonlinearity-Is-Enough/Haseeb_trials/4_test/data_4seed/food101_l40s_8q8l2f_multiseed_28626369/seed_42/208_l_all_r2_h1_lr1em4_wd0p0/food101/lora_dw/all_rank_2/metrics.json
food101_l40s_8q8l2f_multiseed_28626369,42,food101,208_l_all_r2_h1_lr1em4_wd0p0,208,LoRA depthwise adapter,lora_dw,all,2,yes,0.0001,0.0,11,0.47621566791345576,0.8701782178217822,0.655633017069946,0.8175445544554455,/Users/haseebshafi/Documents/GitHub/Quadratic-Neurons-vs.-ReLU-How-Much-Nonlinearity-Is-Enough/Haseeb_trials/4_test/data_4seed/food101_l40s_8q8l2f_multiseed_28626369/seed_42/208_l_all_r2_h1_lr1em4_wd0p0/food101/lora_dw/all_rank_2/metrics.json
food101_l40s_8q8l2f_multiseed_28626369,42,food101,208_l_all_r2_h1_lr1em4_wd0p0,208,LoRA depthwise adapter,lora_dw,all,2,yes,0.0001,0.0,12,0.4619175981713994,0.8744950495049505,0.6570780965818166,0.8183366336633663,/Users/haseebshafi/Documents/GitHub/Quadratic-Neurons-vs.-ReLU-How-Much-Nonlinearity-Is-Enough/Haseeb_trials/4_test/data_4seed/food101_l40s_8q8l2f_multiseed_28626369/seed_42/208_l_all_r2_h1_lr1em4_wd0p0/food101/lora_dw/all_rank_2/metrics.json
food101_l40s_8q8l2f_multiseed_28626369,42,food101,301_f_lr1e4_wd0p01,301,Full fine-tune,full_finetune,all,full,full,0.0001,0.01,1,1.3583841059939696,0.6814125412541254,0.5818824361857802,0.8344158415841584,/Users/haseebshafi/Documents/GitHub/Quadratic-Neurons-vs.-ReLU-How-Much-Nonlinearity-Is-Enough/Haseeb_trials/4_test/data_4seed/food101_l40s_8q8l2f_multiseed_28626369/seed_42/301_f_lr1e4_wd0p01/food101/full_finetune/metrics.json
food101_l40s_8q8l2f_multiseed_28626369,42,food101,301_f_lr1e4_wd0p01,301,Full fine-tune,full_finetune,all,full,full,0.0001,0.01,2,0.5336745276726512,0.8571881188118812,0.5082779170256293,0.8547722772277228,/Users/haseebshafi/Documents/GitHub/Quadratic-Neurons-vs.-ReLU-How-Much-Nonlinearity-Is-Enough/Haseeb_trials/4_test/data_4seed/food101_l40s_8q8l2f_multiseed_28626369/seed_42/301_f_lr1e4_wd0p01/food101/full_finetune/metrics.json
food101_l40s_8q8l2f_multiseed_28626369,42,food101,301_f_lr1e4_wd0p01,301,Full fine-tune,full_finetune,all,full,full,0.0001,0.01,3,0.2799306632937378,0.9229042904290429,0.5130313392190774,0.8603960396039604,/Users/haseebshafi/Documents/GitHub/Quadratic-Neurons-vs.-ReLU-How-Much-Nonlinearity-Is-Enough/Haseeb_trials/4_test/data_4seed/food101_l40s_8q8l2f_multiseed_28626369/seed_42/301_f_lr1e4_wd0p01/food101/full_finetune/metrics.json
food101_l40s_8q8l2f_multiseed_28626369,42,food101,301_f_lr1e4_wd0p01,301,Full fine-tune,full_finetune,all,full,full,0.0001,0.01,4,0.16403861355919255,0.9529240924092409,0.5734925172632176,0.8554455445544554,/Users/haseebshafi/Documents/GitHub/Quadratic-Neurons-vs.-ReLU-How-Much-Nonlinearity-Is-Enough/Haseeb_trials/4_test/data_4seed/food101_l40s_8q8l2f_multiseed_28626369/seed_42/301_f_lr1e4_wd0p01/food101/full_finetune/metrics.json
food101_l40s_8q8l2f_multiseed_28626369,42,food101,301_f_lr1e4_wd0p01,301,Full fine-tune,full_finetune,all,full,full,0.0001,0.01,5,0.1129937836547004,0.9655841584158416,0.6236482627988867,0.8527128712871287,/Users/haseebshafi/Documents/GitHub/Quadratic-Neurons-vs.-ReLU-How-Much-Nonlinearity-Is-Enough/Haseeb_trials/4_test/data_4seed/food101_l40s_8q8l2f_multiseed_28626369/seed_42/301_f_lr1e4_wd0p01/food101/full_finetune/metrics.json
food101_l40s_8q8l2f_multiseed_28626369,42,food101,301_f_lr1e4_wd0p01,301,Full fine-tune,full_finetune,all,full,full,0.0001,0.01,6,0.09146363827497653,0.9717887788778878,0.6782179259410955,0.8538217821782178,/Users/haseebshafi/Documents/GitHub/Quadratic-Neurons-vs.-ReLU-How-Much-Nonlinearity-Is-Enough/Haseeb_trials/4_test/data_4seed/food101_l40s_8q8l2f_multiseed_28626369/seed_42/301_f_lr1e4_wd0p01/food101/full_finetune/metrics.json
food101_l40s_8q8l2f_multiseed_28626369,42,food101,301_f_lr1e4_wd0p01,301,Full fine-tune,full_finetune,all,full,full,0.0001,0.01,7,0.082275005230926,0.9745874587458746,0.7063840575395754,0.8535445544554455,/Users/haseebshafi/Documents/GitHub/Quadratic-Neurons-vs.-ReLU-How-Much-Nonlinearity-Is-Enough/Haseeb_trials/4_test/data_4seed/food101_l40s_8q8l2f_multiseed_28626369/seed_42/301_f_lr1e4_wd0p01/food101/full_finetune/metrics.json
food101_l40s_8q8l2f_multiseed_28626369,42,food101,301_f_lr1e4_wd0p01,301,Full fine-tune,full_finetune,all,full,full,0.0001,0.01,8,0.07760815635921046,0.9756039603960396,0.755900789527749,0.8483960396039604,/Users/haseebshafi/Documents/GitHub/Quadratic-Neurons-vs.-ReLU-How-Much-Nonlinearity-Is-Enough/Haseeb_trials/4_test/data_4seed/food101_l40s_8q8l2f_multiseed_28626369/seed_42/301_f_lr1e4_wd0p01/food101/full_finetune/metrics.json
food101_l40s_8q8l2f_multiseed_28626369,42,food101,301_f_lr1e4_wd0p01,301,Full fine-tune,full_finetune,all,full,full,0.0001,0.01,9,0.07421486296478993,0.976937293729373,0.7598296596342435,0.851009900990099,/Users/haseebshafi/Documents/GitHub/Quadratic-Neurons-vs.-ReLU-How-Much-Nonlinearity-Is-Enough/Haseeb_trials/4_test/data_4seed/food101_l40s_8q8l2f_multiseed_28626369/seed_42/301_f_lr1e4_wd0p01/food101/full_finetune/metrics.json
food101_l40s_8q8l2f_multiseed_28626369,42,food101,301_f_lr1e4_wd0p01,301,Full fine-tune,full_finetune,all,full,full,0.0001,0.01,10,0.06785001399317024,0.9788646864686469,0.790887674148345,0.850019801980198,/Users/haseebshafi/Documents/GitHub/Quadratic-Neurons-vs.-ReLU-How-Much-Nonlinearity-Is-Enough/Haseeb_trials/4_test/data_4seed/food101_l40s_8q8l2f_multiseed_28626369/seed_42/301_f_lr1e4_wd0p01/food101/full_finetune/metrics.json
food101_l40s_8q8l2f_multiseed_28626369,42,food101,301_f_lr1e4_wd0p01,301,Full fine-tune,full_finetune,all,full,full,0.0001,0.01,11,0.0635268618782472,0.9800528052805281,0.7907449732463699,0.8514455445544554,/Users/haseebshafi/Documents/GitHub/Quadratic-Neurons-vs.-ReLU-How-Much-Nonlinearity-Is-Enough/Haseeb_trials/4_test/data_4seed/food101_l40s_8q8l2f_multiseed_28626369/seed_42/301_f_lr1e4_wd0p01/food101/full_finetune/metrics.json
food101_l40s_8q8l2f_multiseed_28626369,42,food101,301_f_lr1e4_wd0p01,301,Full fine-tune,full_finetune,all,full,full,0.0001,0.01,12,0.06306395541432687,0.9803828382838283,0.7809314815740346,0.8517623762376237,/Users/haseebshafi/Documents/GitHub/Quadratic-Neurons-vs.-ReLU-How-Much-Nonlinearity-Is-Enough/Haseeb_trials/4_test/data_4seed/food101_l40s_8q8l2f_multiseed_28626369/seed_42/301_f_lr1e4_wd0p01/food101/full_finetune/metrics.json
food101_l40s_8q8l2f_multiseed_28626369,42,food101,301_f_lr1e4_wd0p01,301,Full fine-tune,full_finetune,all,full,full,0.0001,0.01,13,0.059017363510015436,0.9812937293729372,0.8958882369856647,0.8378613861386138,/Users/haseebshafi/Documents/GitHub/Quadratic-Neurons-vs.-ReLU-How-Much-Nonlinearity-Is-Enough/Haseeb_trials/4_test/data_4seed/food101_l40s_8q8l2f_multiseed_28626369/seed_42/301_f_lr1e4_wd0p01/food101/full_finetune/metrics.json
food101_l40s_8q8l2f_multiseed_28626369,42,food101,301_f_lr1e4_wd0p01,301,Full fine-tune,full_finetune,all,full,full,0.0001,0.01,14,0.0567089306973674,0.9824158415841584,0.8250833678349513,0.8481188118811881,/Users/haseebshafi/Documents/GitHub/Quadratic-Neurons-vs.-ReLU-How-Much-Nonlinearity-Is-Enough/Haseeb_trials/4_test/data_4seed/food101_l40s_8q8l2f_multiseed_28626369/seed_42/301_f_lr1e4_wd0p01/food101/full_finetune/metrics.json
food101_l40s_8q8l2f_multiseed_28626369,42,food101,301_f_lr1e4_wd0p01,301,Full fine-tune,full_finetune,all,full,full,0.0001,0.01,15,0.05805469557435003,0.9824554455445544,0.8773413939676027,0.8443564356435643,/Users/haseebshafi/Documents/GitHub/Quadratic-Neurons-vs.-ReLU-How-Much-Nonlinearity-Is-Enough/Haseeb_trials/4_test/data_4seed/food101_l40s_8q8l2f_multiseed_28626369/seed_42/301_f_lr1e4_wd0p01/food101/full_finetune/metrics.json
food101_l40s_8q8l2f_multiseed_28626369,42,food101,301_f_lr1e4_wd0p01,301,Full fine-tune,full_finetune,all,full,full,0.0001,0.01,16,0.05315305873013803,0.9838415841584158,0.8846351852018555,0.8426930693069307,/Users/haseebshafi/Documents/GitHub/Quadratic-Neurons-vs.-ReLU-How-Much-Nonlinearity-Is-Enough/Haseeb_trials/4_test/data_4seed/food101_l40s_8q8l2f_multiseed_28626369/seed_42/301_f_lr1e4_wd0p01/food101/full_finetune/metrics.json
food101_l40s_8q8l2f_multiseed_28626369,42,food101,301_f_lr1e4_wd0p01,301,Full fine-tune,full_finetune,all,full,full,0.0001,0.01,17,0.05029682391478523,0.9842640264026402,0.8493620935396042,0.8488712871287128,/Users/haseebshafi/Documents/GitHub/Quadratic-Neurons-vs.-ReLU-How-Much-Nonlinearity-Is-Enough/Haseeb_trials/4_test/data_4seed/food101_l40s_8q8l2f_multiseed_28626369/seed_42/301_f_lr1e4_wd0p01/food101/full_finetune/metrics.json
food101_l40s_8q8l2f_multiseed_28626369,42,food101,301_f_lr1e4_wd0p01,301,Full fine-tune,full_finetune,all,full,full,0.0001,0.01,18,0.049595836040869715,0.9846600660066006,0.9018661218928992,0.8404356435643564,/Users/haseebshafi/Documents/GitHub/Quadratic-Neurons-vs.-ReLU-How-Much-Nonlinearity-Is-Enough/Haseeb_trials/4_test/data_4seed/food101_l40s_8q8l2f_multiseed_28626369/seed_42/301_f_lr1e4_wd0p01/food101/full_finetune/metrics.json
food101_l40s_8q8l2f_multiseed_28626369,42,food101,301_f_lr1e4_wd0p01,301,Full fine-tune,full_finetune,all,full,full,0.0001,0.01,19,0.04652110011974064,0.9857161716171617,0.9435144563538269,0.8393267326732673,/Users/haseebshafi/Documents/GitHub/Quadratic-Neurons-vs.-ReLU-How-Much-Nonlinearity-Is-Enough/Haseeb_trials/4_test/data_4seed/food101_l40s_8q8l2f_multiseed_28626369/seed_42/301_f_lr1e4_wd0p01/food101/full_finetune/metrics.json
food101_l40s_8q8l2f_multiseed_28626369,42,food101,301_f_lr1e4_wd0p01,301,Full fine-tune,full_finetune,all,full,full,0.0001,0.01,20,0.05056778289389062,0.9848184818481848,0.8970856635850254,0.8508910891089109,/Users/haseebshafi/Documents/GitHub/Quadratic-Neurons-vs.-ReLU-How-Much-Nonlinearity-Is-Enough/Haseeb_trials/4_test/data_4seed/food101_l40s_8q8l2f_multiseed_28626369/seed_42/301_f_lr1e4_wd0p01/food101/full_finetune/metrics.json
food101_l40s_8q8l2f_multiseed_28626369,42,food101,301_f_lr1e4_wd0p01,301,Full fine-tune,full_finetune,all,full,full,0.0001,0.01,21,0.047582708262234256,0.9857953795379538,0.9217217305915723,0.8433267326732673,/Users/haseebshafi/Documents/GitHub/Quadratic-Neurons-vs.-ReLU-How-Much-Nonlinearity-Is-Enough/Haseeb_trials/4_test/data_4seed/food101_l40s_8q8l2f_multiseed_28626369/seed_42/301_f_lr1e4_wd0p01/food101/full_finetune/metrics.json
food101_l40s_8q8l2f_multiseed_28626369,42,food101,301_f_lr1e4_wd0p01,301,Full fine-tune,full_finetune,all,full,full,0.0001,0.01,22,0.043573850930182775,0.9865214521452145,0.8854228074870032,0.8484752475247525,/Users/haseebshafi/Documents/GitHub/Quadratic-Neurons-vs.-ReLU-How-Much-Nonlinearity-Is-Enough/Haseeb_trials/4_test/data_4seed/food101_l40s_8q8l2f_multiseed_28626369/seed_42/301_f_lr1e4_wd0p01/food101/full_finetune/metrics.json
food101_l40s_8q8l2f_multiseed_28626369,42,food101,301_f_lr1e4_wd0p01,301,Full fine-tune,full_finetune,all,full,full,0.0001,0.01,23,0.041922558662758236,0.9872211221122112,0.9705806988909434,0.8373069306930693,/Users/haseebshafi/Documents/GitHub/Quadratic-Neurons-vs.-ReLU-How-Much-Nonlinearity-Is-Enough/Haseeb_trials/4_test/data_4seed/food101_l40s_8q8l2f_multiseed_28626369/seed_42/301_f_lr1e4_wd0p01/food101/full_finetune/metrics.json
food101_l40s_8q8l2f_multiseed_28626369,42,food101,301_f_lr1e4_wd0p01,301,Full fine-tune,full_finetune,all,full,full,0.0001,0.01,24,0.04337926326066151,0.9868646864686469,0.9980220973984922,0.8371089108910891,/Users/haseebshafi/Documents/GitHub/Quadratic-Neurons-vs.-ReLU-How-Much-Nonlinearity-Is-Enough/Haseeb_trials/4_test/data_4seed/food101_l40s_8q8l2f_multiseed_28626369/seed_42/301_f_lr1e4_wd0p01/food101/full_finetune/metrics.json
food101_l40s_8q8l2f_multiseed_28626369,42,food101,301_f_lr1e4_wd0p01,301,Full fine-tune,full_finetune,all,full,full,0.0001,0.01,25,0.041753963234036386,0.9873135313531353,0.9281057811198378,0.8496237623762376,/Users/haseebshafi/Documents/GitHub/Quadratic-Neurons-vs.-ReLU-How-Much-Nonlinearity-Is-Enough/Haseeb_trials/4_test/data_4seed/food101_l40s_8q8l2f_multiseed_28626369/seed_42/301_f_lr1e4_wd0p01/food101/full_finetune/metrics.json
food101_l40s_8q8l2f_multiseed_28626369,42,food101,302_f_lr3e5_wd0p05,302,Full fine-tune,full_finetune,all,full,full,3e-05,0.05,1,2.0558810467452497,0.5777293729372938,0.808886524219324,0.8017821782178218,/Users/haseebshafi/Documents/GitHub/Quadratic-Neurons-vs.-ReLU-How-Much-Nonlinearity-Is-Enough/Haseeb_trials/4_test/data_4seed/food101_l40s_8q8l2f_multiseed_28626369/seed_42/302_f_lr3e5_wd0p05/food101/full_finetune/metrics.json
food101_l40s_8q8l2f_multiseed_28626369,42,food101,302_f_lr3e5_wd0p05,302,Full fine-tune,full_finetune,all,full,full,3e-05,0.05,2,0.831450895305514,0.7971089108910892,0.5535074573160693,0.8484752475247525,/Users/haseebshafi/Documents/GitHub/Quadratic-Neurons-vs.-ReLU-How-Much-Nonlinearity-Is-Enough/Haseeb_trials/4_test/data_4seed/food101_l40s_8q8l2f_multiseed_28626369/seed_42/302_f_lr3e5_wd0p05/food101/full_finetune/metrics.json
food101_l40s_8q8l2f_multiseed_28626369,42,food101,302_f_lr3e5_wd0p05,302,Full fine-tune,full_finetune,all,full,full,3e-05,0.05,3,0.5098910993678932,0.872990099009901,0.489632264299853,0.8606732673267327,/Users/haseebshafi/Documents/GitHub/Quadratic-Neurons-vs.-ReLU-How-Much-Nonlinearity-Is-Enough/Haseeb_trials/4_test/data_4seed/food101_l40s_8q8l2f_multiseed_28626369/seed_42/302_f_lr3e5_wd0p05/food101/full_finetune/metrics.json
food101_l40s_8q8l2f_multiseed_28626369,42,food101,302_f_lr3e5_wd0p05,302,Full fine-tune,full_finetune,all,full,full,3e-05,0.05,4,0.31122442107468157,0.9237755775577557,0.48493372002078017,0.8637623762376238,/Users/haseebshafi/Documents/GitHub/Quadratic-Neurons-vs.-ReLU-How-Much-Nonlinearity-Is-Enough/Haseeb_trials/4_test/data_4seed/food101_l40s_8q8l2f_multiseed_28626369/seed_42/302_f_lr3e5_wd0p05/food101/full_finetune/metrics.json
food101_l40s_8q8l2f_multiseed_28626369,42,food101,302_f_lr3e5_wd0p05,302,Full fine-tune,full_finetune,all,full,full,3e-05,0.05,5,0.18645699779109004,0.9553135313531353,0.5036774714036965,0.8645940594059406,/Users/haseebshafi/Documents/GitHub/Quadratic-Neurons-vs.-ReLU-How-Much-Nonlinearity-Is-Enough/Haseeb_trials/4_test/data_4seed/food101_l40s_8q8l2f_multiseed_28626369/seed_42/302_f_lr3e5_wd0p05/food101/full_finetune/metrics.json
food101_l40s_8q8l2f_multiseed_28626369,42,food101,302_f_lr3e5_wd0p05,302,Full fine-tune,full_finetune,all,full,full,3e-05,0.05,6,0.11350443850423243,0.973069306930693,0.5324929174936497,0.8655445544554455,/Users/haseebshafi/Documents/GitHub/Quadratic-Neurons-vs.-ReLU-How-Much-Nonlinearity-Is-Enough/Haseeb_trials/4_test/data_4seed/food101_l40s_8q8l2f_multiseed_28626369/seed_42/302_f_lr3e5_wd0p05/food101/full_finetune/metrics.json
food101_l40s_8q8l2f_multiseed_28626369,42,food101,302_f_lr3e5_wd0p05,302,Full fine-tune,full_finetune,all,full,full,3e-05,0.05,7,0.07672403867382913,0.9811353135313531,0.599960904267861,0.8581386138613861,/Users/haseebshafi/Documents/GitHub/Quadratic-Neurons-vs.-ReLU-How-Much-Nonlinearity-Is-Enough/Haseeb_trials/4_test/data_4seed/food101_l40s_8q8l2f_multiseed_28626369/seed_42/302_f_lr3e5_wd0p05/food101/full_finetune/metrics.json
food101_l40s_8q8l2f_multiseed_28626369,42,food101,302_f_lr3e5_wd0p05,302,Full fine-tune,full_finetune,all,full,full,3e-05,0.05,8,0.05847219828664396,0.9846468646864687,0.6210529846841709,0.8610693069306931,/Users/haseebshafi/Documents/GitHub/Quadratic-Neurons-vs.-ReLU-How-Much-Nonlinearity-Is-Enough/Haseeb_trials/4_test/data_4seed/food101_l40s_8q8l2f_multiseed_28626369/seed_42/302_f_lr3e5_wd0p05/food101/full_finetune/metrics.json
food101_l40s_8q8l2f_multiseed_28626369,42,food101,302_f_lr3e5_wd0p05,302,Full fine-tune,full_finetune,all,full,full,3e-05,0.05,9,0.04834816379130821,0.9869306930693069,0.655362764174533,0.8622970297029703,/Users/haseebshafi/Documents/GitHub/Quadratic-Neurons-vs.-ReLU-How-Much-Nonlinearity-Is-Enough/Haseeb_trials/4_test/data_4seed/food101_l40s_8q8l2f_multiseed_28626369/seed_42/302_f_lr3e5_wd0p05/food101/full_finetune/metrics.json
food101_l40s_8q8l2f_multiseed_28626369,42,food101,302_f_lr3e5_wd0p05,302,Full fine-tune,full_finetune,all,full,full,3e-05,0.05,10,0.04206152563247132,0.9883168316831683,0.6929399242029225,0.8607920792079208,/Users/haseebshafi/Documents/GitHub/Quadratic-Neurons-vs.-ReLU-How-Much-Nonlinearity-Is-Enough/Haseeb_trials/4_test/data_4seed/food101_l40s_8q8l2f_multiseed_28626369/seed_42/302_f_lr3e5_wd0p05/food101/full_finetune/metrics.json
food101_l40s_8q8l2f_multiseed_28626369,42,food101,302_f_lr3e5_wd0p05,302,Full fine-tune,full_finetune,all,full,full,3e-05,0.05,11,0.03931589866912134,0.9886732673267327,0.7073302284006303,0.8609504950495049,/Users/haseebshafi/Documents/GitHub/Quadratic-Neurons-vs.-ReLU-How-Much-Nonlinearity-Is-Enough/Haseeb_trials/4_test/data_4seed/food101_l40s_8q8l2f_multiseed_28626369/seed_42/302_f_lr3e5_wd0p05/food101/full_finetune/metrics.json
food101_l40s_8q8l2f_multiseed_28626369,42,food101,302_f_lr3e5_wd0p05,302,Full fine-tune,full_finetune,all,full,full,3e-05,0.05,12,0.03500396914274444,0.9901254125412541,0.7514277874279269,0.8605544554455445,/Users/haseebshafi/Documents/GitHub/Quadratic-Neurons-vs.-ReLU-How-Much-Nonlinearity-Is-Enough/Haseeb_trials/4_test/data_4seed/food101_l40s_8q8l2f_multiseed_28626369/seed_42/302_f_lr3e5_wd0p05/food101/full_finetune/metrics.json
food101_l40s_8q8l2f_multiseed_28626369,42,food101,302_f_lr3e5_wd0p05,302,Full fine-tune,full_finetune,all,full,full,3e-05,0.05,13,0.034684714870679534,0.9899009900990099,0.7608538189703586,0.8615841584158416,/Users/haseebshafi/Documents/GitHub/Quadratic-Neurons-vs.-ReLU-How-Much-Nonlinearity-Is-Enough/Haseeb_trials/4_test/data_4seed/food101_l40s_8q8l2f_multiseed_28626369/seed_42/302_f_lr3e5_wd0p05/food101/full_finetune/metrics.json
food101_l40s_8q8l2f_multiseed_28626369,42,food101,302_f_lr3e5_wd0p05,302,Full fine-tune,full_finetune,all,full,full,3e-05,0.05,14,0.030936398119748673,0.9911023102310231,0.7893527497621654,0.8605148514851485,/Users/haseebshafi/Documents/GitHub/Quadratic-Neurons-vs.-ReLU-How-Much-Nonlinearity-Is-Enough/Haseeb_trials/4_test/data_4seed/food101_l40s_8q8l2f_multiseed_28626369/seed_42/302_f_lr3e5_wd0p05/food101/full_finetune/metrics.json
food101_l40s_8q8l2f_multiseed_28626369,42,food101,302_f_lr3e5_wd0p05,302,Full fine-tune,full_finetune,all,full,full,3e-05,0.05,15,0.032299113798892685,0.9909174917491749,0.7682178356540504,0.8647524752475247,/Users/haseebshafi/Documents/GitHub/Quadratic-Neurons-vs.-ReLU-How-Much-Nonlinearity-Is-Enough/Haseeb_trials/4_test/data_4seed/food101_l40s_8q8l2f_multiseed_28626369/seed_42/302_f_lr3e5_wd0p05/food101/full_finetune/metrics.json
food101_l40s_8q8l2f_multiseed_28626369,42,food101,302_f_lr3e5_wd0p05,302,Full fine-tune,full_finetune,all,full,full,3e-05,0.05,16,0.0290353411522697,0.9915115511551155,0.7917685013009869,0.8637227722772277,/Users/haseebshafi/Documents/GitHub/Quadratic-Neurons-vs.-ReLU-How-Much-Nonlinearity-Is-Enough/Haseeb_trials/4_test/data_4seed/food101_l40s_8q8l2f_multiseed_28626369/seed_42/302_f_lr3e5_wd0p05/food101/full_finetune/metrics.json
food101_l40s_8q8l2f_multiseed_28626369,42,food101,302_f_lr3e5_wd0p05,302,Full fine-tune,full_finetune,all,full,full,3e-05,0.05,17,0.027600137998602007,0.991973597359736,0.8418100496499613,0.8620990099009901,/Users/haseebshafi/Documents/GitHub/Quadratic-Neurons-vs.-ReLU-How-Much-Nonlinearity-Is-Enough/Haseeb_trials/4_test/data_4seed/food101_l40s_8q8l2f_multiseed_28626369/seed_42/302_f_lr3e5_wd0p05/food101/full_finetune/metrics.json
food101_l40s_8q8l2f_multiseed_28626369,42,food101,302_f_lr3e5_wd0p05,302,Full fine-tune,full_finetune,all,full,full,3e-05,0.05,18,0.0298134179154892,0.9910891089108911,0.854611898402269,0.8605544554455445,/Users/haseebshafi/Documents/GitHub/Quadratic-Neurons-vs.-ReLU-How-Much-Nonlinearity-Is-Enough/Haseeb_trials/4_test/data_4seed/food101_l40s_8q8l2f_multiseed_28626369/seed_42/302_f_lr3e5_wd0p05/food101/full_finetune/metrics.json
food101_l40s_8q8l2f_multiseed_28626369,42,food101,302_f_lr3e5_wd0p05,302,Full fine-tune,full_finetune,all,full,full,3e-05,0.05,19,0.02578551120693569,0.9926600660066006,0.8571876403575188,0.8611089108910891,/Users/haseebshafi/Documents/GitHub/Quadratic-Neurons-vs.-ReLU-How-Much-Nonlinearity-Is-Enough/Haseeb_trials/4_test/data_4seed/food101_l40s_8q8l2f_multiseed_28626369/seed_42/302_f_lr3e5_wd0p05/food101/full_finetune/metrics.json
food101_l40s_8q8l2f_multiseed_28626369,42,food101,302_f_lr3e5_wd0p05,302,Full fine-tune,full_finetune,all,full,full,3e-05,0.05,20,0.02603801945883995,0.9929108910891089,0.8495852408995747,0.8634455445544554,/Users/haseebshafi/Documents/GitHub/Quadratic-Neurons-vs.-ReLU-How-Much-Nonlinearity-Is-Enough/Haseeb_trials/4_test/data_4seed/food101_l40s_8q8l2f_multiseed_28626369/seed_42/302_f_lr3e5_wd0p05/food101/full_finetune/metrics.json
food101_l40s_8q8l2f_multiseed_28626369,42,food101,302_f_lr3e5_wd0p05,302,Full fine-tune,full_finetune,all,full,full,3e-05,0.05,21,0.023083664988173155,0.9933069306930693,0.8828286004772552,0.8616237623762376,/Users/haseebshafi/Documents/GitHub/Quadratic-Neurons-vs.-ReLU-How-Much-Nonlinearity-Is-Enough/Haseeb_trials/4_test/data_4seed/food101_l40s_8q8l2f_multiseed_28626369/seed_42/302_f_lr3e5_wd0p05/food101/full_finetune/metrics.json
food101_l40s_8q8l2f_multiseed_28626369,42,food101,302_f_lr3e5_wd0p05,302,Full fine-tune,full_finetune,all,full,full,3e-05,0.05,22,0.024533755166456343,0.9927920792079208,0.8819963152191771,0.8643168316831683,/Users/haseebshafi/Documents/GitHub/Quadratic-Neurons-vs.-ReLU-How-Much-Nonlinearity-Is-Enough/Haseeb_trials/4_test/data_4seed/food101_l40s_8q8l2f_multiseed_28626369/seed_42/302_f_lr3e5_wd0p05/food101/full_finetune/metrics.json
food101_l40s_8q8l2f_multiseed_28626369,42,food101,302_f_lr3e5_wd0p05,302,Full fine-tune,full_finetune,all,full,full,3e-05,0.05,23,0.0235948716277196,0.9931749174917491,0.8620576843122524,0.8649108910891089,/Users/haseebshafi/Documents/GitHub/Quadratic-Neurons-vs.-ReLU-How-Much-Nonlinearity-Is-Enough/Haseeb_trials/4_test/data_4seed/food101_l40s_8q8l2f_multiseed_28626369/seed_42/302_f_lr3e5_wd0p05/food101/full_finetune/metrics.json
food101_l40s_8q8l2f_multiseed_28626369,42,food101,302_f_lr3e5_wd0p05,302,Full fine-tune,full_finetune,all,full,full,3e-05,0.05,24,0.02413278843213692,0.9932013201320132,0.8936457715872221,0.8603564356435643,/Users/haseebshafi/Documents/GitHub/Quadratic-Neurons-vs.-ReLU-How-Much-Nonlinearity-Is-Enough/Haseeb_trials/4_test/data_4seed/food101_l40s_8q8l2f_multiseed_28626369/seed_42/302_f_lr3e5_wd0p05/food101/full_finetune/metrics.json
food101_l40s_8q8l2f_multiseed_28626369,42,food101,302_f_lr3e5_wd0p05,302,Full fine-tune,full_finetune,all,full,full,3e-05,0.05,25,0.023347701003418646,0.9933333333333333,0.8637042867940544,0.867009900990099,/Users/haseebshafi/Documents/GitHub/Quadratic-Neurons-vs.-ReLU-How-Much-Nonlinearity-Is-Enough/Haseeb_trials/4_test/data_4seed/food101_l40s_8q8l2f_multiseed_28626369/seed_42/302_f_lr3e5_wd0p05/food101/full_finetune/metrics.json
food101_l40s_8q8l2f_multiseed_28641701,45,food101,000_lin_lr1e3_wd0p05,000,Linear frozen-head baseline,linear_base,none,none,head_only,0.001,0.05,1,1.810346425610407,0.5887656765676568,1.051052117350078,0.7275643564356435,/Users/haseebshafi/Documents/GitHub/Quadratic-Neurons-vs.-ReLU-How-Much-Nonlinearity-Is-Enough/Haseeb_trials/4_test/data_4seed/food101_l40s_8q8l2f_multiseed_28641701/seed_45/000_lin_lr1e3_wd0p05/food101/linear_base/metrics.json
food101_l40s_8q8l2f_multiseed_28641701,45,food101,000_lin_lr1e3_wd0p05,000,Linear frozen-head baseline,linear_base,none,none,head_only,0.001,0.05,2,1.1937232381392626,0.6965148514851485,0.9172335431906257,0.7571485148514852,/Users/haseebshafi/Documents/GitHub/Quadratic-Neurons-vs.-ReLU-How-Much-Nonlinearity-Is-Enough/Haseeb_trials/4_test/data_4seed/food101_l40s_8q8l2f_multiseed_28641701/seed_45/000_lin_lr1e3_wd0p05/food101/linear_base/metrics.json
food101_l40s_8q8l2f_multiseed_28641701,45,food101,000_lin_lr1e3_wd0p05,000,Linear frozen-head baseline,linear_base,none,none,head_only,0.001,0.05,3,1.0694486933321057,0.7243168316831683,0.8593745909398145,0.7670495049504951,/Users/haseebshafi/Documents/GitHub/Quadratic-Neurons-vs.-ReLU-How-Much-Nonlinearity-Is-Enough/Haseeb_trials/4_test/data_4seed/food101_l40s_8q8l2f_multiseed_28641701/seed_45/000_lin_lr1e3_wd0p05/food101/linear_base/metrics.json
food101_l40s_8q8l2f_multiseed_28641701,45,food101,000_lin_lr1e3_wd0p05,000,Linear frozen-head baseline,linear_base,none,none,head_only,0.001,0.05,4,1.001353717602519,0.74,0.828067014491204,0.7765544554455446,/Users/haseebshafi/Documents/GitHub/Quadratic-Neurons-vs.-ReLU-How-Much-Nonlinearity-Is-Enough/Haseeb_trials/4_test/data_4seed/food101_l40s_8q8l2f_multiseed_28641701/seed_45/000_lin_lr1e3_wd0p05/food101/linear_base/metrics.json
food101_l40s_8q8l2f_multiseed_28641701,45,food101,000_lin_lr1e3_wd0p05,000,Linear frozen-head baseline,linear_base,none,none,head_only,0.001,0.05,5,0.9576660780733568,0.7508382838283828,0.8131004052138565,0.7759207920792079,/Users/haseebshafi/Documents/GitHub/Quadratic-Neurons-vs.-ReLU-How-Much-Nonlinearity-Is-Enough/Haseeb_trials/4_test/data_4seed/food101_l40s_8q8l2f_multiseed_28641701/seed_45/000_lin_lr1e3_wd0p05/food101/linear_base/metrics.json
food101_l40s_8q8l2f_multiseed_28641701,45,food101,000_lin_lr1e3_wd0p05,000,Linear frozen-head baseline,linear_base,none,none,head_only,0.001,0.05,6,0.9217974591994836,0.7588910891089109,0.7995709174859642,0.7792475247524753,/Users/haseebshafi/Documents/GitHub/Quadratic-Neurons-vs.-ReLU-How-Much-Nonlinearity-Is-Enough/Haseeb_trials/4_test/data_4seed/food101_l40s_8q8l2f_multiseed_28641701/seed_45/000_lin_lr1e3_wd0p05/food101/linear_base/metrics.json
food101_l40s_8q8l2f_multiseed_28641701,45,food101,000_lin_lr1e3_wd0p05,000,Linear frozen-head baseline,linear_base,none,none,head_only,0.001,0.05,7,0.8959538299132495,0.7646864686468647,0.7951052703668575,0.7790495049504951,/Users/haseebshafi/Documents/GitHub/Quadratic-Neurons-vs.-ReLU-How-Much-Nonlinearity-Is-Enough/Haseeb_trials/4_test/data_4seed/food101_l40s_8q8l2f_multiseed_28641701/seed_45/000_lin_lr1e3_wd0p05/food101/linear_base/metrics.json
food101_l40s_8q8l2f_multiseed_28641701,45,food101,000_lin_lr1e3_wd0p05,000,Linear frozen-head baseline,linear_base,none,none,head_only,0.001,0.05,8,0.8770159450804833,0.7681056105610561,0.7925630506524945,0.7805940594059406,/Users/haseebshafi/Documents/GitHub/Quadratic-Neurons-vs.-ReLU-How-Much-Nonlinearity-Is-Enough/Haseeb_trials/4_test/data_4seed/food101_l40s_8q8l2f_multiseed_28641701/seed_45/000_lin_lr1e3_wd0p05/food101/linear_base/metrics.json
food101_l40s_8q8l2f_multiseed_28641701,45,food101,000_lin_lr1e3_wd0p05,000,Linear frozen-head baseline,linear_base,none,none,head_only,0.001,0.05,9,0.8593639552223407,0.7731617161716171,0.7825564079733178,0.7838415841584159,/Users/haseebshafi/Documents/GitHub/Quadratic-Neurons-vs.-ReLU-How-Much-Nonlinearity-Is-Enough/Haseeb_trials/4_test/data_4seed/food101_l40s_8q8l2f_multiseed_28641701/seed_45/000_lin_lr1e3_wd0p05/food101/linear_base/metrics.json
food101_l40s_8q8l2f_multiseed_28641701,45,food101,000_lin_lr1e3_wd0p05,000,Linear frozen-head baseline,linear_base,none,none,head_only,0.001,0.05,10,0.8444894552986221,0.7764092409240924,0.78051730913691,0.7857029702970297,/Users/haseebshafi/Documents/GitHub/Quadratic-Neurons-vs.-ReLU-How-Much-Nonlinearity-Is-Enough/Haseeb_trials/4_test/data_4seed/food101_l40s_8q8l2f_multiseed_28641701/seed_45/000_lin_lr1e3_wd0p05/food101/linear_base/metrics.json
food101_l40s_8q8l2f_multiseed_28641701,45,food101,000_lin_lr1e3_wd0p05,000,Linear frozen-head baseline,linear_base,none,none,head_only,0.001,0.05,11,0.8324672358028172,0.7799339933993399,0.77652327294869,0.7832871287128713,/Users/haseebshafi/Documents/GitHub/Quadratic-Neurons-vs.-ReLU-How-Much-Nonlinearity-Is-Enough/Haseeb_trials/4_test/data_4seed/food101_l40s_8q8l2f_multiseed_28641701/seed_45/000_lin_lr1e3_wd0p05/food101/linear_base/metrics.json
food101_l40s_8q8l2f_multiseed_28641701,45,food101,000_lin_lr1e3_wd0p05,000,Linear frozen-head baseline,linear_base,none,none,head_only,0.001,0.05,12,0.8208300536741124,0.7826666666666666,0.7712473668603613,0.7866534653465347,/Users/haseebshafi/Documents/GitHub/Quadratic-Neurons-vs.-ReLU-How-Much-Nonlinearity-Is-Enough/Haseeb_trials/4_test/data_4seed/food101_l40s_8q8l2f_multiseed_28641701/seed_45/000_lin_lr1e3_wd0p05/food101/linear_base/metrics.json
food101_l40s_8q8l2f_multiseed_28641701,45,food101,000_lin_lr1e3_wd0p05,000,Linear frozen-head baseline,linear_base,none,none,head_only,0.001,0.05,13,0.8120750569148426,0.7853993399339934,0.7689632773234112,0.7862178217821782,/Users/haseebshafi/Documents/GitHub/Quadratic-Neurons-vs.-ReLU-How-Much-Nonlinearity-Is-Enough/Haseeb_trials/4_test/data_4seed/food101_l40s_8q8l2f_multiseed_28641701/seed_45/000_lin_lr1e3_wd0p05/food101/linear_base/metrics.json
food101_l40s_8q8l2f_multiseed_28641701,45,food101,000_lin_lr1e3_wd0p05,000,Linear frozen-head baseline,linear_base,none,none,head_only,0.001,0.05,14,0.8023061824804879,0.7877359735973597,0.7692858768170423,0.785940594059406,/Users/haseebshafi/Documents/GitHub/Quadratic-Neurons-vs.-ReLU-How-Much-Nonlinearity-Is-Enough/Haseeb_trials/4_test/data_4seed/food101_l40s_8q8l2f_multiseed_28641701/seed_45/000_lin_lr1e3_wd0p05/food101/linear_base/metrics.json
food101_l40s_8q8l2f_multiseed_28641701,45,food101,000_lin_lr1e3_wd0p05,000,Linear frozen-head baseline,linear_base,none,none,head_only,0.001,0.05,15,0.7938628273372209,0.7885940594059406,0.7711287202669842,0.7858217821782179,/Users/haseebshafi/Documents/GitHub/Quadratic-Neurons-vs.-ReLU-How-Much-Nonlinearity-Is-Enough/Haseeb_trials/4_test/data_4seed/food101_l40s_8q8l2f_multiseed_28641701/seed_45/000_lin_lr1e3_wd0p05/food101/linear_base/metrics.json
food101_l40s_8q8l2f_multiseed_28641701,45,food101,000_lin_lr1e3_wd0p05,000,Linear frozen-head baseline,linear_base,none,none,head_only,0.001,0.05,16,0.7908103656957646,0.7890297029702971,0.7696536930882104,0.7873663366336634,/Users/haseebshafi/Documents/GitHub/Quadratic-Neurons-vs.-ReLU-How-Much-Nonlinearity-Is-Enough/Haseeb_trials/4_test/data_4seed/food101_l40s_8q8l2f_multiseed_28641701/seed_45/000_lin_lr1e3_wd0p05/food101/linear_base/metrics.json
food101_l40s_8q8l2f_multiseed_28641701,45,food101,000_lin_lr1e3_wd0p05,000,Linear frozen-head baseline,linear_base,none,none,head_only,0.001,0.05,17,0.7820258972983156,0.7919339933993399,0.7678647440329637,0.7862970297029703,/Users/haseebshafi/Documents/GitHub/Quadratic-Neurons-vs.-ReLU-How-Much-Nonlinearity-Is-Enough/Haseeb_trials/4_test/data_4seed/food101_l40s_8q8l2f_multiseed_28641701/seed_45/000_lin_lr1e3_wd0p05/food101/linear_base/metrics.json
food101_l40s_8q8l2f_multiseed_28641701,45,food101,000_lin_lr1e3_wd0p05,000,Linear frozen-head baseline,linear_base,none,none,head_only,0.001,0.05,18,0.7763117175590087,0.7930561056105611,0.7651243580945648,0.7863366336633664,/Users/haseebshafi/Documents/GitHub/Quadratic-Neurons-vs.-ReLU-How-Much-Nonlinearity-Is-Enough/Haseeb_trials/4_test/data_4seed/food101_l40s_8q8l2f_multiseed_28641701/seed_45/000_lin_lr1e3_wd0p05/food101/linear_base/metrics.json
food101_l40s_8q8l2f_multiseed_28641701,45,food101,000_lin_lr1e3_wd0p05,000,Linear frozen-head baseline,linear_base,none,none,head_only,0.001,0.05,19,0.7715447798184436,0.7928052805280528,0.772097923883117,0.7834455445544555,/Users/haseebshafi/Documents/GitHub/Quadratic-Neurons-vs.-ReLU-How-Much-Nonlinearity-Is-Enough/Haseeb_trials/4_test/data_4seed/food101_l40s_8q8l2f_multiseed_28641701/seed_45/000_lin_lr1e3_wd0p05/food101/linear_base/metrics.json
food101_l40s_8q8l2f_multiseed_28641701,45,food101,000_lin_lr1e3_wd0p05,000,Linear frozen-head baseline,linear_base,none,none,head_only,0.001,0.05,20,0.7654966368895553,0.794983498349835,0.76933975734333,0.7850297029702971,/Users/haseebshafi/Documents/GitHub/Quadratic-Neurons-vs.-ReLU-How-Much-Nonlinearity-Is-Enough/Haseeb_trials/4_test/data_4seed/food101_l40s_8q8l2f_multiseed_28641701/seed_45/000_lin_lr1e3_wd0p05/food101/linear_base/metrics.json
food101_l40s_8q8l2f_multiseed_28641701,45,food101,000_lin_lr1e3_wd0p05,000,Linear frozen-head baseline,linear_base,none,none,head_only,0.001,0.05,21,0.7625215111534194,0.7952343234323432,0.7669198591402262,0.786970297029703,/Users/haseebshafi/Documents/GitHub/Quadratic-Neurons-vs.-ReLU-How-Much-Nonlinearity-Is-Enough/Haseeb_trials/4_test/data_4seed/food101_l40s_8q8l2f_multiseed_28641701/seed_45/000_lin_lr1e3_wd0p05/food101/linear_base/metrics.json
food101_l40s_8q8l2f_multiseed_28641701,45,food101,000_lin_lr1e3_wd0p05,000,Linear frozen-head baseline,linear_base,none,none,head_only,0.001,0.05,22,0.7601257875335492,0.7979273927392739,0.7706364444506051,0.784,/Users/haseebshafi/Documents/GitHub/Quadratic-Neurons-vs.-ReLU-How-Much-Nonlinearity-Is-Enough/Haseeb_trials/4_test/data_4seed/food101_l40s_8q8l2f_multiseed_28641701/seed_45/000_lin_lr1e3_wd0p05/food101/linear_base/metrics.json
food101_l40s_8q8l2f_multiseed_28641701,45,food101,000_lin_lr1e3_wd0p05,000,Linear frozen-head baseline,linear_base,none,none,head_only,0.001,0.05,23,0.7550924502725255,0.7979141914191419,0.7728135007655267,0.7820990099009901,/Users/haseebshafi/Documents/GitHub/Quadratic-Neurons-vs.-ReLU-How-Much-Nonlinearity-Is-Enough/Haseeb_trials/4_test/data_4seed/food101_l40s_8q8l2f_multiseed_28641701/seed_45/000_lin_lr1e3_wd0p05/food101/linear_base/metrics.json
food101_l40s_8q8l2f_multiseed_28641701,45,food101,000_lin_lr1e3_wd0p05,000,Linear frozen-head baseline,linear_base,none,none,head_only,0.001,0.05,24,0.7509329628865711,0.7985214521452145,0.7695204054317852,0.7856633663366337,/Users/haseebshafi/Documents/GitHub/Quadratic-Neurons-vs.-ReLU-How-Much-Nonlinearity-Is-Enough/Haseeb_trials/4_test/data_4seed/food101_l40s_8q8l2f_multiseed_28641701/seed_45/000_lin_lr1e3_wd0p05/food101/linear_base/metrics.json
food101_l40s_8q8l2f_multiseed_28641701,45,food101,000_lin_lr1e3_wd0p05,000,Linear frozen-head baseline,linear_base,none,none,head_only,0.001,0.05,25,0.7508609291193116,0.7978349834983498,0.7669630345259563,0.7862178217821782,/Users/haseebshafi/Documents/GitHub/Quadratic-Neurons-vs.-ReLU-How-Much-Nonlinearity-Is-Enough/Haseeb_trials/4_test/data_4seed/food101_l40s_8q8l2f_multiseed_28641701/seed_45/000_lin_lr1e3_wd0p05/food101/linear_base/metrics.json
food101_l40s_8q8l2f_multiseed_28641701,45,food101,000_lin_lr1e3_wd0p05,000,Linear frozen-head baseline,linear_base,none,none,head_only,0.001,0.05,26,0.7478802976718437,0.7986666666666666,0.7692169561480532,0.784990099009901,/Users/haseebshafi/Documents/GitHub/Quadratic-Neurons-vs.-ReLU-How-Much-Nonlinearity-Is-Enough/Haseeb_trials/4_test/data_4seed/food101_l40s_8q8l2f_multiseed_28641701/seed_45/000_lin_lr1e3_wd0p05/food101/linear_base/metrics.json
food101_l40s_8q8l2f_multiseed_28641701,45,food101,000_lin_lr1e3_wd0p05,000,Linear frozen-head baseline,linear_base,none,none,head_only,0.001,0.05,27,0.742882401790556,0.8003960396039604,0.7729391779002577,0.7826138613861386,/Users/haseebshafi/Documents/GitHub/Quadratic-Neurons-vs.-ReLU-How-Much-Nonlinearity-Is-Enough/Haseeb_trials/4_test/data_4seed/food101_l40s_8q8l2f_multiseed_28641701/seed_45/000_lin_lr1e3_wd0p05/food101/linear_base/metrics.json
food101_l40s_8q8l2f_multiseed_28641701,45,food101,000_lin_lr1e3_wd0p05,000,Linear frozen-head baseline,linear_base,none,none,head_only,0.001,0.05,28,0.7434870549286946,0.799960396039604,0.7675837495539448,0.7843960396039604,/Users/haseebshafi/Documents/GitHub/Quadratic-Neurons-vs.-ReLU-How-Much-Nonlinearity-Is-Enough/Haseeb_trials/4_test/data_4seed/food101_l40s_8q8l2f_multiseed_28641701/seed_45/000_lin_lr1e3_wd0p05/food101/linear_base/metrics.json
food101_l40s_8q8l2f_multiseed_28641701,45,food101,000_lin_lr1e3_wd0p05,000,Linear frozen-head baseline,linear_base,none,none,head_only,0.001,0.05,29,0.7414403299073575,0.8011485148514852,0.768808836722138,0.7848712871287129,/Users/haseebshafi/Documents/GitHub/Quadratic-Neurons-vs.-ReLU-How-Much-Nonlinearity-Is-Enough/Haseeb_trials/4_test/data_4seed/food101_l40s_8q8l2f_multiseed_28641701/seed_45/000_lin_lr1e3_wd0p05/food101/linear_base/metrics.json
food101_l40s_8q8l2f_multiseed_28641701,45,food101,000_lin_lr1e3_wd0p05,000,Linear frozen-head baseline,linear_base,none,none,head_only,0.001,0.05,30,0.7365949795348417,0.8021386138613862,0.7682618622260519,0.7859009900990099,/Users/haseebshafi/Documents/GitHub/Quadratic-Neurons-vs.-ReLU-How-Much-Nonlinearity-Is-Enough/Haseeb_trials/4_test/data_4seed/food101_l40s_8q8l2f_multiseed_28641701/seed_45/000_lin_lr1e3_wd0p05/food101/linear_base/metrics.json
food101_l40s_8q8l2f_multiseed_28641701,45,food101,101_q_ls_r1_h0_lr1em3_wd0p0,101,Quadratic depthwise adapter,quad_dw,last_stage,1,no,0.001,0.0,1,0.6775629670517673,0.8146006600660066,0.7548080183066944,0.7908118811881188,/Users/haseebshafi/Documents/GitHub/Quadratic-Neurons-vs.-ReLU-How-Much-Nonlinearity-Is-Enough/Haseeb_trials/4_test/data_4seed/food101_l40s_8q8l2f_multiseed_28641701/seed_45/101_q_ls_r1_h0_lr1em3_wd0p0/food101/quad_dw/last_stage_rank_1/metrics.json
food101_l40s_8q8l2f_multiseed_28641701,45,food101,101_q_ls_r1_h0_lr1em3_wd0p0,101,Quadratic depthwise adapter,quad_dw,last_stage,1,no,0.001,0.0,2,0.6536646716161923,0.8203828382838284,0.7513441619873047,0.7926336633663367,/Users/haseebshafi/Documents/GitHub/Quadratic-Neurons-vs.-ReLU-How-Much-Nonlinearity-Is-Enough/Haseeb_trials/4_test/data_4seed/food101_l40s_8q8l2f_multiseed_28641701/seed_45/101_q_ls_r1_h0_lr1em3_wd0p0/food101/quad_dw/last_stage_rank_1/metrics.json
food101_l40s_8q8l2f_multiseed_28641701,45,food101,101_q_ls_r1_h0_lr1em3_wd0p0,101,Quadratic depthwise adapter,quad_dw,last_stage,1,no,0.001,0.0,3,0.6318568316371528,0.8267722772277227,0.7505185292923805,0.7926336633663367,/Users/haseebshafi/Documents/GitHub/Quadratic-Neurons-vs.-ReLU-How-Much-Nonlinearity-Is-Enough/Haseeb_trials/4_test/data_4seed/food101_l40s_8q8l2f_multiseed_28641701/seed_45/101_q_ls_r1_h0_lr1em3_wd0p0/food101/quad_dw/last_stage_rank_1/metrics.json
food101_l40s_8q8l2f_multiseed_28641701,45,food101,101_q_ls_r1_h0_lr1em3_wd0p0,101,Quadratic depthwise adapter,quad_dw,last_stage,1,no,0.001,0.0,4,0.6131988677160182,0.8322244224422443,0.7552389402224285,0.7918019801980198,/Users/haseebshafi/Documents/GitHub/Quadratic-Neurons-vs.-ReLU-How-Much-Nonlinearity-Is-Enough/Haseeb_trials/4_test/data_4seed/food101_l40s_8q8l2f_multiseed_28641701/seed_45/101_q_ls_r1_h0_lr1em3_wd0p0/food101/quad_dw/last_stage_rank_1/metrics.json
food101_l40s_8q8l2f_multiseed_28641701,45,food101,101_q_ls_r1_h0_lr1em3_wd0p0,101,Quadratic depthwise adapter,quad_dw,last_stage,1,no,0.001,0.0,5,0.5909880938891924,0.8382310231023102,0.7583474491421539,0.7904950495049505,/Users/haseebshafi/Documents/GitHub/Quadratic-Neurons-vs.-ReLU-How-Much-Nonlinearity-Is-Enough/Haseeb_trials/4_test/data_4seed/food101_l40s_8q8l2f_multiseed_28641701/seed_45/101_q_ls_r1_h0_lr1em3_wd0p0/food101/quad_dw/last_stage_rank_1/metrics.json
food101_l40s_8q8l2f_multiseed_28641701,45,food101,101_q_ls_r1_h0_lr1em3_wd0p0,101,Quadratic depthwise adapter,quad_dw,last_stage,1,no,0.001,0.0,6,0.5732519605765641,0.842957095709571,0.7616820966205975,0.7891881188118812,/Users/haseebshafi/Documents/GitHub/Quadratic-Neurons-vs.-ReLU-How-Much-Nonlinearity-Is-Enough/Haseeb_trials/4_test/data_4seed/food101_l40s_8q8l2f_multiseed_28641701/seed_45/101_q_ls_r1_h0_lr1em3_wd0p0/food101/quad_dw/last_stage_rank_1/metrics.json
food101_l40s_8q8l2f_multiseed_28641701,45,food101,101_q_ls_r1_h0_lr1em3_wd0p0,101,Quadratic depthwise adapter,quad_dw,last_stage,1,no,0.001,0.0,7,0.5532989673409918,0.8495049504950495,0.7657813517291947,0.7878019801980198,/Users/haseebshafi/Documents/GitHub/Quadratic-Neurons-vs.-ReLU-How-Much-Nonlinearity-Is-Enough/Haseeb_trials/4_test/data_4seed/food101_l40s_8q8l2f_multiseed_28641701/seed_45/101_q_ls_r1_h0_lr1em3_wd0p0/food101/quad_dw/last_stage_rank_1/metrics.json
food101_l40s_8q8l2f_multiseed_28641701,45,food101,101_q_ls_r1_h0_lr1em3_wd0p0,101,Quadratic depthwise adapter,quad_dw,last_stage,1,no,0.001,0.0,8,0.5345678097068673,0.8549966996699669,0.7654554551167063,0.7891881188118812,/Users/haseebshafi/Documents/GitHub/Quadratic-Neurons-vs.-ReLU-How-Much-Nonlinearity-Is-Enough/Haseeb_trials/4_test/data_4seed/food101_l40s_8q8l2f_multiseed_28641701/seed_45/101_q_ls_r1_h0_lr1em3_wd0p0/food101/quad_dw/last_stage_rank_1/metrics.json
food101_l40s_8q8l2f_multiseed_28641701,45,food101,101_q_ls_r1_h0_lr1em3_wd0p0,101,Quadratic depthwise adapter,quad_dw,last_stage,1,no,0.001,0.0,9,0.5217641769446949,0.8592607260726073,0.7753155453936889,0.7891089108910891,/Users/haseebshafi/Documents/GitHub/Quadratic-Neurons-vs.-ReLU-How-Much-Nonlinearity-Is-Enough/Haseeb_trials/4_test/data_4seed/food101_l40s_8q8l2f_multiseed_28641701/seed_45/101_q_ls_r1_h0_lr1em3_wd0p0/food101/quad_dw/last_stage_rank_1/metrics.json
food101_l40s_8q8l2f_multiseed_28641701,45,food101,101_q_ls_r1_h0_lr1em3_wd0p0,101,Quadratic depthwise adapter,quad_dw,last_stage,1,no,0.001,0.0,10,0.5051517529503347,0.8634851485148515,0.7759504486239782,0.7883564356435644,/Users/haseebshafi/Documents/GitHub/Quadratic-Neurons-vs.-ReLU-How-Much-Nonlinearity-Is-Enough/Haseeb_trials/4_test/data_4seed/food101_l40s_8q8l2f_multiseed_28641701/seed_45/101_q_ls_r1_h0_lr1em3_wd0p0/food101/quad_dw/last_stage_rank_1/metrics.json
food101_l40s_8q8l2f_multiseed_28641701,45,food101,101_q_ls_r1_h0_lr1em3_wd0p0,101,Quadratic depthwise adapter,quad_dw,last_stage,1,no,0.001,0.0,11,0.4922973857744299,0.8663894389438944,0.7783755725303498,0.7876831683168317,/Users/haseebshafi/Documents/GitHub/Quadratic-Neurons-vs.-ReLU-How-Much-Nonlinearity-Is-Enough/Haseeb_trials/4_test/data_4seed/food101_l40s_8q8l2f_multiseed_28641701/seed_45/101_q_ls_r1_h0_lr1em3_wd0p0/food101/quad_dw/last_stage_rank_1/metrics.json
food101_l40s_8q8l2f_multiseed_28641701,45,food101,101_q_ls_r1_h0_lr1em3_wd0p0,101,Quadratic depthwise adapter,quad_dw,last_stage,1,no,0.001,0.0,12,0.48035052612669793,0.8714323432343234,0.7790313556855267,0.7876435643564357,/Users/haseebshafi/Documents/GitHub/Quadratic-Neurons-vs.-ReLU-How-Much-Nonlinearity-Is-Enough/Haseeb_trials/4_test/data_4seed/food101_l40s_8q8l2f_multiseed_28641701/seed_45/101_q_ls_r1_h0_lr1em3_wd0p0/food101/quad_dw/last_stage_rank_1/metrics.json
food101_l40s_8q8l2f_multiseed_28641701,45,food101,102_q_ls_r2_h0_lr1em3_wd0p0,102,Quadratic depthwise adapter,quad_dw,last_stage,2,no,0.001,0.0,1,0.6762310544224855,0.8157623762376237,0.7529810605214374,0.7921188118811882,/Users/haseebshafi/Documents/GitHub/Quadratic-Neurons-vs.-ReLU-How-Much-Nonlinearity-Is-Enough/Haseeb_trials/4_test/data_4seed/food101_l40s_8q8l2f_multiseed_28641701/seed_45/102_q_ls_r2_h0_lr1em3_wd0p0/food101/quad_dw/last_stage_rank_2/metrics.json
food101_l40s_8q8l2f_multiseed_28641701,45,food101,102_q_ls_r2_h0_lr1em3_wd0p0,102,Quadratic depthwise adapter,quad_dw,last_stage,2,no,0.001,0.0,2,0.6496351865667714,0.821003300330033,0.7521849069005192,0.793980198019802,/Users/haseebshafi/Documents/GitHub/Quadratic-Neurons-vs.-ReLU-How-Much-Nonlinearity-Is-Enough/Haseeb_trials/4_test/data_4seed/food101_l40s_8q8l2f_multiseed_28641701/seed_45/102_q_ls_r2_h0_lr1em3_wd0p0/food101/quad_dw/last_stage_rank_2/metrics.json
food101_l40s_8q8l2f_multiseed_28641701,45,food101,102_q_ls_r2_h0_lr1em3_wd0p0,102,Quadratic depthwise adapter,quad_dw,last_stage,2,no,0.001,0.0,3,0.6307351617663607,0.8265742574257425,0.7532258553481338,0.7933069306930693,/Users/haseebshafi/Documents/GitHub/Quadratic-Neurons-vs.-ReLU-How-Much-Nonlinearity-Is-Enough/Haseeb_trials/4_test/data_4seed/food101_l40s_8q8l2f_multiseed_28641701/seed_45/102_q_ls_r2_h0_lr1em3_wd0p0/food101/quad_dw/last_stage_rank_2/metrics.json
food101_l40s_8q8l2f_multiseed_28641701,45,food101,102_q_ls_r2_h0_lr1em3_wd0p0,102,Quadratic depthwise adapter,quad_dw,last_stage,2,no,0.001,0.0,4,0.607759613910524,0.8331089108910891,0.7554465524064432,0.7927524752475248,/Users/haseebshafi/Documents/GitHub/Quadratic-Neurons-vs.-ReLU-How-Much-Nonlinearity-Is-Enough/Haseeb_trials/4_test/data_4seed/food101_l40s_8q8l2f_multiseed_28641701/seed_45/102_q_ls_r2_h0_lr1em3_wd0p0/food101/quad_dw/last_stage_rank_2/metrics.json
food101_l40s_8q8l2f_multiseed_28641701,45,food101,102_q_ls_r2_h0_lr1em3_wd0p0,102,Quadratic depthwise adapter,quad_dw,last_stage,2,no,0.001,0.0,5,0.5819501206473549,0.842059405940594,0.7611347543367065,0.7918415841584159,/Users/haseebshafi/Documents/GitHub/Quadratic-Neurons-vs.-ReLU-How-Much-Nonlinearity-Is-Enough/Haseeb_trials/4_test/data_4seed/food101_l40s_8q8l2f_multiseed_28641701/seed_45/102_q_ls_r2_h0_lr1em3_wd0p0/food101/quad_dw/last_stage_rank_2/metrics.json
food101_l40s_8q8l2f_multiseed_28641701,45,food101,102_q_ls_r2_h0_lr1em3_wd0p0,102,Quadratic depthwise adapter,quad_dw,last_stage,2,no,0.001,0.0,6,0.5620598304326778,0.8471551155115512,0.7658708830115819,0.7893465346534654,/Users/haseebshafi/Documents/GitHub/Quadratic-Neurons-vs.-ReLU-How-Much-Nonlinearity-Is-Enough/Haseeb_trials/4_test/data_4seed/food101_l40s_8q8l2f_multiseed_28641701/seed_45/102_q_ls_r2_h0_lr1em3_wd0p0/food101/quad_dw/last_stage_rank_2/metrics.json
food101_l40s_8q8l2f_multiseed_28641701,45,food101,102_q_ls_r2_h0_lr1em3_wd0p0,102,Quadratic depthwise adapter,quad_dw,last_stage,2,no,0.001,0.0,7,0.5408949673230892,0.8526468646864687,0.7679634190101434,0.7908910891089109,/Users/haseebshafi/Documents/GitHub/Quadratic-Neurons-vs.-ReLU-How-Much-Nonlinearity-Is-Enough/Haseeb_trials/4_test/data_4seed/food101_l40s_8q8l2f_multiseed_28641701/seed_45/102_q_ls_r2_h0_lr1em3_wd0p0/food101/quad_dw/last_stage_rank_2/metrics.json
food101_l40s_8q8l2f_multiseed_28641701,45,food101,102_q_ls_r2_h0_lr1em3_wd0p0,102,Quadratic depthwise adapter,quad_dw,last_stage,2,no,0.001,0.0,8,0.521170829526662,0.8578085808580858,0.7711944615085526,0.7895841584158416,/Users/haseebshafi/Documents/GitHub/Quadratic-Neurons-vs.-ReLU-How-Much-Nonlinearity-Is-Enough/Haseeb_trials/4_test/data_4seed/food101_l40s_8q8l2f_multiseed_28641701/seed_45/102_q_ls_r2_h0_lr1em3_wd0p0/food101/quad_dw/last_stage_rank_2/metrics.json
food101_l40s_8q8l2f_multiseed_28641701,45,food101,102_q_ls_r2_h0_lr1em3_wd0p0,102,Quadratic depthwise adapter,quad_dw,last_stage,2,no,0.001,0.0,9,0.49925810140509025,0.8663630363036303,0.7739969471232726,0.7891485148514852,/Users/haseebshafi/Documents/GitHub/Quadratic-Neurons-vs.-ReLU-How-Much-Nonlinearity-Is-Enough/Haseeb_trials/4_test/data_4seed/food101_l40s_8q8l2f_multiseed_28641701/seed_45/102_q_ls_r2_h0_lr1em3_wd0p0/food101/quad_dw/last_stage_rank_2/metrics.json
food101_l40s_8q8l2f_multiseed_28641701,45,food101,102_q_ls_r2_h0_lr1em3_wd0p0,102,Quadratic depthwise adapter,quad_dw,last_stage,2,no,0.001,0.0,10,0.4871135444216209,0.8688844884488449,0.7789354778138717,0.7896633663366337,/Users/haseebshafi/Documents/GitHub/Quadratic-Neurons-vs.-ReLU-How-Much-Nonlinearity-Is-Enough/Haseeb_trials/4_test/data_4seed/food101_l40s_8q8l2f_multiseed_28641701/seed_45/102_q_ls_r2_h0_lr1em3_wd0p0/food101/quad_dw/last_stage_rank_2/metrics.json
food101_l40s_8q8l2f_multiseed_28641701,45,food101,102_q_ls_r2_h0_lr1em3_wd0p0,102,Quadratic depthwise adapter,quad_dw,last_stage,2,no,0.001,0.0,11,0.4708026751118525,0.8731353135313531,0.7773449993652872,0.7906138613861386,/Users/haseebshafi/Documents/GitHub/Quadratic-Neurons-vs.-ReLU-How-Much-Nonlinearity-Is-Enough/Haseeb_trials/4_test/data_4seed/food101_l40s_8q8l2f_multiseed_28641701/seed_45/102_q_ls_r2_h0_lr1em3_wd0p0/food101/quad_dw/last_stage_rank_2/metrics.json
food101_l40s_8q8l2f_multiseed_28641701,45,food101,102_q_ls_r2_h0_lr1em3_wd0p0,102,Quadratic depthwise adapter,quad_dw,last_stage,2,no,0.001,0.0,12,0.455103427478976,0.877953795379538,0.7853477029611569,0.7870495049504951,/Users/haseebshafi/Documents/GitHub/Quadratic-Neurons-vs.-ReLU-How-Much-Nonlinearity-Is-Enough/Haseeb_trials/4_test/data_4seed/food101_l40s_8q8l2f_multiseed_28641701/seed_45/102_q_ls_r2_h0_lr1em3_wd0p0/food101/quad_dw/last_stage_rank_2/metrics.json
food101_l40s_8q8l2f_multiseed_28641701,45,food101,103_q_ls_r4_h0_lr1em3_wd0p0,103,Quadratic depthwise adapter,quad_dw,last_stage,4,no,0.001,0.0,1,0.6739201919473831,0.8154587458745874,0.7542995316297701,0.7907722772277228,/Users/haseebshafi/Documents/GitHub/Quadratic-Neurons-vs.-ReLU-How-Much-Nonlinearity-Is-Enough/Haseeb_trials/4_test/data_4seed/food101_l40s_8q8l2f_multiseed_28641701/seed_45/103_q_ls_r4_h0_lr1em3_wd0p0/food101/quad_dw/last_stage_rank_4/metrics.json
food101_l40s_8q8l2f_multiseed_28641701,45,food101,103_q_ls_r4_h0_lr1em3_wd0p0,103,Quadratic depthwise adapter,quad_dw,last_stage,4,no,0.001,0.0,2,0.6523605957220097,0.8212013201320132,0.7525644112223446,0.7925148514851486,/Users/haseebshafi/Documents/GitHub/Quadratic-Neurons-vs.-ReLU-How-Much-Nonlinearity-Is-Enough/Haseeb_trials/4_test/data_4seed/food101_l40s_8q8l2f_multiseed_28641701/seed_45/103_q_ls_r4_h0_lr1em3_wd0p0/food101/quad_dw/last_stage_rank_4/metrics.json
food101_l40s_8q8l2f_multiseed_28641701,45,food101,103_q_ls_r4_h0_lr1em3_wd0p0,103,Quadratic depthwise adapter,quad_dw,last_stage,4,no,0.001,0.0,3,0.6297651637867339,0.8274983498349835,0.7551253054944596,0.7932673267326733,/Users/haseebshafi/Documents/GitHub/Quadratic-Neurons-vs.-ReLU-How-Much-Nonlinearity-Is-Enough/Haseeb_trials/4_test/data_4seed/food101_l40s_8q8l2f_multiseed_28641701/seed_45/103_q_ls_r4_h0_lr1em3_wd0p0/food101/quad_dw/last_stage_rank_4/metrics.json
food101_l40s_8q8l2f_multiseed_28641701,45,food101,103_q_ls_r4_h0_lr1em3_wd0p0,103,Quadratic depthwise adapter,quad_dw,last_stage,4,no,0.001,0.0,4,0.6069260888083933,0.8331221122112211,0.7616865478340942,0.7913663366336634,/Users/haseebshafi/Documents/GitHub/Quadratic-Neurons-vs.-ReLU-How-Much-Nonlinearity-Is-Enough/Haseeb_trials/4_test/data_4seed/food101_l40s_8q8l2f_multiseed_28641701/seed_45/103_q_ls_r4_h0_lr1em3_wd0p0/food101/quad_dw/last_stage_rank_4/metrics.json
food101_l40s_8q8l2f_multiseed_28641701,45,food101,103_q_ls_r4_h0_lr1em3_wd0p0,103,Quadratic depthwise adapter,quad_dw,last_stage,4,no,0.001,0.0,5,0.5817620370301476,0.841980198019802,0.7623159960897842,0.7916039603960396,/Users/haseebshafi/Documents/GitHub/Quadratic-Neurons-vs.-ReLU-How-Much-Nonlinearity-Is-Enough/Haseeb_trials/4_test/data_4seed/food101_l40s_8q8l2f_multiseed_28641701/seed_45/103_q_ls_r4_h0_lr1em3_wd0p0/food101/quad_dw/last_stage_rank_4/metrics.json
food101_l40s_8q8l2f_multiseed_28641701,45,food101,103_q_ls_r4_h0_lr1em3_wd0p0,103,Quadratic depthwise adapter,quad_dw,last_stage,4,no,0.001,0.0,6,0.5570068119052219,0.8479603960396039,0.7641890329299587,0.7916831683168317,/Users/haseebshafi/Documents/GitHub/Quadratic-Neurons-vs.-ReLU-How-Much-Nonlinearity-Is-Enough/Haseeb_trials/4_test/data_4seed/food101_l40s_8q8l2f_multiseed_28641701/seed_45/103_q_ls_r4_h0_lr1em3_wd0p0/food101/quad_dw/last_stage_rank_4/metrics.json
food101_l40s_8q8l2f_multiseed_28641701,45,food101,103_q_ls_r4_h0_lr1em3_wd0p0,103,Quadratic depthwise adapter,quad_dw,last_stage,4,no,0.001,0.0,7,0.5363167938619557,0.8532277227722772,0.7665027080455629,0.791960396039604,/Users/haseebshafi/Documents/GitHub/Quadratic-Neurons-vs.-ReLU-How-Much-Nonlinearity-Is-Enough/Haseeb_trials/4_test/data_4seed/food101_l40s_8q8l2f_multiseed_28641701/seed_45/103_q_ls_r4_h0_lr1em3_wd0p0/food101/quad_dw/last_stage_rank_4/metrics.json
food101_l40s_8q8l2f_multiseed_28641701,45,food101,103_q_ls_r4_h0_lr1em3_wd0p0,103,Quadratic depthwise adapter,quad_dw,last_stage,4,no,0.001,0.0,8,0.519167735046286,0.8598415841584158,0.771423996172329,0.790019801980198,/Users/haseebshafi/Documents/GitHub/Quadratic-Neurons-vs.-ReLU-How-Much-Nonlinearity-Is-Enough/Haseeb_trials/4_test/data_4seed/food101_l40s_8q8l2f_multiseed_28641701/seed_45/103_q_ls_r4_h0_lr1em3_wd0p0/food101/quad_dw/last_stage_rank_4/metrics.json
food101_l40s_8q8l2f_multiseed_28641701,45,food101,103_q_ls_r4_h0_lr1em3_wd0p0,103,Quadratic depthwise adapter,quad_dw,last_stage,4,no,0.001,0.0,9,0.496615049034062,0.8668250825082509,0.7739567004147142,0.7902178217821783,/Users/haseebshafi/Documents/GitHub/Quadratic-Neurons-vs.-ReLU-How-Much-Nonlinearity-Is-Enough/Haseeb_trials/4_test/data_4seed/food101_l40s_8q8l2f_multiseed_28641701/seed_45/103_q_ls_r4_h0_lr1em3_wd0p0/food101/quad_dw/last_stage_rank_4/metrics.json
food101_l40s_8q8l2f_multiseed_28641701,45,food101,103_q_ls_r4_h0_lr1em3_wd0p0,103,Quadratic depthwise adapter,quad_dw,last_stage,4,no,0.001,0.0,10,0.47671595079906703,0.8727260726072608,0.7746306329576096,0.7887920792079208,/Users/haseebshafi/Documents/GitHub/Quadratic-Neurons-vs.-ReLU-How-Much-Nonlinearity-Is-Enough/Haseeb_trials/4_test/data_4seed/food101_l40s_8q8l2f_multiseed_28641701/seed_45/103_q_ls_r4_h0_lr1em3_wd0p0/food101/quad_dw/last_stage_rank_4/metrics.json
food101_l40s_8q8l2f_multiseed_28641701,45,food101,103_q_ls_r4_h0_lr1em3_wd0p0,103,Quadratic depthwise adapter,quad_dw,last_stage,4,no,0.001,0.0,11,0.45871806007013854,0.8779405940594059,0.7792345745563507,0.7886336633663367,/Users/haseebshafi/Documents/GitHub/Quadratic-Neurons-vs.-ReLU-How-Much-Nonlinearity-Is-Enough/Haseeb_trials/4_test/data_4seed/food101_l40s_8q8l2f_multiseed_28641701/seed_45/103_q_ls_r4_h0_lr1em3_wd0p0/food101/quad_dw/last_stage_rank_4/metrics.json
food101_l40s_8q8l2f_multiseed_28641701,45,food101,103_q_ls_r4_h0_lr1em3_wd0p0,103,Quadratic depthwise adapter,quad_dw,last_stage,4,no,0.001,0.0,12,0.4452236504483931,0.8818085808580858,0.783020790980594,0.7887128712871287,/Users/haseebshafi/Documents/GitHub/Quadratic-Neurons-vs.-ReLU-How-Much-Nonlinearity-Is-Enough/Haseeb_trials/4_test/data_4seed/food101_l40s_8q8l2f_multiseed_28641701/seed_45/103_q_ls_r4_h0_lr1em3_wd0p0/food101/quad_dw/last_stage_rank_4/metrics.json
food101_l40s_8q8l2f_multiseed_28641701,45,food101,104_q_ls_r2_h0_lr3em4_wd0p01,104,Quadratic depthwise adapter,quad_dw,last_stage,2,no,0.0003,0.01,1,0.6848293960259693,0.8147326732673267,0.7582012776195413,0.7897425742574258,/Users/haseebshafi/Documents/GitHub/Quadratic-Neurons-vs.-ReLU-How-Much-Nonlinearity-Is-Enough/Haseeb_trials/4_test/data_4seed/food101_l40s_8q8l2f_multiseed_28641701/seed_45/104_q_ls_r2_h0_lr3em4_wd0p01/food101/quad_dw/last_stage_rank_2/metrics.json
food101_l40s_8q8l2f_multiseed_28641701,45,food101,104_q_ls_r2_h0_lr3em4_wd0p01,104,Quadratic depthwise adapter,quad_dw,last_stage,2,no,0.0003,0.01,2,0.664408365462086,0.8175973597359736,0.7546858933255224,0.7910495049504951,/Users/haseebshafi/Documents/GitHub/Quadratic-Neurons-vs.-ReLU-How-Much-Nonlinearity-Is-Enough/Haseeb_trials/4_test/data_4seed/food101_l40s_8q8l2f_multiseed_28641701/seed_45/104_q_ls_r2_h0_lr3em4_wd0p01/food101/quad_dw/last_stage_rank_2/metrics.json
food101_l40s_8q8l2f_multiseed_28641701,45,food101,104_q_ls_r2_h0_lr3em4_wd0p01,104,Quadratic depthwise adapter,quad_dw,last_stage,2,no,0.0003,0.01,3,0.6563325504941909,0.8192871287128712,0.7538389694808734,0.791960396039604,/Users/haseebshafi/Documents/GitHub/Quadratic-Neurons-vs.-ReLU-How-Much-Nonlinearity-Is-Enough/Haseeb_trials/4_test/data_4seed/food101_l40s_8q8l2f_multiseed_28641701/seed_45/104_q_ls_r2_h0_lr3em4_wd0p01/food101/quad_dw/last_stage_rank_2/metrics.json
food101_l40s_8q8l2f_multiseed_28641701,45,food101,104_q_ls_r2_h0_lr3em4_wd0p01,104,Quadratic depthwise adapter,quad_dw,last_stage,2,no,0.0003,0.01,4,0.6474222514353963,0.8223366336633663,0.7531428436760855,0.7927920792079208,/Users/haseebshafi/Documents/GitHub/Quadratic-Neurons-vs.-ReLU-How-Much-Nonlinearity-Is-Enough/Haseeb_trials/4_test/data_4seed/food101_l40s_8q8l2f_multiseed_28641701/seed_45/104_q_ls_r2_h0_lr3em4_wd0p01/food101/quad_dw/last_stage_rank_2/metrics.json
food101_l40s_8q8l2f_multiseed_28641701,45,food101,104_q_ls_r2_h0_lr3em4_wd0p01,104,Quadratic depthwise adapter,quad_dw,last_stage,2,no,0.0003,0.01,5,0.6368861325692029,0.8246996699669967,0.7537577737439977,0.7925148514851486,/Users/haseebshafi/Documents/GitHub/Quadratic-Neurons-vs.-ReLU-How-Much-Nonlinearity-Is-Enough/Haseeb_trials/4_test/data_4seed/food101_l40s_8q8l2f_multiseed_28641701/seed_45/104_q_ls_r2_h0_lr3em4_wd0p01/food101/quad_dw/last_stage_rank_2/metrics.json
food101_l40s_8q8l2f_multiseed_28641701,45,food101,104_q_ls_r2_h0_lr3em4_wd0p01,104,Quadratic depthwise adapter,quad_dw,last_stage,2,no,0.0003,0.01,6,0.6306738463722833,0.8272475247524752,0.7563237604197889,0.7916039603960396,/Users/haseebshafi/Documents/GitHub/Quadratic-Neurons-vs.-ReLU-How-Much-Nonlinearity-Is-Enough/Haseeb_trials/4_test/data_4seed/food101_l40s_8q8l2f_multiseed_28641701/seed_45/104_q_ls_r2_h0_lr3em4_wd0p01/food101/quad_dw/last_stage_rank_2/metrics.json
food101_l40s_8q8l2f_multiseed_28641701,45,food101,104_q_ls_r2_h0_lr3em4_wd0p01,104,Quadratic depthwise adapter,quad_dw,last_stage,2,no,0.0003,0.01,7,0.6233220581252976,0.8294785478547855,0.7550048374775613,0.7925940594059406,/Users/haseebshafi/Documents/GitHub/Quadratic-Neurons-vs.-ReLU-How-Much-Nonlinearity-Is-Enough/Haseeb_trials/4_test/data_4seed/food101_l40s_8q8l2f_multiseed_28641701/seed_45/104_q_ls_r2_h0_lr3em4_wd0p01/food101/quad_dw/last_stage_rank_2/metrics.json
food101_l40s_8q8l2f_multiseed_28641701,45,food101,104_q_ls_r2_h0_lr3em4_wd0p01,104,Quadratic depthwise adapter,quad_dw,last_stage,2,no,0.0003,0.01,8,0.6157423181809214,0.8314191419141914,0.7557203060825273,0.7918415841584159,/Users/haseebshafi/Documents/GitHub/Quadratic-Neurons-vs.-ReLU-How-Much-Nonlinearity-Is-Enough/Haseeb_trials/4_test/data_4seed/food101_l40s_8q8l2f_multiseed_28641701/seed_45/104_q_ls_r2_h0_lr3em4_wd0p01/food101/quad_dw/last_stage_rank_2/metrics.json
food101_l40s_8q8l2f_multiseed_28641701,45,food101,104_q_ls_r2_h0_lr3em4_wd0p01,104,Quadratic depthwise adapter,quad_dw,last_stage,2,no,0.0003,0.01,9,0.6044484288448547,0.8353135313531354,0.7576203715612393,0.7923168316831684,/Users/haseebshafi/Documents/GitHub/Quadratic-Neurons-vs.-ReLU-How-Much-Nonlinearity-Is-Enough/Haseeb_trials/4_test/data_4seed/food101_l40s_8q8l2f_multiseed_28641701/seed_45/104_q_ls_r2_h0_lr3em4_wd0p01/food101/quad_dw/last_stage_rank_2/metrics.json
food101_l40s_8q8l2f_multiseed_28641701,45,food101,104_q_ls_r2_h0_lr3em4_wd0p01,104,Quadratic depthwise adapter,quad_dw,last_stage,2,no,0.0003,0.01,10,0.6022061248045943,0.8356567656765677,0.7563671702583238,0.7925148514851486,/Users/haseebshafi/Documents/GitHub/Quadratic-Neurons-vs.-ReLU-How-Much-Nonlinearity-Is-Enough/Haseeb_trials/4_test/data_4seed/food101_l40s_8q8l2f_multiseed_28641701/seed_45/104_q_ls_r2_h0_lr3em4_wd0p01/food101/quad_dw/last_stage_rank_2/metrics.json
food101_l40s_8q8l2f_multiseed_28641701,45,food101,104_q_ls_r2_h0_lr3em4_wd0p01,104,Quadratic depthwise adapter,quad_dw,last_stage,2,no,0.0003,0.01,11,0.5947709906675634,0.8366336633663366,0.7565324104044697,0.7925940594059406,/Users/haseebshafi/Documents/GitHub/Quadratic-Neurons-vs.-ReLU-How-Much-Nonlinearity-Is-Enough/Haseeb_trials/4_test/data_4seed/food101_l40s_8q8l2f_multiseed_28641701/seed_45/104_q_ls_r2_h0_lr3em4_wd0p01/food101/quad_dw/last_stage_rank_2/metrics.json
food101_l40s_8q8l2f_multiseed_28641701,45,food101,104_q_ls_r2_h0_lr3em4_wd0p01,104,Quadratic depthwise adapter,quad_dw,last_stage,2,no,0.0003,0.01,12,0.5866922084820939,0.839023102310231,0.7594816177929982,0.7915643564356436,/Users/haseebshafi/Documents/GitHub/Quadratic-Neurons-vs.-ReLU-How-Much-Nonlinearity-Is-Enough/Haseeb_trials/4_test/data_4seed/food101_l40s_8q8l2f_multiseed_28641701/seed_45/104_q_ls_r2_h0_lr3em4_wd0p01/food101/quad_dw/last_stage_rank_2/metrics.json
food101_l40s_8q8l2f_multiseed_28641701,45,food101,105_q_all_r1_h0_lr3em4_wd0p0,105,Quadratic depthwise adapter,quad_dw,all,1,no,0.0003,0.0,1,0.6557491589867243,0.8222706270627063,0.7166366624832153,0.8020594059405941,/Users/haseebshafi/Documents/GitHub/Quadratic-Neurons-vs.-ReLU-How-Much-Nonlinearity-Is-Enough/Haseeb_trials/4_test/data_4seed/food101_l40s_8q8l2f_multiseed_28641701/seed_45/105_q_all_r1_h0_lr3em4_wd0p0/food101/quad_dw/all_rank_1/metrics.json
food101_l40s_8q8l2f_multiseed_28641701,45,food101,105_q_all_r1_h0_lr3em4_wd0p0,105,Quadratic depthwise adapter,quad_dw,all,1,no,0.0003,0.0,2,0.6235445962463668,0.8276171617161716,0.7058977024224725,0.8047524752475248,/Users/haseebshafi/Documents/GitHub/Quadratic-Neurons-vs.-ReLU-How-Much-Nonlinearity-Is-Enough/Haseeb_trials/4_test/data_4seed/food101_l40s_8q8l2f_multiseed_28641701/seed_45/105_q_all_r1_h0_lr3em4_wd0p0/food101/quad_dw/all_rank_1/metrics.json
food101_l40s_8q8l2f_multiseed_28641701,45,food101,105_q_all_r1_h0_lr3em4_wd0p0,105,Quadratic depthwise adapter,quad_dw,all,1,no,0.0003,0.0,3,0.601305165580397,0.8354323432343235,0.7024175068104621,0.8058217821782179,/Users/haseebshafi/Documents/GitHub/Quadratic-Neurons-vs.-ReLU-How-Much-Nonlinearity-Is-Enough/Haseeb_trials/4_test/data_4seed/food101_l40s_8q8l2f_multiseed_28641701/seed_45/105_q_all_r1_h0_lr3em4_wd0p0/food101/quad_dw/all_rank_1/metrics.json
food101_l40s_8q8l2f_multiseed_28641701,45,food101,105_q_all_r1_h0_lr3em4_wd0p0,105,Quadratic depthwise adapter,quad_dw,all,1,no,0.0003,0.0,4,0.5798015762571455,0.8403036303630363,0.6962109927045237,0.8074455445544555,/Users/haseebshafi/Documents/GitHub/Quadratic-Neurons-vs.-ReLU-How-Much-Nonlinearity-Is-Enough/Haseeb_trials/4_test/data_4seed/food101_l40s_8q8l2f_multiseed_28641701/seed_45/105_q_all_r1_h0_lr3em4_wd0p0/food101/quad_dw/all_rank_1/metrics.json
food101_l40s_8q8l2f_multiseed_28641701,45,food101,105_q_all_r1_h0_lr3em4_wd0p0,105,Quadratic depthwise adapter,quad_dw,all,1,no,0.0003,0.0,5,0.5546455579661693,0.8472211221122112,0.6971393302856106,0.8083564356435644,/Users/haseebshafi/Documents/GitHub/Quadratic-Neurons-vs.-ReLU-How-Much-Nonlinearity-Is-Enough/Haseeb_trials/4_test/data_4seed/food101_l40s_8q8l2f_multiseed_28641701/seed_45/105_q_all_r1_h0_lr3em4_wd0p0/food101/quad_dw/all_rank_1/metrics.json
food101_l40s_8q8l2f_multiseed_28641701,45,food101,105_q_all_r1_h0_lr3em4_wd0p0,105,Quadratic depthwise adapter,quad_dw,all,1,no,0.0003,0.0,6,0.5314185570537454,0.8537293729372938,0.700113418475236,0.8075247524752476,/Users/haseebshafi/Documents/GitHub/Quadratic-Neurons-vs.-ReLU-How-Much-Nonlinearity-Is-Enough/Haseeb_trials/4_test/data_4seed/food101_l40s_8q8l2f_multiseed_28641701/seed_45/105_q_all_r1_h0_lr3em4_wd0p0/food101/quad_dw/all_rank_1/metrics.json
food101_l40s_8q8l2f_multiseed_28641701,45,food101,105_q_all_r1_h0_lr3em4_wd0p0,105,Quadratic depthwise adapter,quad_dw,all,1,no,0.0003,0.0,7,0.508922097744328,0.8608580858085808,0.6992769627618317,0.8085544554455446,/Users/haseebshafi/Documents/GitHub/Quadratic-Neurons-vs.-ReLU-How-Much-Nonlinearity-Is-Enough/Haseeb_trials/4_test/data_4seed/food101_l40s_8q8l2f_multiseed_28641701/seed_45/105_q_all_r1_h0_lr3em4_wd0p0/food101/quad_dw/all_rank_1/metrics.json
food101_l40s_8q8l2f_multiseed_28641701,45,food101,105_q_all_r1_h0_lr3em4_wd0p0,105,Quadratic depthwise adapter,quad_dw,all,1,no,0.0003,0.0,8,0.49144987202477536,0.8646864686468647,0.7016438517476072,0.8091089108910892,/Users/haseebshafi/Documents/GitHub/Quadratic-Neurons-vs.-ReLU-How-Much-Nonlinearity-Is-Enough/Haseeb_trials/4_test/data_4seed/food101_l40s_8q8l2f_multiseed_28641701/seed_45/105_q_all_r1_h0_lr3em4_wd0p0/food101/quad_dw/all_rank_1/metrics.json
food101_l40s_8q8l2f_multiseed_28641701,45,food101,105_q_all_r1_h0_lr3em4_wd0p0,105,Quadratic depthwise adapter,quad_dw,all,1,no,0.0003,0.0,9,0.47213768141655243,0.8714191419141915,0.7033417962612492,0.8086336633663367,/Users/haseebshafi/Documents/GitHub/Quadratic-Neurons-vs.-ReLU-How-Much-Nonlinearity-Is-Enough/Haseeb_trials/4_test/data_4seed/food101_l40s_8q8l2f_multiseed_28641701/seed_45/105_q_all_r1_h0_lr3em4_wd0p0/food101/quad_dw/all_rank_1/metrics.json
food101_l40s_8q8l2f_multiseed_28641701,45,food101,105_q_all_r1_h0_lr3em4_wd0p0,105,Quadratic depthwise adapter,quad_dw,all,1,no,0.0003,0.0,10,0.4527971601155725,0.8774125412541254,0.709512280971697,0.8076831683168317,/Users/haseebshafi/Documents/GitHub/Quadratic-Neurons-vs.-ReLU-How-Much-Nonlinearity-Is-Enough/Haseeb_trials/4_test/data_4seed/food101_l40s_8q8l2f_multiseed_28641701/seed_45/105_q_all_r1_h0_lr3em4_wd0p0/food101/quad_dw/all_rank_1/metrics.json
food101_l40s_8q8l2f_multiseed_28641701,45,food101,105_q_all_r1_h0_lr3em4_wd0p0,105,Quadratic depthwise adapter,quad_dw,all,1,no,0.0003,0.0,11,0.43548805835380805,0.8822574257425743,0.7127523121408896,0.8053069306930694,/Users/haseebshafi/Documents/GitHub/Quadratic-Neurons-vs.-ReLU-How-Much-Nonlinearity-Is-Enough/Haseeb_trials/4_test/data_4seed/food101_l40s_8q8l2f_multiseed_28641701/seed_45/105_q_all_r1_h0_lr3em4_wd0p0/food101/quad_dw/all_rank_1/metrics.json
food101_l40s_8q8l2f_multiseed_28641701,45,food101,105_q_all_r1_h0_lr3em4_wd0p0,105,Quadratic depthwise adapter,quad_dw,all,1,no,0.0003,0.0,12,0.41754768516521645,0.8878415841584159,0.7128914005355079,0.8066138613861387,/Users/haseebshafi/Documents/GitHub/Quadratic-Neurons-vs.-ReLU-How-Much-Nonlinearity-Is-Enough/Haseeb_trials/4_test/data_4seed/food101_l40s_8q8l2f_multiseed_28641701/seed_45/105_q_all_r1_h0_lr3em4_wd0p0/food101/quad_dw/all_rank_1/metrics.json
food101_l40s_8q8l2f_multiseed_28641701,45,food101,106_q_all_r2_h0_lr3em4_wd0p0,106,Quadratic depthwise adapter,quad_dw,all,2,no,0.0003,0.0,1,0.6562786621953001,0.8198415841584158,0.7158601987243879,0.8011881188118812,/Users/haseebshafi/Documents/GitHub/Quadratic-Neurons-vs.-ReLU-How-Much-Nonlinearity-Is-Enough/Haseeb_trials/4_test/data_4seed/food101_l40s_8q8l2f_multiseed_28641701/seed_45/106_q_all_r2_h0_lr3em4_wd0p0/food101/quad_dw/all_rank_2/metrics.json
food101_l40s_8q8l2f_multiseed_28641701,45,food101,106_q_all_r2_h0_lr3em4_wd0p0,106,Quadratic depthwise adapter,quad_dw,all,2,no,0.0003,0.0,2,0.622974947397465,0.8297821782178217,0.706373029435035,0.8034851485148515,/Users/haseebshafi/Documents/GitHub/Quadratic-Neurons-vs.-ReLU-How-Much-Nonlinearity-Is-Enough/Haseeb_trials/4_test/data_4seed/food101_l40s_8q8l2f_multiseed_28641701/seed_45/106_q_all_r2_h0_lr3em4_wd0p0/food101/quad_dw/all_rank_2/metrics.json
food101_l40s_8q8l2f_multiseed_28641701,45,food101,106_q_all_r2_h0_lr3em4_wd0p0,106,Quadratic depthwise adapter,quad_dw,all,2,no,0.0003,0.0,3,0.6017123454388219,0.8338613861386138,0.6992245444283627,0.8062178217821783,/Users/haseebshafi/Documents/GitHub/Quadratic-Neurons-vs.-ReLU-How-Much-Nonlinearity-Is-Enough/Haseeb_trials/4_test/data_4seed/food101_l40s_8q8l2f_multiseed_28641701/seed_45/106_q_all_r2_h0_lr3em4_wd0p0/food101/quad_dw/all_rank_2/metrics.json
food101_l40s_8q8l2f_multiseed_28641701,45,food101,106_q_all_r2_h0_lr3em4_wd0p0,106,Quadratic depthwise adapter,quad_dw,all,2,no,0.0003,0.0,4,0.5754566152843311,0.8413333333333334,0.6980918320830506,0.8074455445544555,/Users/haseebshafi/Documents/GitHub/Quadratic-Neurons-vs.-ReLU-How-Much-Nonlinearity-Is-Enough/Haseeb_trials/4_test/data_4seed/food101_l40s_8q8l2f_multiseed_28641701/seed_45/106_q_all_r2_h0_lr3em4_wd0p0/food101/quad_dw/all_rank_2/metrics.json
food101_l40s_8q8l2f_multiseed_28641701,45,food101,106_q_all_r2_h0_lr3em4_wd0p0,106,Quadratic depthwise adapter,quad_dw,all,2,no,0.0003,0.0,5,0.5538999402286983,0.847947194719472,0.6979860386683209,0.806970297029703,/Users/haseebshafi/Documents/GitHub/Quadratic-Neurons-vs.-ReLU-How-Much-Nonlinearity-Is-Enough/Haseeb_trials/4_test/data_4seed/food101_l40s_8q8l2f_multiseed_28641701/seed_45/106_q_all_r2_h0_lr3em4_wd0p0/food101/quad_dw/all_rank_2/metrics.json
food101_l40s_8q8l2f_multiseed_28641701,45,food101,106_q_all_r2_h0_lr3em4_wd0p0,106,Quadratic depthwise adapter,quad_dw,all,2,no,0.0003,0.0,6,0.5273151207064638,0.8557359735973598,0.6981993897220876,0.8092673267326733,/Users/haseebshafi/Documents/GitHub/Quadratic-Neurons-vs.-ReLU-How-Much-Nonlinearity-Is-Enough/Haseeb_trials/4_test/data_4seed/food101_l40s_8q8l2f_multiseed_28641701/seed_45/106_q_all_r2_h0_lr3em4_wd0p0/food101/quad_dw/all_rank_2/metrics.json
food101_l40s_8q8l2f_multiseed_28641701,45,food101,106_q_all_r2_h0_lr3em4_wd0p0,106,Quadratic depthwise adapter,quad_dw,all,2,no,0.0003,0.0,7,0.5063986865490576,0.8621518151815182,0.6983577138032063,0.8085544554455446,/Users/haseebshafi/Documents/GitHub/Quadratic-Neurons-vs.-ReLU-How-Much-Nonlinearity-Is-Enough/Haseeb_trials/4_test/data_4seed/food101_l40s_8q8l2f_multiseed_28641701/seed_45/106_q_all_r2_h0_lr3em4_wd0p0/food101/quad_dw/all_rank_2/metrics.json
food101_l40s_8q8l2f_multiseed_28641701,45,food101,106_q_all_r2_h0_lr3em4_wd0p0,106,Quadratic depthwise adapter,quad_dw,all,2,no,0.0003,0.0,8,0.48181138314350996,0.8700330033003301,0.6995005421898153,0.8086336633663367,/Users/haseebshafi/Documents/GitHub/Quadratic-Neurons-vs.-ReLU-How-Much-Nonlinearity-Is-Enough/Haseeb_trials/4_test/data_4seed/food101_l40s_8q8l2f_multiseed_28641701/seed_45/106_q_all_r2_h0_lr3em4_wd0p0/food101/quad_dw/all_rank_2/metrics.json
food101_l40s_8q8l2f_multiseed_28641701,45,food101,106_q_all_r2_h0_lr3em4_wd0p0,106,Quadratic depthwise adapter,quad_dw,all,2,no,0.0003,0.0,9,0.46358073436151637,0.8745214521452145,0.706957110322348,0.8074059405940595,/Users/haseebshafi/Documents/GitHub/Quadratic-Neurons-vs.-ReLU-How-Much-Nonlinearity-Is-Enough/Haseeb_trials/4_test/data_4seed/food101_l40s_8q8l2f_multiseed_28641701/seed_45/106_q_all_r2_h0_lr3em4_wd0p0/food101/quad_dw/all_rank_2/metrics.json
food101_l40s_8q8l2f_multiseed_28641701,45,food101,106_q_all_r2_h0_lr3em4_wd0p0,106,Quadratic depthwise adapter,quad_dw,all,2,no,0.0003,0.0,10,0.4426462339631008,0.8800792079207921,0.7057757691440015,0.8075247524752476,/Users/haseebshafi/Documents/GitHub/Quadratic-Neurons-vs.-ReLU-How-Much-Nonlinearity-Is-Enough/Haseeb_trials/4_test/data_4seed/food101_l40s_8q8l2f_multiseed_28641701/seed_45/106_q_all_r2_h0_lr3em4_wd0p0/food101/quad_dw/all_rank_2/metrics.json
food101_l40s_8q8l2f_multiseed_28641701,45,food101,106_q_all_r2_h0_lr3em4_wd0p0,106,Quadratic depthwise adapter,quad_dw,all,2,no,0.0003,0.0,11,0.4209445467490961,0.8877227722772277,0.710508802961595,0.807920792079208,/Users/haseebshafi/Documents/GitHub/Quadratic-Neurons-vs.-ReLU-How-Much-Nonlinearity-Is-Enough/Haseeb_trials/4_test/data_4seed/food101_l40s_8q8l2f_multiseed_28641701/seed_45/106_q_all_r2_h0_lr3em4_wd0p0/food101/quad_dw/all_rank_2/metrics.json
food101_l40s_8q8l2f_multiseed_28641701,45,food101,106_q_all_r2_h0_lr3em4_wd0p0,106,Quadratic depthwise adapter,quad_dw,all,2,no,0.0003,0.0,12,0.4032571098277278,0.8926996699669967,0.7112763365212054,0.8067722772277228,/Users/haseebshafi/Documents/GitHub/Quadratic-Neurons-vs.-ReLU-How-Much-Nonlinearity-Is-Enough/Haseeb_trials/4_test/data_4seed/food101_l40s_8q8l2f_multiseed_28641701/seed_45/106_q_all_r2_h0_lr3em4_wd0p0/food101/quad_dw/all_rank_2/metrics.json
food101_l40s_8q8l2f_multiseed_28641701,45,food101,107_q_ls_r2_h1_lr1em4_wd0p0,107,Quadratic depthwise adapter,quad_dw,last_stage,2,yes,0.0001,0.0,1,0.6877945645571542,0.815986798679868,0.7498603252113456,0.7914851485148515,/Users/haseebshafi/Documents/GitHub/Quadratic-Neurons-vs.-ReLU-How-Much-Nonlinearity-Is-Enough/Haseeb_trials/4_test/data_4seed/food101_l40s_8q8l2f_multiseed_28641701/seed_45/107_q_ls_r2_h1_lr1em4_wd0p0/food101/quad_dw/last_stage_rank_2/metrics.json
food101_l40s_8q8l2f_multiseed_28641701,45,food101,107_q_ls_r2_h1_lr1em4_wd0p0,107,Quadratic depthwise adapter,quad_dw,last_stage,2,yes,0.0001,0.0,2,0.668515034817233,0.8188646864686469,0.748115357993853,0.7913663366336634,/Users/haseebshafi/Documents/GitHub/Quadratic-Neurons-vs.-ReLU-How-Much-Nonlinearity-Is-Enough/Haseeb_trials/4_test/data_4seed/food101_l40s_8q8l2f_multiseed_28641701/seed_45/107_q_ls_r2_h1_lr1em4_wd0p0/food101/quad_dw/last_stage_rank_2/metrics.json
food101_l40s_8q8l2f_multiseed_28641701,45,food101,107_q_ls_r2_h1_lr1em4_wd0p0,107,Quadratic depthwise adapter,quad_dw,last_stage,2,yes,0.0001,0.0,3,0.6615234557834789,0.8203960396039603,0.7487347539958388,0.7914059405940594,/Users/haseebshafi/Documents/GitHub/Quadratic-Neurons-vs.-ReLU-How-Much-Nonlinearity-Is-Enough/Haseeb_trials/4_test/data_4seed/food101_l40s_8q8l2f_multiseed_28641701/seed_45/107_q_ls_r2_h1_lr1em4_wd0p0/food101/quad_dw/last_stage_rank_2/metrics.json
food101_l40s_8q8l2f_multiseed_28641701,45,food101,107_q_ls_r2_h1_lr1em4_wd0p0,107,Quadratic depthwise adapter,quad_dw,last_stage,2,yes,0.0001,0.0,4,0.6544766218544233,0.8218217821782178,0.7477630892767765,0.791920792079208,/Users/haseebshafi/Documents/GitHub/Quadratic-Neurons-vs.-ReLU-How-Much-Nonlinearity-Is-Enough/Haseeb_trials/4_test/data_4seed/food101_l40s_8q8l2f_multiseed_28641701/seed_45/107_q_ls_r2_h1_lr1em4_wd0p0/food101/quad_dw/last_stage_rank_2/metrics.json
food101_l40s_8q8l2f_multiseed_28641701,45,food101,107_q_ls_r2_h1_lr1em4_wd0p0,107,Quadratic depthwise adapter,quad_dw,last_stage,2,yes,0.0001,0.0,5,0.647013980986655,0.8243036303630363,0.7480432513397519,0.7925544554455446,/Users/haseebshafi/Documents/GitHub/Quadratic-Neurons-vs.-ReLU-How-Much-Nonlinearity-Is-Enough/Haseeb_trials/4_test/data_4seed/food101_l40s_8q8l2f_multiseed_28641701/seed_45/107_q_ls_r2_h1_lr1em4_wd0p0/food101/quad_dw/last_stage_rank_2/metrics.json
food101_l40s_8q8l2f_multiseed_28641701,45,food101,107_q_ls_r2_h1_lr1em4_wd0p0,107,Quadratic depthwise adapter,quad_dw,last_stage,2,yes,0.0001,0.0,6,0.6432280014466137,0.8248580858085809,0.7479644858412223,0.7917623762376238,/Users/haseebshafi/Documents/GitHub/Quadratic-Neurons-vs.-ReLU-How-Much-Nonlinearity-Is-Enough/Haseeb_trials/4_test/data_4seed/food101_l40s_8q8l2f_multiseed_28641701/seed_45/107_q_ls_r2_h1_lr1em4_wd0p0/food101/quad_dw/last_stage_rank_2/metrics.json
food101_l40s_8q8l2f_multiseed_28641701,45,food101,107_q_ls_r2_h1_lr1em4_wd0p0,107,Quadratic depthwise adapter,quad_dw,last_stage,2,yes,0.0001,0.0,7,0.6390705636468265,0.826059405940594,0.7472801679290167,0.7926732673267327,/Users/haseebshafi/Documents/GitHub/Quadratic-Neurons-vs.-ReLU-How-Much-Nonlinearity-Is-Enough/Haseeb_trials/4_test/data_4seed/food101_l40s_8q8l2f_multiseed_28641701/seed_45/107_q_ls_r2_h1_lr1em4_wd0p0/food101/quad_dw/last_stage_rank_2/metrics.json
food101_l40s_8q8l2f_multiseed_28641701,45,food101,107_q_ls_r2_h1_lr1em4_wd0p0,107,Quadratic depthwise adapter,quad_dw,last_stage,2,yes,0.0001,0.0,8,0.634568865174901,0.8260726072607261,0.7487917496969204,0.7925544554455446,/Users/haseebshafi/Documents/GitHub/Quadratic-Neurons-vs.-ReLU-How-Much-Nonlinearity-Is-Enough/Haseeb_trials/4_test/data_4seed/food101_l40s_8q8l2f_multiseed_28641701/seed_45/107_q_ls_r2_h1_lr1em4_wd0p0/food101/quad_dw/last_stage_rank_2/metrics.json
food101_l40s_8q8l2f_multiseed_28641701,45,food101,107_q_ls_r2_h1_lr1em4_wd0p0,107,Quadratic depthwise adapter,quad_dw,last_stage,2,yes,0.0001,0.0,9,0.6268182595869889,0.8290957095709571,0.7500612354089718,0.7918019801980198,/Users/haseebshafi/Documents/GitHub/Quadratic-Neurons-vs.-ReLU-How-Much-Nonlinearity-Is-Enough/Haseeb_trials/4_test/data_4seed/food101_l40s_8q8l2f_multiseed_28641701/seed_45/107_q_ls_r2_h1_lr1em4_wd0p0/food101/quad_dw/last_stage_rank_2/metrics.json
food101_l40s_8q8l2f_multiseed_28641701,45,food101,107_q_ls_r2_h1_lr1em4_wd0p0,107,Quadratic depthwise adapter,quad_dw,last_stage,2,yes,0.0001,0.0,10,0.6282243171556554,0.8286204620462047,0.7501367076411105,0.7912871287128713,/Users/haseebshafi/Documents/GitHub/Quadratic-Neurons-vs.-ReLU-How-Much-Nonlinearity-Is-Enough/Haseeb_trials/4_test/data_4seed/food101_l40s_8q8l2f_multiseed_28641701/seed_45/107_q_ls_r2_h1_lr1em4_wd0p0/food101/quad_dw/last_stage_rank_2/metrics.json
food101_l40s_8q8l2f_multiseed_28641701,45,food101,107_q_ls_r2_h1_lr1em4_wd0p0,107,Quadratic depthwise adapter,quad_dw,last_stage,2,yes,0.0001,0.0,11,0.6219829947389786,0.8298613861386138,0.7496891056665099,0.7920396039603961,/Users/haseebshafi/Documents/GitHub/Quadratic-Neurons-vs.-ReLU-How-Much-Nonlinearity-Is-Enough/Haseeb_trials/4_test/data_4seed/food101_l40s_8q8l2f_multiseed_28641701/seed_45/107_q_ls_r2_h1_lr1em4_wd0p0/food101/quad_dw/last_stage_rank_2/metrics.json
food101_l40s_8q8l2f_multiseed_28641701,45,food101,107_q_ls_r2_h1_lr1em4_wd0p0,107,Quadratic depthwise adapter,quad_dw,last_stage,2,yes,0.0001,0.0,12,0.6175424354642924,0.8307590759075908,0.7518133102738032,0.7920396039603961,/Users/haseebshafi/Documents/GitHub/Quadratic-Neurons-vs.-ReLU-How-Much-Nonlinearity-Is-Enough/Haseeb_trials/4_test/data_4seed/food101_l40s_8q8l2f_multiseed_28641701/seed_45/107_q_ls_r2_h1_lr1em4_wd0p0/food101/quad_dw/last_stage_rank_2/metrics.json
food101_l40s_8q8l2f_multiseed_28641701,45,food101,108_q_all_r2_h1_lr1em4_wd0p0,108,Quadratic depthwise adapter,quad_dw,all,2,yes,0.0001,0.0,1,0.6641416803098747,0.8196303630363037,0.7146823079231942,0.8004752475247525,/Users/haseebshafi/Documents/GitHub/Quadratic-Neurons-vs.-ReLU-How-Much-Nonlinearity-Is-Enough/Haseeb_trials/4_test/data_4seed/food101_l40s_8q8l2f_multiseed_28641701/seed_45/108_q_all_r2_h1_lr1em4_wd0p0/food101/quad_dw/all_rank_2/metrics.json
food101_l40s_8q8l2f_multiseed_28641701,45,food101,108_q_all_r2_h1_lr1em4_wd0p0,108,Quadratic depthwise adapter,quad_dw,all,2,yes,0.0001,0.0,2,0.6340436240375632,0.827986798679868,0.7083690960147593,0.8025742574257426,/Users/haseebshafi/Documents/GitHub/Quadratic-Neurons-vs.-ReLU-How-Much-Nonlinearity-Is-Enough/Haseeb_trials/4_test/data_4seed/food101_l40s_8q8l2f_multiseed_28641701/seed_45/108_q_all_r2_h1_lr1em4_wd0p0/food101/quad_dw/all_rank_2/metrics.json
food101_l40s_8q8l2f_multiseed_28641701,45,food101,108_q_all_r2_h1_lr1em4_wd0p0,108,Quadratic depthwise adapter,quad_dw,all,2,yes,0.0001,0.0,3,0.6217414934619425,0.8305214521452146,0.7036798149335503,0.8037623762376238,/Users/haseebshafi/Documents/GitHub/Quadratic-Neurons-vs.-ReLU-How-Much-Nonlinearity-Is-Enough/Haseeb_trials/4_test/data_4seed/food101_l40s_8q8l2f_multiseed_28641701/seed_45/108_q_all_r2_h1_lr1em4_wd0p0/food101/quad_dw/all_rank_2/metrics.json
food101_l40s_8q8l2f_multiseed_28641701,45,food101,108_q_all_r2_h1_lr1em4_wd0p0,108,Quadratic depthwise adapter,quad_dw,all,2,yes,0.0001,0.0,4,0.6067215826314668,0.8337689768976898,0.7004639220402973,0.8041584158415842,/Users/haseebshafi/Documents/GitHub/Quadratic-Neurons-vs.-ReLU-How-Much-Nonlinearity-Is-Enough/Haseeb_trials/4_test/data_4seed/food101_l40s_8q8l2f_multiseed_28641701/seed_45/108_q_all_r2_h1_lr1em4_wd0p0/food101/quad_dw/all_rank_2/metrics.json
food101_l40s_8q8l2f_multiseed_28641701,45,food101,108_q_all_r2_h1_lr1em4_wd0p0,108,Quadratic depthwise adapter,quad_dw,all,2,yes,0.0001,0.0,5,0.5978643199382442,0.8358811881188118,0.6982217552968771,0.8064158415841585,/Users/haseebshafi/Documents/GitHub/Quadratic-Neurons-vs.-ReLU-How-Much-Nonlinearity-Is-Enough/Haseeb_trials/4_test/data_4seed/food101_l40s_8q8l2f_multiseed_28641701/seed_45/108_q_all_r2_h1_lr1em4_wd0p0/food101/quad_dw/all_rank_2/metrics.json
food101_l40s_8q8l2f_multiseed_28641701,45,food101,108_q_all_r2_h1_lr1em4_wd0p0,108,Quadratic depthwise adapter,quad_dw,all,2,yes,0.0001,0.0,6,0.5828793892734515,0.8405940594059406,0.6952116531051031,0.8068118811881189,/Users/haseebshafi/Documents/GitHub/Quadratic-Neurons-vs.-ReLU-How-Much-Nonlinearity-Is-Enough/Haseeb_trials/4_test/data_4seed/food101_l40s_8q8l2f_multiseed_28641701/seed_45/108_q_all_r2_h1_lr1em4_wd0p0/food101/quad_dw/all_rank_2/metrics.json
food101_l40s_8q8l2f_multiseed_28641701,45,food101,108_q_all_r2_h1_lr1em4_wd0p0,108,Quadratic depthwise adapter,quad_dw,all,2,yes,0.0001,0.0,7,0.5738851645661659,0.842957095709571,0.6913554998931318,0.8081188118811882,/Users/haseebshafi/Documents/GitHub/Quadratic-Neurons-vs.-ReLU-How-Much-Nonlinearity-Is-Enough/Haseeb_trials/4_test/data_4seed/food101_l40s_8q8l2f_multiseed_28641701/seed_45/108_q_all_r2_h1_lr1em4_wd0p0/food101/quad_dw/all_rank_2/metrics.json
food101_l40s_8q8l2f_multiseed_28641701,45,food101,108_q_all_r2_h1_lr1em4_wd0p0,108,Quadratic depthwise adapter,quad_dw,all,2,yes,0.0001,0.0,8,0.5617565832216748,0.8471683168316831,0.6904491679503186,0.8083564356435644,/Users/haseebshafi/Documents/GitHub/Quadratic-Neurons-vs.-ReLU-How-Much-Nonlinearity-Is-Enough/Haseeb_trials/4_test/data_4seed/food101_l40s_8q8l2f_multiseed_28641701/seed_45/108_q_all_r2_h1_lr1em4_wd0p0/food101/quad_dw/all_rank_2/metrics.json
food101_l40s_8q8l2f_multiseed_28641701,45,food101,108_q_all_r2_h1_lr1em4_wd0p0,108,Quadratic depthwise adapter,quad_dw,all,2,yes,0.0001,0.0,9,0.5524492654076504,0.8489504950495049,0.6904938598859428,0.8087128712871288,/Users/haseebshafi/Documents/GitHub/Quadratic-Neurons-vs.-ReLU-How-Much-Nonlinearity-Is-Enough/Haseeb_trials/4_test/data_4seed/food101_l40s_8q8l2f_multiseed_28641701/seed_45/108_q_all_r2_h1_lr1em4_wd0p0/food101/quad_dw/all_rank_2/metrics.json
food101_l40s_8q8l2f_multiseed_28641701,45,food101,108_q_all_r2_h1_lr1em4_wd0p0,108,Quadratic depthwise adapter,quad_dw,all,2,yes,0.0001,0.0,10,0.5429668129072724,0.8518547854785479,0.6878633772642305,0.8104950495049505,/Users/haseebshafi/Documents/GitHub/Quadratic-Neurons-vs.-ReLU-How-Much-Nonlinearity-Is-Enough/Haseeb_trials/4_test/data_4seed/food101_l40s_8q8l2f_multiseed_28641701/seed_45/108_q_all_r2_h1_lr1em4_wd0p0/food101/quad_dw/all_rank_2/metrics.json
food101_l40s_8q8l2f_multiseed_28641701,45,food101,108_q_all_r2_h1_lr1em4_wd0p0,108,Quadratic depthwise adapter,quad_dw,all,2,yes,0.0001,0.0,11,0.5302609189917938,0.8545742574257426,0.6888283189476127,0.8100990099009902,/Users/haseebshafi/Documents/GitHub/Quadratic-Neurons-vs.-ReLU-How-Much-Nonlinearity-Is-Enough/Haseeb_trials/4_test/data_4seed/food101_l40s_8q8l2f_multiseed_28641701/seed_45/108_q_all_r2_h1_lr1em4_wd0p0/food101/quad_dw/all_rank_2/metrics.json
food101_l40s_8q8l2f_multiseed_28641701,45,food101,108_q_all_r2_h1_lr1em4_wd0p0,108,Quadratic depthwise adapter,quad_dw,all,2,yes,0.0001,0.0,12,0.5200885700093638,0.8574521452145214,0.6879847930587164,0.8102178217821783,/Users/haseebshafi/Documents/GitHub/Quadratic-Neurons-vs.-ReLU-How-Much-Nonlinearity-Is-Enough/Haseeb_trials/4_test/data_4seed/food101_l40s_8q8l2f_multiseed_28641701/seed_45/108_q_all_r2_h1_lr1em4_wd0p0/food101/quad_dw/all_rank_2/metrics.json
food101_l40s_8q8l2f_multiseed_28641701,45,food101,201_l_ls_r1_h0_lr1em3_wd0p0,201,LoRA depthwise adapter,lora_dw,last_stage,1,no,0.001,0.0,1,0.677274260572081,0.8157359735973597,0.7537345605345056,0.7914059405940594,/Users/haseebshafi/Documents/GitHub/Quadratic-Neurons-vs.-ReLU-How-Much-Nonlinearity-Is-Enough/Haseeb_trials/4_test/data_4seed/food101_l40s_8q8l2f_multiseed_28641701/seed_45/201_l_ls_r1_h0_lr1em3_wd0p0/food101/lora_dw/last_stage_rank_1/metrics.json
food101_l40s_8q8l2f_multiseed_28641701,45,food101,201_l_ls_r1_h0_lr1em3_wd0p0,201,LoRA depthwise adapter,lora_dw,last_stage,1,no,0.001,0.0,2,0.6534366148611893,0.8213597359735973,0.7463551378698632,0.7935445544554456,/Users/haseebshafi/Documents/GitHub/Quadratic-Neurons-vs.-ReLU-How-Much-Nonlinearity-Is-Enough/Haseeb_trials/4_test/data_4seed/food101_l40s_8q8l2f_multiseed_28641701/seed_45/201_l_ls_r1_h0_lr1em3_wd0p0/food101/lora_dw/last_stage_rank_1/metrics.json
food101_l40s_8q8l2f_multiseed_28641701,45,food101,201_l_ls_r1_h0_lr1em3_wd0p0,201,LoRA depthwise adapter,lora_dw,last_stage,1,no,0.001,0.0,3,0.6332360022909964,0.8254785478547855,0.7428884339521427,0.7948910891089109,/Users/haseebshafi/Documents/GitHub/Quadratic-Neurons-vs.-ReLU-How-Much-Nonlinearity-Is-Enough/Haseeb_trials/4_test/data_4seed/food101_l40s_8q8l2f_multiseed_28641701/seed_45/201_l_ls_r1_h0_lr1em3_wd0p0/food101/lora_dw/last_stage_rank_1/metrics.json
food101_l40s_8q8l2f_multiseed_28641701,45,food101,201_l_ls_r1_h0_lr1em3_wd0p0,201,LoRA depthwise adapter,lora_dw,last_stage,1,no,0.001,0.0,4,0.6176642831512804,0.83003300330033,0.7454976569095461,0.7950495049504951,/Users/haseebshafi/Documents/GitHub/Quadratic-Neurons-vs.-ReLU-How-Much-Nonlinearity-Is-Enough/Haseeb_trials/4_test/data_4seed/food101_l40s_8q8l2f_multiseed_28641701/seed_45/201_l_ls_r1_h0_lr1em3_wd0p0/food101/lora_dw/last_stage_rank_1/metrics.json
food101_l40s_8q8l2f_multiseed_28641701,45,food101,201_l_ls_r1_h0_lr1em3_wd0p0,201,LoRA depthwise adapter,lora_dw,last_stage,1,no,0.001,0.0,5,0.5996547692207613,0.8346930693069307,0.7462839322751111,0.7954455445544555,/Users/haseebshafi/Documents/GitHub/Quadratic-Neurons-vs.-ReLU-How-Much-Nonlinearity-Is-Enough/Haseeb_trials/4_test/data_4seed/food101_l40s_8q8l2f_multiseed_28641701/seed_45/201_l_ls_r1_h0_lr1em3_wd0p0/food101/lora_dw/last_stage_rank_1/metrics.json
food101_l40s_8q8l2f_multiseed_28641701,45,food101,201_l_ls_r1_h0_lr1em3_wd0p0,201,LoRA depthwise adapter,lora_dw,last_stage,1,no,0.001,0.0,6,0.5850814792409589,0.8391815181518152,0.7478882554781319,0.795009900990099,/Users/haseebshafi/Documents/GitHub/Quadratic-Neurons-vs.-ReLU-How-Much-Nonlinearity-Is-Enough/Haseeb_trials/4_test/data_4seed/food101_l40s_8q8l2f_multiseed_28641701/seed_45/201_l_ls_r1_h0_lr1em3_wd0p0/food101/lora_dw/last_stage_rank_1/metrics.json
food101_l40s_8q8l2f_multiseed_28641701,45,food101,201_l_ls_r1_h0_lr1em3_wd0p0,201,LoRA depthwise adapter,lora_dw,last_stage,1,no,0.001,0.0,7,0.570655568009556,0.8434587458745875,0.7512736356730508,0.7942970297029703,/Users/haseebshafi/Documents/GitHub/Quadratic-Neurons-vs.-ReLU-How-Much-Nonlinearity-Is-Enough/Haseeb_trials/4_test/data_4seed/food101_l40s_8q8l2f_multiseed_28641701/seed_45/201_l_ls_r1_h0_lr1em3_wd0p0/food101/lora_dw/last_stage_rank_1/metrics.json
food101_l40s_8q8l2f_multiseed_28641701,45,food101,201_l_ls_r1_h0_lr1em3_wd0p0,201,LoRA depthwise adapter,lora_dw,last_stage,1,no,0.001,0.0,8,0.558639786410253,0.8458613861386138,0.7557028903772335,0.7928712871287129,/Users/haseebshafi/Documents/GitHub/Quadratic-Neurons-vs.-ReLU-How-Much-Nonlinearity-Is-Enough/Haseeb_trials/4_test/data_4seed/food101_l40s_8q8l2f_multiseed_28641701/seed_45/201_l_ls_r1_h0_lr1em3_wd0p0/food101/lora_dw/last_stage_rank_1/metrics.json
food101_l40s_8q8l2f_multiseed_28641701,45,food101,201_l_ls_r1_h0_lr1em3_wd0p0,201,LoRA depthwise adapter,lora_dw,last_stage,1,no,0.001,0.0,9,0.5486567772890475,0.8507722772277228,0.7554157801240977,0.7932277227722773,/Users/haseebshafi/Documents/GitHub/Quadratic-Neurons-vs.-ReLU-How-Much-Nonlinearity-Is-Enough/Haseeb_trials/4_test/data_4seed/food101_l40s_8q8l2f_multiseed_28641701/seed_45/201_l_ls_r1_h0_lr1em3_wd0p0/food101/lora_dw/last_stage_rank_1/metrics.json
food101_l40s_8q8l2f_multiseed_28641701,45,food101,201_l_ls_r1_h0_lr1em3_wd0p0,201,LoRA depthwise adapter,lora_dw,last_stage,1,no,0.001,0.0,10,0.5371696005119349,0.8531089108910891,0.7611977465530433,0.7915247524752476,/Users/haseebshafi/Documents/GitHub/Quadratic-Neurons-vs.-ReLU-How-Much-Nonlinearity-Is-Enough/Haseeb_trials/4_test/data_4seed/food101_l40s_8q8l2f_multiseed_28641701/seed_45/201_l_ls_r1_h0_lr1em3_wd0p0/food101/lora_dw/last_stage_rank_1/metrics.json
food101_l40s_8q8l2f_multiseed_28641701,45,food101,201_l_ls_r1_h0_lr1em3_wd0p0,201,LoRA depthwise adapter,lora_dw,last_stage,1,no,0.001,0.0,11,0.528973242706198,0.8555511551155115,0.7627480663285398,0.7933861386138614,/Users/haseebshafi/Documents/GitHub/Quadratic-Neurons-vs.-ReLU-How-Much-Nonlinearity-Is-Enough/Haseeb_trials/4_test/data_4seed/food101_l40s_8q8l2f_multiseed_28641701/seed_45/201_l_ls_r1_h0_lr1em3_wd0p0/food101/lora_dw/last_stage_rank_1/metrics.json
food101_l40s_8q8l2f_multiseed_28641701,45,food101,201_l_ls_r1_h0_lr1em3_wd0p0,201,LoRA depthwise adapter,lora_dw,last_stage,1,no,0.001,0.0,12,0.5201136260591325,0.8572673267326733,0.7648209514287438,0.7931089108910891,/Users/haseebshafi/Documents/GitHub/Quadratic-Neurons-vs.-ReLU-How-Much-Nonlinearity-Is-Enough/Haseeb_trials/4_test/data_4seed/food101_l40s_8q8l2f_multiseed_28641701/seed_45/201_l_ls_r1_h0_lr1em3_wd0p0/food101/lora_dw/last_stage_rank_1/metrics.json
food101_l40s_8q8l2f_multiseed_28641701,45,food101,202_l_ls_r2_h0_lr1em3_wd0p0,202,LoRA depthwise adapter,lora_dw,last_stage,2,no,0.001,0.0,1,0.6730192837998419,0.8164620462046205,0.7531583360823074,0.7918415841584159,/Users/haseebshafi/Documents/GitHub/Quadratic-Neurons-vs.-ReLU-How-Much-Nonlinearity-Is-Enough/Haseeb_trials/4_test/data_4seed/food101_l40s_8q8l2f_multiseed_28641701/seed_45/202_l_ls_r2_h0_lr1em3_wd0p0/food101/lora_dw/last_stage_rank_2/metrics.json
food101_l40s_8q8l2f_multiseed_28641701,45,food101,202_l_ls_r2_h0_lr1em3_wd0p0,202,LoRA depthwise adapter,lora_dw,last_stage,2,no,0.001,0.0,2,0.6477691839205549,0.8215577557755775,0.7467157123136048,0.7938217821782179,/Users/haseebshafi/Documents/GitHub/Quadratic-Neurons-vs.-ReLU-How-Much-Nonlinearity-Is-Enough/Haseeb_trials/4_test/data_4seed/food101_l40s_8q8l2f_multiseed_28641701/seed_45/202_l_ls_r2_h0_lr1em3_wd0p0/food101/lora_dw/last_stage_rank_2/metrics.json
food101_l40s_8q8l2f_multiseed_28641701,45,food101,202_l_ls_r2_h0_lr1em3_wd0p0,202,LoRA depthwise adapter,lora_dw,last_stage,2,no,0.001,0.0,3,0.6250972067530792,0.8285808580858086,0.7394964688461606,0.7956831683168317,/Users/haseebshafi/Documents/GitHub/Quadratic-Neurons-vs.-ReLU-How-Much-Nonlinearity-Is-Enough/Haseeb_trials/4_test/data_4seed/food101_l40s_8q8l2f_multiseed_28641701/seed_45/202_l_ls_r2_h0_lr1em3_wd0p0/food101/lora_dw/last_stage_rank_2/metrics.json
food101_l40s_8q8l2f_multiseed_28641701,45,food101,202_l_ls_r2_h0_lr1em3_wd0p0,202,LoRA depthwise adapter,lora_dw,last_stage,2,no,0.001,0.0,4,0.6061991869577087,0.8334785478547855,0.743917272685778,0.7954851485148515,/Users/haseebshafi/Documents/GitHub/Quadratic-Neurons-vs.-ReLU-How-Much-Nonlinearity-Is-Enough/Haseeb_trials/4_test/data_4seed/food101_l40s_8q8l2f_multiseed_28641701/seed_45/202_l_ls_r2_h0_lr1em3_wd0p0/food101/lora_dw/last_stage_rank_2/metrics.json
food101_l40s_8q8l2f_multiseed_28641701,45,food101,202_l_ls_r2_h0_lr1em3_wd0p0,202,LoRA depthwise adapter,lora_dw,last_stage,2,no,0.001,0.0,5,0.5867609898548315,0.8391683168316831,0.7476968235096129,0.7945346534653466,/Users/haseebshafi/Documents/GitHub/Quadratic-Neurons-vs.-ReLU-How-Much-Nonlinearity-Is-Enough/Haseeb_trials/4_test/data_4seed/food101_l40s_8q8l2f_multiseed_28641701/seed_45/202_l_ls_r2_h0_lr1em3_wd0p0/food101/lora_dw/last_stage_rank_2/metrics.json
food101_l40s_8q8l2f_multiseed_28641701,45,food101,202_l_ls_r2_h0_lr1em3_wd0p0,202,LoRA depthwise adapter,lora_dw,last_stage,2,no,0.001,0.0,6,0.5691187345344241,0.8430627062706271,0.7456659740953162,0.7952079207920792,/Users/haseebshafi/Documents/GitHub/Quadratic-Neurons-vs.-ReLU-How-Much-Nonlinearity-Is-Enough/Haseeb_trials/4_test/data_4seed/food101_l40s_8q8l2f_multiseed_28641701/seed_45/202_l_ls_r2_h0_lr1em3_wd0p0/food101/lora_dw/last_stage_rank_2/metrics.json
food101_l40s_8q8l2f_multiseed_28641701,45,food101,202_l_ls_r2_h0_lr1em3_wd0p0,202,LoRA depthwise adapter,lora_dw,last_stage,2,no,0.001,0.0,7,0.5557909683221244,0.8476171617161716,0.7541487587584127,0.794970297029703,/Users/haseebshafi/Documents/GitHub/Quadratic-Neurons-vs.-ReLU-How-Much-Nonlinearity-Is-Enough/Haseeb_trials/4_test/data_4seed/food101_l40s_8q8l2f_multiseed_28641701/seed_45/202_l_ls_r2_h0_lr1em3_wd0p0/food101/lora_dw/last_stage_rank_2/metrics.json
food101_l40s_8q8l2f_multiseed_28641701,45,food101,202_l_ls_r2_h0_lr1em3_wd0p0,202,LoRA depthwise adapter,lora_dw,last_stage,2,no,0.001,0.0,8,0.5415846807775718,0.8506402640264027,0.7607130391597747,0.7928712871287129,/Users/haseebshafi/Documents/GitHub/Quadratic-Neurons-vs.-ReLU-How-Much-Nonlinearity-Is-Enough/Haseeb_trials/4_test/data_4seed/food101_l40s_8q8l2f_multiseed_28641701/seed_45/202_l_ls_r2_h0_lr1em3_wd0p0/food101/lora_dw/last_stage_rank_2/metrics.json
food101_l40s_8q8l2f_multiseed_28641701,45,food101,202_l_ls_r2_h0_lr1em3_wd0p0,202,LoRA depthwise adapter,lora_dw,last_stage,2,no,0.001,0.0,9,0.5299601177335179,0.855049504950495,0.7595153213019418,0.7920792079207921,/Users/haseebshafi/Documents/GitHub/Quadratic-Neurons-vs.-ReLU-How-Much-Nonlinearity-Is-Enough/Haseeb_trials/4_test/data_4seed/food101_l40s_8q8l2f_multiseed_28641701/seed_45/202_l_ls_r2_h0_lr1em3_wd0p0/food101/lora_dw/last_stage_rank_2/metrics.json
food101_l40s_8q8l2f_multiseed_28641701,45,food101,202_l_ls_r2_h0_lr1em3_wd0p0,202,LoRA depthwise adapter,lora_dw,last_stage,2,no,0.001,0.0,10,0.5221437622548724,0.8566600660066006,0.7642022603148281,0.7916831683168317,/Users/haseebshafi/Documents/GitHub/Quadratic-Neurons-vs.-ReLU-How-Much-Nonlinearity-Is-Enough/Haseeb_trials/4_test/data_4seed/food101_l40s_8q8l2f_multiseed_28641701/seed_45/202_l_ls_r2_h0_lr1em3_wd0p0/food101/lora_dw/last_stage_rank_2/metrics.json
food101_l40s_8q8l2f_multiseed_28641701,45,food101,202_l_ls_r2_h0_lr1em3_wd0p0,202,LoRA depthwise adapter,lora_dw,last_stage,2,no,0.001,0.0,11,0.5134260603870102,0.859049504950495,0.764733023844143,0.7928316831683169,/Users/haseebshafi/Documents/GitHub/Quadratic-Neurons-vs.-ReLU-How-Much-Nonlinearity-Is-Enough/Haseeb_trials/4_test/data_4seed/food101_l40s_8q8l2f_multiseed_28641701/seed_45/202_l_ls_r2_h0_lr1em3_wd0p0/food101/lora_dw/last_stage_rank_2/metrics.json
food101_l40s_8q8l2f_multiseed_28641701,45,food101,202_l_ls_r2_h0_lr1em3_wd0p0,202,LoRA depthwise adapter,lora_dw,last_stage,2,no,0.001,0.0,12,0.5033272898566998,0.8631683168316832,0.7660377898334276,0.7932277227722773,/Users/haseebshafi/Documents/GitHub/Quadratic-Neurons-vs.-ReLU-How-Much-Nonlinearity-Is-Enough/Haseeb_trials/4_test/data_4seed/food101_l40s_8q8l2f_multiseed_28641701/seed_45/202_l_ls_r2_h0_lr1em3_wd0p0/food101/lora_dw/last_stage_rank_2/metrics.json
food101_l40s_8q8l2f_multiseed_28641701,45,food101,203_l_ls_r4_h0_lr1em3_wd0p0,203,LoRA depthwise adapter,lora_dw,last_stage,4,no,0.001,0.0,1,0.6698085047514132,0.8165940594059405,0.7471296988170926,0.7930693069306931,/Users/haseebshafi/Documents/GitHub/Quadratic-Neurons-vs.-ReLU-How-Much-Nonlinearity-Is-Enough/Haseeb_trials/4_test/data_4seed/food101_l40s_8q8l2f_multiseed_28641701/seed_45/203_l_ls_r4_h0_lr1em3_wd0p0/food101/lora_dw/last_stage_rank_4/metrics.json
food101_l40s_8q8l2f_multiseed_28641701,45,food101,203_l_ls_r4_h0_lr1em3_wd0p0,203,LoRA depthwise adapter,lora_dw,last_stage,4,no,0.001,0.0,2,0.639199262132739,0.8246732673267326,0.7446075811551349,0.7942574257425743,/Users/haseebshafi/Documents/GitHub/Quadratic-Neurons-vs.-ReLU-How-Much-Nonlinearity-Is-Enough/Haseeb_trials/4_test/data_4seed/food101_l40s_8q8l2f_multiseed_28641701/seed_45/203_l_ls_r4_h0_lr1em3_wd0p0/food101/lora_dw/last_stage_rank_4/metrics.json
food101_l40s_8q8l2f_multiseed_28641701,45,food101,203_l_ls_r4_h0_lr1em3_wd0p0,203,LoRA depthwise adapter,lora_dw,last_stage,4,no,0.001,0.0,3,0.617519782483381,0.8291617161716172,0.741465951220824,0.7952871287128713,/Users/haseebshafi/Documents/GitHub/Quadratic-Neurons-vs.-ReLU-How-Much-Nonlinearity-Is-Enough/Haseeb_trials/4_test/data_4seed/food101_l40s_8q8l2f_multiseed_28641701/seed_45/203_l_ls_r4_h0_lr1em3_wd0p0/food101/lora_dw/last_stage_rank_4/metrics.json
food101_l40s_8q8l2f_multiseed_28641701,45,food101,203_l_ls_r4_h0_lr1em3_wd0p0,203,LoRA depthwise adapter,lora_dw,last_stage,4,no,0.001,0.0,4,0.5947007798676444,0.8355247524752475,0.7464942270599969,0.7956039603960396,/Users/haseebshafi/Documents/GitHub/Quadratic-Neurons-vs.-ReLU-How-Much-Nonlinearity-Is-Enough/Haseeb_trials/4_test/data_4seed/food101_l40s_8q8l2f_multiseed_28641701/seed_45/203_l_ls_r4_h0_lr1em3_wd0p0/food101/lora_dw/last_stage_rank_4/metrics.json
food101_l40s_8q8l2f_multiseed_28641701,45,food101,203_l_ls_r4_h0_lr1em3_wd0p0,203,LoRA depthwise adapter,lora_dw,last_stage,4,no,0.001,0.0,5,0.5758148666293708,0.842006600660066,0.7468085299151959,0.7952871287128713,/Users/haseebshafi/Documents/GitHub/Quadratic-Neurons-vs.-ReLU-How-Much-Nonlinearity-Is-Enough/Haseeb_trials/4_test/data_4seed/food101_l40s_8q8l2f_multiseed_28641701/seed_45/203_l_ls_r4_h0_lr1em3_wd0p0/food101/lora_dw/last_stage_rank_4/metrics.json
food101_l40s_8q8l2f_multiseed_28641701,45,food101,203_l_ls_r4_h0_lr1em3_wd0p0,203,LoRA depthwise adapter,lora_dw,last_stage,4,no,0.001,0.0,6,0.5564842195668236,0.8467194719471948,0.7545767202849435,0.7940198019801981,/Users/haseebshafi/Documents/GitHub/Quadratic-Neurons-vs.-ReLU-How-Much-Nonlinearity-Is-Enough/Haseeb_trials/4_test/data_4seed/food101_l40s_8q8l2f_multiseed_28641701/seed_45/203_l_ls_r4_h0_lr1em3_wd0p0/food101/lora_dw/last_stage_rank_4/metrics.json
food101_l40s_8q8l2f_multiseed_28641701,45,food101,203_l_ls_r4_h0_lr1em3_wd0p0,203,LoRA depthwise adapter,lora_dw,last_stage,4,no,0.001,0.0,7,0.5409127070463137,0.850917491749175,0.761351816543258,0.7918019801980198,/Users/haseebshafi/Documents/GitHub/Quadratic-Neurons-vs.-ReLU-How-Much-Nonlinearity-Is-Enough/Haseeb_trials/4_test/data_4seed/food101_l40s_8q8l2f_multiseed_28641701/seed_45/203_l_ls_r4_h0_lr1em3_wd0p0/food101/lora_dw/last_stage_rank_4/metrics.json
food101_l40s_8q8l2f_multiseed_28641701,45,food101,203_l_ls_r4_h0_lr1em3_wd0p0,203,LoRA depthwise adapter,lora_dw,last_stage,4,no,0.001,0.0,8,0.5312048119160995,0.8540990099009901,0.7598391328684174,0.7934653465346535,/Users/haseebshafi/Documents/GitHub/Quadratic-Neurons-vs.-ReLU-How-Much-Nonlinearity-Is-Enough/Haseeb_trials/4_test/data_4seed/food101_l40s_8q8l2f_multiseed_28641701/seed_45/203_l_ls_r4_h0_lr1em3_wd0p0/food101/lora_dw/last_stage_rank_4/metrics.json
food101_l40s_8q8l2f_multiseed_28641701,45,food101,203_l_ls_r4_h0_lr1em3_wd0p0,203,LoRA depthwise adapter,lora_dw,last_stage,4,no,0.001,0.0,9,0.5198321606113573,0.8582838283828382,0.7651788226944385,0.791920792079208,/Users/haseebshafi/Documents/GitHub/Quadratic-Neurons-vs.-ReLU-How-Much-Nonlinearity-Is-Enough/Haseeb_trials/4_test/data_4seed/food101_l40s_8q8l2f_multiseed_28641701/seed_45/203_l_ls_r4_h0_lr1em3_wd0p0/food101/lora_dw/last_stage_rank_4/metrics.json
food101_l40s_8q8l2f_multiseed_28641701,45,food101,203_l_ls_r4_h0_lr1em3_wd0p0,203,LoRA depthwise adapter,lora_dw,last_stage,4,no,0.001,0.0,10,0.5082353794212782,0.8609372937293729,0.7675422104797741,0.7924356435643565,/Users/haseebshafi/Documents/GitHub/Quadratic-Neurons-vs.-ReLU-How-Much-Nonlinearity-Is-Enough/Haseeb_trials/4_test/data_4seed/food101_l40s_8q8l2f_multiseed_28641701/seed_45/203_l_ls_r4_h0_lr1em3_wd0p0/food101/lora_dw/last_stage_rank_4/metrics.json
food101_l40s_8q8l2f_multiseed_28641701,45,food101,203_l_ls_r4_h0_lr1em3_wd0p0,203,LoRA depthwise adapter,lora_dw,last_stage,4,no,0.001,0.0,11,0.5013731279624964,0.8632475247524752,0.7719346349074109,0.7912871287128713,/Users/haseebshafi/Documents/GitHub/Quadratic-Neurons-vs.-ReLU-How-Much-Nonlinearity-Is-Enough/Haseeb_trials/4_test/data_4seed/food101_l40s_8q8l2f_multiseed_28641701/seed_45/203_l_ls_r4_h0_lr1em3_wd0p0/food101/lora_dw/last_stage_rank_4/metrics.json
food101_l40s_8q8l2f_multiseed_28641701,45,food101,203_l_ls_r4_h0_lr1em3_wd0p0,203,LoRA depthwise adapter,lora_dw,last_stage,4,no,0.001,0.0,12,0.48985104656376854,0.8662838283828382,0.7700277064767215,0.7906930693069307,/Users/haseebshafi/Documents/GitHub/Quadratic-Neurons-vs.-ReLU-How-Much-Nonlinearity-Is-Enough/Haseeb_trials/4_test/data_4seed/food101_l40s_8q8l2f_multiseed_28641701/seed_45/203_l_ls_r4_h0_lr1em3_wd0p0/food101/lora_dw/last_stage_rank_4/metrics.json
food101_l40s_8q8l2f_multiseed_28641701,45,food101,204_l_ls_r2_h0_lr3em4_wd0p01,204,LoRA depthwise adapter,lora_dw,last_stage,2,no,0.0003,0.01,1,0.683601717429586,0.8151683168316831,0.7600923892625487,0.7885544554455446,/Users/haseebshafi/Documents/GitHub/Quadratic-Neurons-vs.-ReLU-How-Much-Nonlinearity-Is-Enough/Haseeb_trials/4_test/data_4seed/food101_l40s_8q8l2f_multiseed_28641701/seed_45/204_l_ls_r2_h0_lr3em4_wd0p01/food101/lora_dw/last_stage_rank_2/metrics.json
food101_l40s_8q8l2f_multiseed_28641701,45,food101,204_l_ls_r2_h0_lr3em4_wd0p01,204,LoRA depthwise adapter,lora_dw,last_stage,2,no,0.0003,0.01,2,0.6672123956066547,0.8177557755775577,0.7552498452923085,0.7912475247524753,/Users/haseebshafi/Documents/GitHub/Quadratic-Neurons-vs.-ReLU-How-Much-Nonlinearity-Is-Enough/Haseeb_trials/4_test/data_4seed/food101_l40s_8q8l2f_multiseed_28641701/seed_45/204_l_ls_r2_h0_lr3em4_wd0p01/food101/lora_dw/last_stage_rank_2/metrics.json
food101_l40s_8q8l2f_multiseed_28641701,45,food101,204_l_ls_r2_h0_lr3em4_wd0p01,204,LoRA depthwise adapter,lora_dw,last_stage,2,no,0.0003,0.01,3,0.6548035509735838,0.821003300330033,0.7490184491058387,0.7928712871287129,/Users/haseebshafi/Documents/GitHub/Quadratic-Neurons-vs.-ReLU-How-Much-Nonlinearity-Is-Enough/Haseeb_trials/4_test/data_4seed/food101_l40s_8q8l2f_multiseed_28641701/seed_45/204_l_ls_r2_h0_lr3em4_wd0p01/food101/lora_dw/last_stage_rank_2/metrics.json
food101_l40s_8q8l2f_multiseed_28641701,45,food101,204_l_ls_r2_h0_lr3em4_wd0p01,204,LoRA depthwise adapter,lora_dw,last_stage,2,no,0.0003,0.01,4,0.6463862735178605,0.823089108910891,0.7479220827145151,0.7937425742574258,/Users/haseebshafi/Documents/GitHub/Quadratic-Neurons-vs.-ReLU-How-Much-Nonlinearity-Is-Enough/Haseeb_trials/4_test/data_4seed/food101_l40s_8q8l2f_multiseed_28641701/seed_45/204_l_ls_r2_h0_lr3em4_wd0p01/food101/lora_dw/last_stage_rank_2/metrics.json
food101_l40s_8q8l2f_multiseed_28641701,45,food101,204_l_ls_r2_h0_lr3em4_wd0p01,204,LoRA depthwise adapter,lora_dw,last_stage,2,no,0.0003,0.01,5,0.6360130331303814,0.8252673267326732,0.746649136767529,0.7940198019801981,/Users/haseebshafi/Documents/GitHub/Quadratic-Neurons-vs.-ReLU-How-Much-Nonlinearity-Is-Enough/Haseeb_trials/4_test/data_4seed/food101_l40s_8q8l2f_multiseed_28641701/seed_45/204_l_ls_r2_h0_lr3em4_wd0p01/food101/lora_dw/last_stage_rank_2/metrics.json
food101_l40s_8q8l2f_multiseed_28641701,45,food101,204_l_ls_r2_h0_lr3em4_wd0p01,204,LoRA depthwise adapter,lora_dw,last_stage,2,no,0.0003,0.01,6,0.6264310191157627,0.826996699669967,0.7446776783607973,0.7945346534653466,/Users/haseebshafi/Documents/GitHub/Quadratic-Neurons-vs.-ReLU-How-Much-Nonlinearity-Is-Enough/Haseeb_trials/4_test/data_4seed/food101_l40s_8q8l2f_multiseed_28641701/seed_45/204_l_ls_r2_h0_lr3em4_wd0p01/food101/lora_dw/last_stage_rank_2/metrics.json
food101_l40s_8q8l2f_multiseed_28641701,45,food101,204_l_ls_r2_h0_lr3em4_wd0p01,204,LoRA depthwise adapter,lora_dw,last_stage,2,no,0.0003,0.01,7,0.6191230457812646,0.8301914191419142,0.7449680584468464,0.7944554455445545,/Users/haseebshafi/Documents/GitHub/Quadratic-Neurons-vs.-ReLU-How-Much-Nonlinearity-Is-Enough/Haseeb_trials/4_test/data_4seed/food101_l40s_8q8l2f_multiseed_28641701/seed_45/204_l_ls_r2_h0_lr3em4_wd0p01/food101/lora_dw/last_stage_rank_2/metrics.json
food101_l40s_8q8l2f_multiseed_28641701,45,food101,204_l_ls_r2_h0_lr3em4_wd0p01,204,LoRA depthwise adapter,lora_dw,last_stage,2,no,0.0003,0.01,8,0.6090685826197709,0.8325676567656766,0.745978795134195,0.7950891089108911,/Users/haseebshafi/Documents/GitHub/Quadratic-Neurons-vs.-ReLU-How-Much-Nonlinearity-Is-Enough/Haseeb_trials/4_test/data_4seed/food101_l40s_8q8l2f_multiseed_28641701/seed_45/204_l_ls_r2_h0_lr3em4_wd0p01/food101/lora_dw/last_stage_rank_2/metrics.json
food101_l40s_8q8l2f_multiseed_28641701,45,food101,204_l_ls_r2_h0_lr3em4_wd0p01,204,LoRA depthwise adapter,lora_dw,last_stage,2,no,0.0003,0.01,9,0.6023131843699087,0.834943894389439,0.7456036820954616,0.7946534653465347,/Users/haseebshafi/Documents/GitHub/Quadratic-Neurons-vs.-ReLU-How-Much-Nonlinearity-Is-Enough/Haseeb_trials/4_test/data_4seed/food101_l40s_8q8l2f_multiseed_28641701/seed_45/204_l_ls_r2_h0_lr3em4_wd0p01/food101/lora_dw/last_stage_rank_2/metrics.json
food101_l40s_8q8l2f_multiseed_28641701,45,food101,204_l_ls_r2_h0_lr3em4_wd0p01,204,LoRA depthwise adapter,lora_dw,last_stage,2,no,0.0003,0.01,10,0.5954253466373229,0.8368712871287128,0.745760016184042,0.7948910891089109,/Users/haseebshafi/Documents/GitHub/Quadratic-Neurons-vs.-ReLU-How-Much-Nonlinearity-Is-Enough/Haseeb_trials/4_test/data_4seed/food101_l40s_8q8l2f_multiseed_28641701/seed_45/204_l_ls_r2_h0_lr3em4_wd0p01/food101/lora_dw/last_stage_rank_2/metrics.json
food101_l40s_8q8l2f_multiseed_28641701,45,food101,204_l_ls_r2_h0_lr3em4_wd0p01,204,LoRA depthwise adapter,lora_dw,last_stage,2,no,0.0003,0.01,11,0.5893178673482964,0.8368448844884488,0.7454041640923755,0.7945346534653466,/Users/haseebshafi/Documents/GitHub/Quadratic-Neurons-vs.-ReLU-How-Much-Nonlinearity-Is-Enough/Haseeb_trials/4_test/data_4seed/food101_l40s_8q8l2f_multiseed_28641701/seed_45/204_l_ls_r2_h0_lr3em4_wd0p01/food101/lora_dw/last_stage_rank_2/metrics.json
food101_l40s_8q8l2f_multiseed_28641701,45,food101,204_l_ls_r2_h0_lr3em4_wd0p01,204,LoRA depthwise adapter,lora_dw,last_stage,2,no,0.0003,0.01,12,0.5818255741242135,0.8404884488448845,0.7469846666520185,0.7946534653465347,/Users/haseebshafi/Documents/GitHub/Quadratic-Neurons-vs.-ReLU-How-Much-Nonlinearity-Is-Enough/Haseeb_trials/4_test/data_4seed/food101_l40s_8q8l2f_multiseed_28641701/seed_45/204_l_ls_r2_h0_lr3em4_wd0p01/food101/lora_dw/last_stage_rank_2/metrics.json
food101_l40s_8q8l2f_multiseed_28641701,45,food101,205_l_all_r1_h0_lr3em4_wd0p0,205,LoRA depthwise adapter,lora_dw,all,1,no,0.0003,0.0,1,0.66643933308636,0.8201320132013201,0.7213262713687255,0.7995643564356436,/Users/haseebshafi/Documents/GitHub/Quadratic-Neurons-vs.-ReLU-How-Much-Nonlinearity-Is-Enough/Haseeb_trials/4_test/data_4seed/food101_l40s_8q8l2f_multiseed_28641701/seed_45/205_l_all_r1_h0_lr3em4_wd0p0/food101/lora_dw/all_rank_1/metrics.json
food101_l40s_8q8l2f_multiseed_28641701,45,food101,205_l_all_r1_h0_lr3em4_wd0p0,205,LoRA depthwise adapter,lora_dw,all,1,no,0.0003,0.0,2,0.6334863986921783,0.825993399339934,0.7081354176998138,0.8028910891089109,/Users/haseebshafi/Documents/GitHub/Quadratic-Neurons-vs.-ReLU-How-Much-Nonlinearity-Is-Enough/Haseeb_trials/4_test/data_4seed/food101_l40s_8q8l2f_multiseed_28641701/seed_45/205_l_all_r1_h0_lr3em4_wd0p0/food101/lora_dw/all_rank_1/metrics.json
food101_l40s_8q8l2f_multiseed_28641701,45,food101,205_l_all_r1_h0_lr3em4_wd0p0,205,LoRA depthwise adapter,lora_dw,all,1,no,0.0003,0.0,3,0.6116460033910897,0.8324752475247524,0.6988664712292133,0.8061782178217822,/Users/haseebshafi/Documents/GitHub/Quadratic-Neurons-vs.-ReLU-How-Much-Nonlinearity-Is-Enough/Haseeb_trials/4_test/data_4seed/food101_l40s_8q8l2f_multiseed_28641701/seed_45/205_l_all_r1_h0_lr3em4_wd0p0/food101/lora_dw/all_rank_1/metrics.json
food101_l40s_8q8l2f_multiseed_28641701,45,food101,205_l_all_r1_h0_lr3em4_wd0p0,205,LoRA depthwise adapter,lora_dw,all,1,no,0.0003,0.0,4,0.5956781696612292,0.8367260726072607,0.6931424980659296,0.8074059405940595,/Users/haseebshafi/Documents/GitHub/Quadratic-Neurons-vs.-ReLU-How-Much-Nonlinearity-Is-Enough/Haseeb_trials/4_test/data_4seed/food101_l40s_8q8l2f_multiseed_28641701/seed_45/205_l_all_r1_h0_lr3em4_wd0p0/food101/lora_dw/all_rank_1/metrics.json
food101_l40s_8q8l2f_multiseed_28641701,45,food101,205_l_all_r1_h0_lr3em4_wd0p0,205,LoRA depthwise adapter,lora_dw,all,1,no,0.0003,0.0,5,0.577577790423195,0.8413729372937294,0.688929287969476,0.8082772277227723,/Users/haseebshafi/Documents/GitHub/Quadratic-Neurons-vs.-ReLU-How-Much-Nonlinearity-Is-Enough/Haseeb_trials/4_test/data_4seed/food101_l40s_8q8l2f_multiseed_28641701/seed_45/205_l_all_r1_h0_lr3em4_wd0p0/food101/lora_dw/all_rank_1/metrics.json
food101_l40s_8q8l2f_multiseed_28641701,45,food101,205_l_all_r1_h0_lr3em4_wd0p0,205,LoRA depthwise adapter,lora_dw,all,1,no,0.0003,0.0,6,0.5602343758718409,0.8454785478547855,0.6864335394542996,0.8101782178217822,/Users/haseebshafi/Documents/GitHub/Quadratic-Neurons-vs.-ReLU-How-Much-Nonlinearity-Is-Enough/Haseeb_trials/4_test/data_4seed/food101_l40s_8q8l2f_multiseed_28641701/seed_45/205_l_all_r1_h0_lr3em4_wd0p0/food101/lora_dw/all_rank_1/metrics.json
food101_l40s_8q8l2f_multiseed_28641701,45,food101,205_l_all_r1_h0_lr3em4_wd0p0,205,LoRA depthwise adapter,lora_dw,all,1,no,0.0003,0.0,7,0.5454147398778708,0.8505478547854786,0.6837657730225289,0.8112475247524753,/Users/haseebshafi/Documents/GitHub/Quadratic-Neurons-vs.-ReLU-How-Much-Nonlinearity-Is-Enough/Haseeb_trials/4_test/data_4seed/food101_l40s_8q8l2f_multiseed_28641701/seed_45/205_l_all_r1_h0_lr3em4_wd0p0/food101/lora_dw/all_rank_1/metrics.json
food101_l40s_8q8l2f_multiseed_28641701,45,food101,205_l_all_r1_h0_lr3em4_wd0p0,205,LoRA depthwise adapter,lora_dw,all,1,no,0.0003,0.0,8,0.5251480032382625,0.8555643564356435,0.6839887981273161,0.8122772277227723,/Users/haseebshafi/Documents/GitHub/Quadratic-Neurons-vs.-ReLU-How-Much-Nonlinearity-Is-Enough/Haseeb_trials/4_test/data_4seed/food101_l40s_8q8l2f_multiseed_28641701/seed_45/205_l_all_r1_h0_lr3em4_wd0p0/food101/lora_dw/all_rank_1/metrics.json
food101_l40s_8q8l2f_multiseed_28641701,45,food101,205_l_all_r1_h0_lr3em4_wd0p0,205,LoRA depthwise adapter,lora_dw,all,1,no,0.0003,0.0,9,0.5119255619214312,0.8590891089108911,0.6842602279823605,0.8120396039603961,/Users/haseebshafi/Documents/GitHub/Quadratic-Neurons-vs.-ReLU-How-Much-Nonlinearity-Is-Enough/Haseeb_trials/4_test/data_4seed/food101_l40s_8q8l2f_multiseed_28641701/seed_45/205_l_all_r1_h0_lr3em4_wd0p0/food101/lora_dw/all_rank_1/metrics.json
food101_l40s_8q8l2f_multiseed_28641701,45,food101,205_l_all_r1_h0_lr3em4_wd0p0,205,LoRA depthwise adapter,lora_dw,all,1,no,0.0003,0.0,10,0.495400631578842,0.8638811881188119,0.6852549101456558,0.8125148514851485,/Users/haseebshafi/Documents/GitHub/Quadratic-Neurons-vs.-ReLU-How-Much-Nonlinearity-Is-Enough/Haseeb_trials/4_test/data_4seed/food101_l40s_8q8l2f_multiseed_28641701/seed_45/205_l_all_r1_h0_lr3em4_wd0p0/food101/lora_dw/all_rank_1/metrics.json
food101_l40s_8q8l2f_multiseed_28641701,45,food101,205_l_all_r1_h0_lr3em4_wd0p0,205,LoRA depthwise adapter,lora_dw,all,1,no,0.0003,0.0,11,0.4799451777313409,0.8697557755775578,0.6878714137407813,0.8124356435643565,/Users/haseebshafi/Documents/GitHub/Quadratic-Neurons-vs.-ReLU-How-Much-Nonlinearity-Is-Enough/Haseeb_trials/4_test/data_4seed/food101_l40s_8q8l2f_multiseed_28641701/seed_45/205_l_all_r1_h0_lr3em4_wd0p0/food101/lora_dw/all_rank_1/metrics.json
food101_l40s_8q8l2f_multiseed_28641701,45,food101,205_l_all_r1_h0_lr3em4_wd0p0,205,LoRA depthwise adapter,lora_dw,all,1,no,0.0003,0.0,12,0.46810764094862606,0.872,0.6886021303752862,0.8129900990099009,/Users/haseebshafi/Documents/GitHub/Quadratic-Neurons-vs.-ReLU-How-Much-Nonlinearity-Is-Enough/Haseeb_trials/4_test/data_4seed/food101_l40s_8q8l2f_multiseed_28641701/seed_45/205_l_all_r1_h0_lr3em4_wd0p0/food101/lora_dw/all_rank_1/metrics.json
food101_l40s_8q8l2f_multiseed_28641701,45,food101,206_l_all_r2_h0_lr3em4_wd0p0,206,LoRA depthwise adapter,lora_dw,all,2,no,0.0003,0.0,1,0.658362065700808,0.8218217821782178,0.7156696127310838,0.8015445544554456,/Users/haseebshafi/Documents/GitHub/Quadratic-Neurons-vs.-ReLU-How-Much-Nonlinearity-Is-Enough/Haseeb_trials/4_test/data_4seed/food101_l40s_8q8l2f_multiseed_28641701/seed_45/206_l_all_r2_h0_lr3em4_wd0p0/food101/lora_dw/all_rank_2/metrics.json
food101_l40s_8q8l2f_multiseed_28641701,45,food101,206_l_all_r2_h0_lr3em4_wd0p0,206,LoRA depthwise adapter,lora_dw,all,2,no,0.0003,0.0,2,0.6209666000034156,0.8292805280528053,0.7006991450196446,0.8045940594059406,/Users/haseebshafi/Documents/GitHub/Quadratic-Neurons-vs.-ReLU-How-Much-Nonlinearity-Is-Enough/Haseeb_trials/4_test/data_4seed/food101_l40s_8q8l2f_multiseed_28641701/seed_45/206_l_all_r2_h0_lr3em4_wd0p0/food101/lora_dw/all_rank_2/metrics.json
food101_l40s_8q8l2f_multiseed_28641701,45,food101,206_l_all_r2_h0_lr3em4_wd0p0,206,LoRA depthwise adapter,lora_dw,all,2,no,0.0003,0.0,3,0.6002923476042921,0.8351815181518152,0.6897479798746581,0.8076039603960397,/Users/haseebshafi/Documents/GitHub/Quadratic-Neurons-vs.-ReLU-How-Much-Nonlinearity-Is-Enough/Haseeb_trials/4_test/data_4seed/food101_l40s_8q8l2f_multiseed_28641701/seed_45/206_l_all_r2_h0_lr3em4_wd0p0/food101/lora_dw/all_rank_2/metrics.json
food101_l40s_8q8l2f_multiseed_28641701,45,food101,206_l_all_r2_h0_lr3em4_wd0p0,206,LoRA depthwise adapter,lora_dw,all,2,no,0.0003,0.0,4,0.5741008639256946,0.8418481848184819,0.6850664221485062,0.8100594059405941,/Users/haseebshafi/Documents/GitHub/Quadratic-Neurons-vs.-ReLU-How-Much-Nonlinearity-Is-Enough/Haseeb_trials/4_test/data_4seed/food101_l40s_8q8l2f_multiseed_28641701/seed_45/206_l_all_r2_h0_lr3em4_wd0p0/food101/lora_dw/all_rank_2/metrics.json
food101_l40s_8q8l2f_multiseed_28641701,45,food101,206_l_all_r2_h0_lr3em4_wd0p0,206,LoRA depthwise adapter,lora_dw,all,2,no,0.0003,0.0,5,0.5525125063512192,0.8484884488448845,0.6833586131464137,0.809940594059406,/Users/haseebshafi/Documents/GitHub/Quadratic-Neurons-vs.-ReLU-How-Much-Nonlinearity-Is-Enough/Haseeb_trials/4_test/data_4seed/food101_l40s_8q8l2f_multiseed_28641701/seed_45/206_l_all_r2_h0_lr3em4_wd0p0/food101/lora_dw/all_rank_2/metrics.json
food101_l40s_8q8l2f_multiseed_28641701,45,food101,206_l_all_r2_h0_lr3em4_wd0p0,206,LoRA depthwise adapter,lora_dw,all,2,no,0.0003,0.0,6,0.5267054387397893,0.8551155115511551,0.6839308914973004,0.8110891089108911,/Users/haseebshafi/Documents/GitHub/Quadratic-Neurons-vs.-ReLU-How-Much-Nonlinearity-Is-Enough/Haseeb_trials/4_test/data_4seed/food101_l40s_8q8l2f_multiseed_28641701/seed_45/206_l_all_r2_h0_lr3em4_wd0p0/food101/lora_dw/all_rank_2/metrics.json
food101_l40s_8q8l2f_multiseed_28641701,45,food101,206_l_all_r2_h0_lr3em4_wd0p0,206,LoRA depthwise adapter,lora_dw,all,2,no,0.0003,0.0,7,0.5071545223662562,0.8602112211221122,0.6851339050212709,0.8121188118811882,/Users/haseebshafi/Documents/GitHub/Quadratic-Neurons-vs.-ReLU-How-Much-Nonlinearity-Is-Enough/Haseeb_trials/4_test/data_4seed/food101_l40s_8q8l2f_multiseed_28641701/seed_45/206_l_all_r2_h0_lr3em4_wd0p0/food101/lora_dw/all_rank_2/metrics.json
food101_l40s_8q8l2f_multiseed_28641701,45,food101,206_l_all_r2_h0_lr3em4_wd0p0,206,LoRA depthwise adapter,lora_dw,all,2,no,0.0003,0.0,8,0.48639700897456,0.8676303630363036,0.6873037431145659,0.811920792079208,/Users/haseebshafi/Documents/GitHub/Quadratic-Neurons-vs.-ReLU-How-Much-Nonlinearity-Is-Enough/Haseeb_trials/4_test/data_4seed/food101_l40s_8q8l2f_multiseed_28641701/seed_45/206_l_all_r2_h0_lr3em4_wd0p0/food101/lora_dw/all_rank_2/metrics.json
food101_l40s_8q8l2f_multiseed_28641701,45,food101,206_l_all_r2_h0_lr3em4_wd0p0,206,LoRA depthwise adapter,lora_dw,all,2,no,0.0003,0.0,9,0.46670841643833877,0.8724092409240924,0.6901955431050594,0.8115247524752476,/Users/haseebshafi/Documents/GitHub/Quadratic-Neurons-vs.-ReLU-How-Much-Nonlinearity-Is-Enough/Haseeb_trials/4_test/data_4seed/food101_l40s_8q8l2f_multiseed_28641701/seed_45/206_l_all_r2_h0_lr3em4_wd0p0/food101/lora_dw/all_rank_2/metrics.json
food101_l40s_8q8l2f_multiseed_28641701,45,food101,206_l_all_r2_h0_lr3em4_wd0p0,206,LoRA depthwise adapter,lora_dw,all,2,no,0.0003,0.0,10,0.4470835491568342,0.8785610561056105,0.6943783471112204,0.8108514851485149,/Users/haseebshafi/Documents/GitHub/Quadratic-Neurons-vs.-ReLU-How-Much-Nonlinearity-Is-Enough/Haseeb_trials/4_test/data_4seed/food101_l40s_8q8l2f_multiseed_28641701/seed_45/206_l_all_r2_h0_lr3em4_wd0p0/food101/lora_dw/all_rank_2/metrics.json
food101_l40s_8q8l2f_multiseed_28641701,45,food101,206_l_all_r2_h0_lr3em4_wd0p0,206,LoRA depthwise adapter,lora_dw,all,2,no,0.0003,0.0,11,0.4312802789785681,0.8836039603960396,0.6961231892179734,0.8110891089108911,/Users/haseebshafi/Documents/GitHub/Quadratic-Neurons-vs.-ReLU-How-Much-Nonlinearity-Is-Enough/Haseeb_trials/4_test/data_4seed/food101_l40s_8q8l2f_multiseed_28641701/seed_45/206_l_all_r2_h0_lr3em4_wd0p0/food101/lora_dw/all_rank_2/metrics.json
food101_l40s_8q8l2f_multiseed_28641701,45,food101,206_l_all_r2_h0_lr3em4_wd0p0,206,LoRA depthwise adapter,lora_dw,all,2,no,0.0003,0.0,12,0.4138237144404119,0.8882244224422442,0.7022427688730826,0.8102970297029704,/Users/haseebshafi/Documents/GitHub/Quadratic-Neurons-vs.-ReLU-How-Much-Nonlinearity-Is-Enough/Haseeb_trials/4_test/data_4seed/food101_l40s_8q8l2f_multiseed_28641701/seed_45/206_l_all_r2_h0_lr3em4_wd0p0/food101/lora_dw/all_rank_2/metrics.json
food101_l40s_8q8l2f_multiseed_28641701,45,food101,207_l_ls_r2_h1_lr1em4_wd0p0,207,LoRA depthwise adapter,lora_dw,last_stage,2,yes,0.0001,0.0,1,0.6877323991095665,0.8174521452145215,0.7515939282804432,0.7902970297029703,/Users/haseebshafi/Documents/GitHub/Quadratic-Neurons-vs.-ReLU-How-Much-Nonlinearity-Is-Enough/Haseeb_trials/4_test/data_4seed/food101_l40s_8q8l2f_multiseed_28641701/seed_45/207_l_ls_r2_h1_lr1em4_wd0p0/food101/lora_dw/last_stage_rank_2/metrics.json
food101_l40s_8q8l2f_multiseed_28641701,45,food101,207_l_ls_r2_h1_lr1em4_wd0p0,207,LoRA depthwise adapter,lora_dw,last_stage,2,yes,0.0001,0.0,2,0.6725794036412003,0.8196567656765676,0.7492500888215433,0.7906138613861386,/Users/haseebshafi/Documents/GitHub/Quadratic-Neurons-vs.-ReLU-How-Much-Nonlinearity-Is-Enough/Haseeb_trials/4_test/data_4seed/food101_l40s_8q8l2f_multiseed_28641701/seed_45/207_l_ls_r2_h1_lr1em4_wd0p0/food101/lora_dw/last_stage_rank_2/metrics.json
food101_l40s_8q8l2f_multiseed_28641701,45,food101,207_l_ls_r2_h1_lr1em4_wd0p0,207,LoRA depthwise adapter,lora_dw,last_stage,2,yes,0.0001,0.0,3,0.6620922863727355,0.8211089108910891,0.7468672406390162,0.7924356435643565,/Users/haseebshafi/Documents/GitHub/Quadratic-Neurons-vs.-ReLU-How-Much-Nonlinearity-Is-Enough/Haseeb_trials/4_test/data_4seed/food101_l40s_8q8l2f_multiseed_28641701/seed_45/207_l_ls_r2_h1_lr1em4_wd0p0/food101/lora_dw/last_stage_rank_2/metrics.json
food101_l40s_8q8l2f_multiseed_28641701,45,food101,207_l_ls_r2_h1_lr1em4_wd0p0,207,LoRA depthwise adapter,lora_dw,last_stage,2,yes,0.0001,0.0,4,0.6562206488033332,0.8223102310231023,0.7471784665726199,0.7925148514851486,/Users/haseebshafi/Documents/GitHub/Quadratic-Neurons-vs.-ReLU-How-Much-Nonlinearity-Is-Enough/Haseeb_trials/4_test/data_4seed/food101_l40s_8q8l2f_multiseed_28641701/seed_45/207_l_ls_r2_h1_lr1em4_wd0p0/food101/lora_dw/last_stage_rank_2/metrics.json
food101_l40s_8q8l2f_multiseed_28641701,45,food101,207_l_ls_r2_h1_lr1em4_wd0p0,207,LoRA depthwise adapter,lora_dw,last_stage,2,yes,0.0001,0.0,5,0.6497053053717409,0.8230759075907591,0.7464906185074608,0.7930693069306931,/Users/haseebshafi/Documents/GitHub/Quadratic-Neurons-vs.-ReLU-How-Much-Nonlinearity-Is-Enough/Haseeb_trials/4_test/data_4seed/food101_l40s_8q8l2f_multiseed_28641701/seed_45/207_l_ls_r2_h1_lr1em4_wd0p0/food101/lora_dw/last_stage_rank_2/metrics.json
food101_l40s_8q8l2f_multiseed_28641701,45,food101,207_l_ls_r2_h1_lr1em4_wd0p0,207,LoRA depthwise adapter,lora_dw,last_stage,2,yes,0.0001,0.0,6,0.6433215085728333,0.8245280528052805,0.7461148165547021,0.7941386138613862,/Users/haseebshafi/Documents/GitHub/Quadratic-Neurons-vs.-ReLU-How-Much-Nonlinearity-Is-Enough/Haseeb_trials/4_test/data_4seed/food101_l40s_8q8l2f_multiseed_28641701/seed_45/207_l_ls_r2_h1_lr1em4_wd0p0/food101/lora_dw/last_stage_rank_2/metrics.json
food101_l40s_8q8l2f_multiseed_28641701,45,food101,207_l_ls_r2_h1_lr1em4_wd0p0,207,LoRA depthwise adapter,lora_dw,last_stage,2,yes,0.0001,0.0,7,0.6398952477599922,0.8255709570957096,0.7464477760083604,0.7925940594059406,/Users/haseebshafi/Documents/GitHub/Quadratic-Neurons-vs.-ReLU-How-Much-Nonlinearity-Is-Enough/Haseeb_trials/4_test/data_4seed/food101_l40s_8q8l2f_multiseed_28641701/seed_45/207_l_ls_r2_h1_lr1em4_wd0p0/food101/lora_dw/last_stage_rank_2/metrics.json
food101_l40s_8q8l2f_multiseed_28641701,45,food101,207_l_ls_r2_h1_lr1em4_wd0p0,207,LoRA depthwise adapter,lora_dw,last_stage,2,yes,0.0001,0.0,8,0.6326678020836103,0.8271683168316831,0.7465593441783792,0.7925940594059406,/Users/haseebshafi/Documents/GitHub/Quadratic-Neurons-vs.-ReLU-How-Much-Nonlinearity-Is-Enough/Haseeb_trials/4_test/data_4seed/food101_l40s_8q8l2f_multiseed_28641701/seed_45/207_l_ls_r2_h1_lr1em4_wd0p0/food101/lora_dw/last_stage_rank_2/metrics.json
food101_l40s_8q8l2f_multiseed_28641701,45,food101,207_l_ls_r2_h1_lr1em4_wd0p0,207,LoRA depthwise adapter,lora_dw,last_stage,2,yes,0.0001,0.0,9,0.6294637773501204,0.8283960396039604,0.7450044087443021,0.7934653465346535,/Users/haseebshafi/Documents/GitHub/Quadratic-Neurons-vs.-ReLU-How-Much-Nonlinearity-Is-Enough/Haseeb_trials/4_test/data_4seed/food101_l40s_8q8l2f_multiseed_28641701/seed_45/207_l_ls_r2_h1_lr1em4_wd0p0/food101/lora_dw/last_stage_rank_2/metrics.json
food101_l40s_8q8l2f_multiseed_28641701,45,food101,207_l_ls_r2_h1_lr1em4_wd0p0,207,LoRA depthwise adapter,lora_dw,last_stage,2,yes,0.0001,0.0,10,0.6247210311401795,0.8308118811881188,0.7456381887445356,0.7937821782178218,/Users/haseebshafi/Documents/GitHub/Quadratic-Neurons-vs.-ReLU-How-Much-Nonlinearity-Is-Enough/Haseeb_trials/4_test/data_4seed/food101_l40s_8q8l2f_multiseed_28641701/seed_45/207_l_ls_r2_h1_lr1em4_wd0p0/food101/lora_dw/last_stage_rank_2/metrics.json
food101_l40s_8q8l2f_multiseed_28641701,45,food101,207_l_ls_r2_h1_lr1em4_wd0p0,207,LoRA depthwise adapter,lora_dw,last_stage,2,yes,0.0001,0.0,11,0.6216554226859567,0.8311683168316831,0.7449001559927912,0.7940198019801981,/Users/haseebshafi/Documents/GitHub/Quadratic-Neurons-vs.-ReLU-How-Much-Nonlinearity-Is-Enough/Haseeb_trials/4_test/data_4seed/food101_l40s_8q8l2f_multiseed_28641701/seed_45/207_l_ls_r2_h1_lr1em4_wd0p0/food101/lora_dw/last_stage_rank_2/metrics.json
food101_l40s_8q8l2f_multiseed_28641701,45,food101,207_l_ls_r2_h1_lr1em4_wd0p0,207,LoRA depthwise adapter,lora_dw,last_stage,2,yes,0.0001,0.0,12,0.6171113810413348,0.8315643564356435,0.7447650809807352,0.7937029702970297,/Users/haseebshafi/Documents/GitHub/Quadratic-Neurons-vs.-ReLU-How-Much-Nonlinearity-Is-Enough/Haseeb_trials/4_test/data_4seed/food101_l40s_8q8l2f_multiseed_28641701/seed_45/207_l_ls_r2_h1_lr1em4_wd0p0/food101/lora_dw/last_stage_rank_2/metrics.json
food101_l40s_8q8l2f_multiseed_28641701,45,food101,208_l_all_r2_h1_lr1em4_wd0p0,208,LoRA depthwise adapter,lora_dw,all,2,yes,0.0001,0.0,1,0.6724445633274494,0.8203432343234324,0.7205516858832671,0.7971881188118812,/Users/haseebshafi/Documents/GitHub/Quadratic-Neurons-vs.-ReLU-How-Much-Nonlinearity-Is-Enough/Haseeb_trials/4_test/data_4seed/food101_l40s_8q8l2f_multiseed_28641701/seed_45/208_l_all_r2_h1_lr1em4_wd0p0/food101/lora_dw/all_rank_2/metrics.json
food101_l40s_8q8l2f_multiseed_28641701,45,food101,208_l_all_r2_h1_lr1em4_wd0p0,208,LoRA depthwise adapter,lora_dw,all,2,yes,0.0001,0.0,2,0.6358672483352938,0.8264158415841584,0.7074679337987806,0.8017425742574258,/Users/haseebshafi/Documents/GitHub/Quadratic-Neurons-vs.-ReLU-How-Much-Nonlinearity-Is-Enough/Haseeb_trials/4_test/data_4seed/food101_l40s_8q8l2f_multiseed_28641701/seed_45/208_l_all_r2_h1_lr1em4_wd0p0/food101/lora_dw/all_rank_2/metrics.json
food101_l40s_8q8l2f_multiseed_28641701,45,food101,208_l_all_r2_h1_lr1em4_wd0p0,208,LoRA depthwise adapter,lora_dw,all,2,yes,0.0001,0.0,3,0.6231680074100053,0.8298481848184819,0.700742722525455,0.8045940594059406,/Users/haseebshafi/Documents/GitHub/Quadratic-Neurons-vs.-ReLU-How-Much-Nonlinearity-Is-Enough/Haseeb_trials/4_test/data_4seed/food101_l40s_8q8l2f_multiseed_28641701/seed_45/208_l_all_r2_h1_lr1em4_wd0p0/food101/lora_dw/all_rank_2/metrics.json
food101_l40s_8q8l2f_multiseed_28641701,45,food101,208_l_all_r2_h1_lr1em4_wd0p0,208,LoRA depthwise adapter,lora_dw,all,2,yes,0.0001,0.0,4,0.6080127820150294,0.8343630363036304,0.6956147688214142,0.8051881188118812,/Users/haseebshafi/Documents/GitHub/Quadratic-Neurons-vs.-ReLU-How-Much-Nonlinearity-Is-Enough/Haseeb_trials/4_test/data_4seed/food101_l40s_8q8l2f_multiseed_28641701/seed_45/208_l_all_r2_h1_lr1em4_wd0p0/food101/lora_dw/all_rank_2/metrics.json
food101_l40s_8q8l2f_multiseed_28641701,45,food101,208_l_all_r2_h1_lr1em4_wd0p0,208,LoRA depthwise adapter,lora_dw,all,2,yes,0.0001,0.0,5,0.596717310520682,0.8364356435643564,0.6918068160609444,0.8072475247524753,/Users/haseebshafi/Documents/GitHub/Quadratic-Neurons-vs.-ReLU-How-Much-Nonlinearity-Is-Enough/Haseeb_trials/4_test/data_4seed/food101_l40s_8q8l2f_multiseed_28641701/seed_45/208_l_all_r2_h1_lr1em4_wd0p0/food101/lora_dw/all_rank_2/metrics.json
food101_l40s_8q8l2f_multiseed_28641701,45,food101,208_l_all_r2_h1_lr1em4_wd0p0,208,LoRA depthwise adapter,lora_dw,all,2,yes,0.0001,0.0,6,0.5832595288556794,0.8403828382838284,0.6879260374437465,0.8083960396039604,/Users/haseebshafi/Documents/GitHub/Quadratic-Neurons-vs.-ReLU-How-Much-Nonlinearity-Is-Enough/Haseeb_trials/4_test/data_4seed/food101_l40s_8q8l2f_multiseed_28641701/seed_45/208_l_all_r2_h1_lr1em4_wd0p0/food101/lora_dw/all_rank_2/metrics.json
food101_l40s_8q8l2f_multiseed_28641701,45,food101,208_l_all_r2_h1_lr1em4_wd0p0,208,LoRA depthwise adapter,lora_dw,all,2,yes,0.0001,0.0,7,0.574638037690235,0.8413993399339934,0.6853991496185265,0.8094653465346535,/Users/haseebshafi/Documents/GitHub/Quadratic-Neurons-vs.-ReLU-How-Much-Nonlinearity-Is-Enough/Haseeb_trials/4_test/data_4seed/food101_l40s_8q8l2f_multiseed_28641701/seed_45/208_l_all_r2_h1_lr1em4_wd0p0/food101/lora_dw/all_rank_2/metrics.json
food101_l40s_8q8l2f_multiseed_28641701,45,food101,208_l_all_r2_h1_lr1em4_wd0p0,208,LoRA depthwise adapter,lora_dw,all,2,yes,0.0001,0.0,8,0.5643637477069011,0.846019801980198,0.6826532210241449,0.8102970297029704,/Users/haseebshafi/Documents/GitHub/Quadratic-Neurons-vs.-ReLU-How-Much-Nonlinearity-Is-Enough/Haseeb_trials/4_test/data_4seed/food101_l40s_8q8l2f_multiseed_28641701/seed_45/208_l_all_r2_h1_lr1em4_wd0p0/food101/lora_dw/all_rank_2/metrics.json
food101_l40s_8q8l2f_multiseed_28641701,45,food101,208_l_all_r2_h1_lr1em4_wd0p0,208,LoRA depthwise adapter,lora_dw,all,2,yes,0.0001,0.0,9,0.5542593186523261,0.8481584158415841,0.6802788170611505,0.8110099009900991,/Users/haseebshafi/Documents/GitHub/Quadratic-Neurons-vs.-ReLU-How-Much-Nonlinearity-Is-Enough/Haseeb_trials/4_test/data_4seed/food101_l40s_8q8l2f_multiseed_28641701/seed_45/208_l_all_r2_h1_lr1em4_wd0p0/food101/lora_dw/all_rank_2/metrics.json
food101_l40s_8q8l2f_multiseed_28641701,45,food101,208_l_all_r2_h1_lr1em4_wd0p0,208,LoRA depthwise adapter,lora_dw,all,2,yes,0.0001,0.0,10,0.54249863628271,0.8512343234323433,0.6783685727143052,0.8106138613861387,/Users/haseebshafi/Documents/GitHub/Quadratic-Neurons-vs.-ReLU-How-Much-Nonlinearity-Is-Enough/Haseeb_trials/4_test/data_4seed/food101_l40s_8q8l2f_multiseed_28641701/seed_45/208_l_all_r2_h1_lr1em4_wd0p0/food101/lora_dw/all_rank_2/metrics.json
food101_l40s_8q8l2f_multiseed_28641701,45,food101,208_l_all_r2_h1_lr1em4_wd0p0,208,LoRA depthwise adapter,lora_dw,all,2,yes,0.0001,0.0,11,0.5350717435725058,0.8540066006600661,0.675727598232798,0.8121980198019803,/Users/haseebshafi/Documents/GitHub/Quadratic-Neurons-vs.-ReLU-How-Much-Nonlinearity-Is-Enough/Haseeb_trials/4_test/data_4seed/food101_l40s_8q8l2f_multiseed_28641701/seed_45/208_l_all_r2_h1_lr1em4_wd0p0/food101/lora_dw/all_rank_2/metrics.json
food101_l40s_8q8l2f_multiseed_28641701,45,food101,208_l_all_r2_h1_lr1em4_wd0p0,208,LoRA depthwise adapter,lora_dw,all,2,yes,0.0001,0.0,12,0.5245833810737031,0.8561188118811881,0.6749368889449847,0.8127524752475247,/Users/haseebshafi/Documents/GitHub/Quadratic-Neurons-vs.-ReLU-How-Much-Nonlinearity-Is-Enough/Haseeb_trials/4_test/data_4seed/food101_l40s_8q8l2f_multiseed_28641701/seed_45/208_l_all_r2_h1_lr1em4_wd0p0/food101/lora_dw/all_rank_2/metrics.json
food101_l40s_8q8l2f_multiseed_28641701,45,food101,301_f_lr1e4_wd0p01,301,Full fine-tune,full_finetune,all,full,full,0.0001,0.01,1,1.7017594541071273,0.6327920792079208,0.6530967843544365,0.8306930693069307,/Users/haseebshafi/Documents/GitHub/Quadratic-Neurons-vs.-ReLU-How-Much-Nonlinearity-Is-Enough/Haseeb_trials/4_test/data_4seed/food101_l40s_8q8l2f_multiseed_28641701/seed_45/301_f_lr1e4_wd0p01/food101/full_finetune/metrics.json
food101_l40s_8q8l2f_multiseed_28641701,45,food101,301_f_lr1e4_wd0p01,301,Full fine-tune,full_finetune,all,full,full,0.0001,0.01,2,0.649900683437637,0.835023102310231,0.5049292063913723,0.8567920792079208,/Users/haseebshafi/Documents/GitHub/Quadratic-Neurons-vs.-ReLU-How-Much-Nonlinearity-Is-Enough/Haseeb_trials/4_test/data_4seed/food101_l40s_8q8l2f_multiseed_28641701/seed_45/301_f_lr1e4_wd0p01/food101/full_finetune/metrics.json
food101_l40s_8q8l2f_multiseed_28641701,45,food101,301_f_lr1e4_wd0p01,301,Full fine-tune,full_finetune,all,full,full,0.0001,0.01,3,0.3543086446409572,0.9099009900990099,0.48255803429844357,0.8633267326732673,/Users/haseebshafi/Documents/GitHub/Quadratic-Neurons-vs.-ReLU-How-Much-Nonlinearity-Is-Enough/Haseeb_trials/4_test/data_4seed/food101_l40s_8q8l2f_multiseed_28641701/seed_45/301_f_lr1e4_wd0p01/food101/full_finetune/metrics.json
food101_l40s_8q8l2f_multiseed_28641701,45,food101,301_f_lr1e4_wd0p01,301,Full fine-tune,full_finetune,all,full,full,0.0001,0.01,4,0.1896962447795931,0.9529240924092409,0.4978594112478861,0.8635247524752475,/Users/haseebshafi/Documents/GitHub/Quadratic-Neurons-vs.-ReLU-How-Much-Nonlinearity-Is-Enough/Haseeb_trials/4_test/data_4seed/food101_l40s_8q8l2f_multiseed_28641701/seed_45/301_f_lr1e4_wd0p01/food101/full_finetune/metrics.json
food101_l40s_8q8l2f_multiseed_28641701,45,food101,301_f_lr1e4_wd0p01,301,Full fine-tune,full_finetune,all,full,full,0.0001,0.01,5,0.1111180180783319,0.9722640264026403,0.5725490542284333,0.8565544554455445,/Users/haseebshafi/Documents/GitHub/Quadratic-Neurons-vs.-ReLU-How-Much-Nonlinearity-Is-Enough/Haseeb_trials/4_test/data_4seed/food101_l40s_8q8l2f_multiseed_28641701/seed_45/301_f_lr1e4_wd0p01/food101/full_finetune/metrics.json
food101_l40s_8q8l2f_multiseed_28641701,45,food101,301_f_lr1e4_wd0p01,301,Full fine-tune,full_finetune,all,full,full,0.0001,0.01,6,0.0789147060711195,0.9797359735973598,0.5772779981924756,0.8626138613861386,/Users/haseebshafi/Documents/GitHub/Quadratic-Neurons-vs.-ReLU-How-Much-Nonlinearity-Is-Enough/Haseeb_trials/4_test/data_4seed/food101_l40s_8q8l2f_multiseed_28641701/seed_45/301_f_lr1e4_wd0p01/food101/full_finetune/metrics.json
food101_l40s_8q8l2f_multiseed_28641701,45,food101,301_f_lr1e4_wd0p01,301,Full fine-tune,full_finetune,all,full,full,0.0001,0.01,7,0.06214607810226604,0.9833003300330033,0.6242585500962663,0.8563168316831683,/Users/haseebshafi/Documents/GitHub/Quadratic-Neurons-vs.-ReLU-How-Much-Nonlinearity-Is-Enough/Haseeb_trials/4_test/data_4seed/food101_l40s_8q8l2f_multiseed_28641701/seed_45/301_f_lr1e4_wd0p01/food101/full_finetune/metrics.json
food101_l40s_8q8l2f_multiseed_28641701,45,food101,301_f_lr1e4_wd0p01,301,Full fine-tune,full_finetune,all,full,full,0.0001,0.01,8,0.05657198112303077,0.9847788778877887,0.6175148173133925,0.8597227722772277,/Users/haseebshafi/Documents/GitHub/Quadratic-Neurons-vs.-ReLU-How-Much-Nonlinearity-Is-Enough/Haseeb_trials/4_test/data_4seed/food101_l40s_8q8l2f_multiseed_28641701/seed_45/301_f_lr1e4_wd0p01/food101/full_finetune/metrics.json
food101_l40s_8q8l2f_multiseed_28641701,45,food101,301_f_lr1e4_wd0p01,301,Full fine-tune,full_finetune,all,full,full,0.0001,0.01,9,0.05069154594322242,0.9855841584158416,0.6434049251885108,0.8615445544554455,/Users/haseebshafi/Documents/GitHub/Quadratic-Neurons-vs.-ReLU-How-Much-Nonlinearity-Is-Enough/Haseeb_trials/4_test/data_4seed/food101_l40s_8q8l2f_multiseed_28641701/seed_45/301_f_lr1e4_wd0p01/food101/full_finetune/metrics.json
food101_l40s_8q8l2f_multiseed_28641701,45,food101,301_f_lr1e4_wd0p01,301,Full fine-tune,full_finetune,all,full,full,0.0001,0.01,10,0.04844945570993738,0.986019801980198,0.6582122544982646,0.8608316831683168,/Users/haseebshafi/Documents/GitHub/Quadratic-Neurons-vs.-ReLU-How-Much-Nonlinearity-Is-Enough/Haseeb_trials/4_test/data_4seed/food101_l40s_8q8l2f_multiseed_28641701/seed_45/301_f_lr1e4_wd0p01/food101/full_finetune/metrics.json
food101_l40s_8q8l2f_multiseed_28641701,45,food101,301_f_lr1e4_wd0p01,301,Full fine-tune,full_finetune,all,full,full,0.0001,0.01,11,0.04481894985657714,0.986970297029703,0.6510597824283165,0.8626138613861386,/Users/haseebshafi/Documents/GitHub/Quadratic-Neurons-vs.-ReLU-How-Much-Nonlinearity-Is-Enough/Haseeb_trials/4_test/data_4seed/food101_l40s_8q8l2f_multiseed_28641701/seed_45/301_f_lr1e4_wd0p01/food101/full_finetune/metrics.json
food101_l40s_8q8l2f_multiseed_28641701,45,food101,301_f_lr1e4_wd0p01,301,Full fine-tune,full_finetune,all,full,full,0.0001,0.01,12,0.040924870596270355,0.98793399339934,0.6750679386788611,0.8616633663366337,/Users/haseebshafi/Documents/GitHub/Quadratic-Neurons-vs.-ReLU-How-Much-Nonlinearity-Is-Enough/Haseeb_trials/4_test/data_4seed/food101_l40s_8q8l2f_multiseed_28641701/seed_45/301_f_lr1e4_wd0p01/food101/full_finetune/metrics.json
food101_l40s_8q8l2f_multiseed_28641701,45,food101,301_f_lr1e4_wd0p01,301,Full fine-tune,full_finetune,all,full,full,0.0001,0.01,13,0.03656514662218959,0.9894785478547855,0.6781026470495922,0.8630891089108911,/Users/haseebshafi/Documents/GitHub/Quadratic-Neurons-vs.-ReLU-How-Much-Nonlinearity-Is-Enough/Haseeb_trials/4_test/data_4seed/food101_l40s_8q8l2f_multiseed_28641701/seed_45/301_f_lr1e4_wd0p01/food101/full_finetune/metrics.json
food101_l40s_8q8l2f_multiseed_28641701,45,food101,301_f_lr1e4_wd0p01,301,Full fine-tune,full_finetune,all,full,full,0.0001,0.01,14,0.037217886431579146,0.9892937293729372,0.6772453354986587,0.8621386138613861,/Users/haseebshafi/Documents/GitHub/Quadratic-Neurons-vs.-ReLU-How-Much-Nonlinearity-Is-Enough/Haseeb_trials/4_test/data_4seed/food101_l40s_8q8l2f_multiseed_28641701/seed_45/301_f_lr1e4_wd0p01/food101/full_finetune/metrics.json
food101_l40s_8q8l2f_multiseed_28641701,45,food101,301_f_lr1e4_wd0p01,301,Full fine-tune,full_finetune,all,full,full,0.0001,0.01,15,0.03680326000692034,0.9891749174917491,0.7096177110004027,0.8598811881188119,/Users/haseebshafi/Documents/GitHub/Quadratic-Neurons-vs.-ReLU-How-Much-Nonlinearity-Is-Enough/Haseeb_trials/4_test/data_4seed/food101_l40s_8q8l2f_multiseed_28641701/seed_45/301_f_lr1e4_wd0p01/food101/full_finetune/metrics.json
food101_l40s_8q8l2f_multiseed_28641701,45,food101,301_f_lr1e4_wd0p01,301,Full fine-tune,full_finetune,all,full,full,0.0001,0.01,16,0.034397024962460936,0.9897821782178218,0.707322875250094,0.8613861386138614,/Users/haseebshafi/Documents/GitHub/Quadratic-Neurons-vs.-ReLU-How-Much-Nonlinearity-Is-Enough/Haseeb_trials/4_test/data_4seed/food101_l40s_8q8l2f_multiseed_28641701/seed_45/301_f_lr1e4_wd0p01/food101/full_finetune/metrics.json
food101_l40s_8q8l2f_multiseed_28641701,45,food101,301_f_lr1e4_wd0p01,301,Full fine-tune,full_finetune,all,full,full,0.0001,0.01,17,0.03475820657001077,0.9893861386138614,0.7246367659804844,0.8566336633663366,/Users/haseebshafi/Documents/GitHub/Quadratic-Neurons-vs.-ReLU-How-Much-Nonlinearity-Is-Enough/Haseeb_trials/4_test/data_4seed/food101_l40s_8q8l2f_multiseed_28641701/seed_45/301_f_lr1e4_wd0p01/food101/full_finetune/metrics.json
food101_l40s_8q8l2f_multiseed_28641701,45,food101,301_f_lr1e4_wd0p01,301,Full fine-tune,full_finetune,all,full,full,0.0001,0.01,18,0.030504404148203705,0.9905742574257426,0.7190266436456454,0.8614257425742574,/Users/haseebshafi/Documents/GitHub/Quadratic-Neurons-vs.-ReLU-How-Much-Nonlinearity-Is-Enough/Haseeb_trials/4_test/data_4seed/food101_l40s_8q8l2f_multiseed_28641701/seed_45/301_f_lr1e4_wd0p01/food101/full_finetune/metrics.json
food101_l40s_8q8l2f_multiseed_28641701,45,food101,301_f_lr1e4_wd0p01,301,Full fine-tune,full_finetune,all,full,full,0.0001,0.01,19,0.03210392077154059,0.9903894389438944,0.7348645686666564,0.8590891089108911,/Users/haseebshafi/Documents/GitHub/Quadratic-Neurons-vs.-ReLU-How-Much-Nonlinearity-Is-Enough/Haseeb_trials/4_test/data_4seed/food101_l40s_8q8l2f_multiseed_28641701/seed_45/301_f_lr1e4_wd0p01/food101/full_finetune/metrics.json
food101_l40s_8q8l2f_multiseed_28641701,45,food101,301_f_lr1e4_wd0p01,301,Full fine-tune,full_finetune,all,full,full,0.0001,0.01,20,0.03072490898099276,0.9909042904290429,0.7156687150216928,0.8629306930693069,/Users/haseebshafi/Documents/GitHub/Quadratic-Neurons-vs.-ReLU-How-Much-Nonlinearity-Is-Enough/Haseeb_trials/4_test/data_4seed/food101_l40s_8q8l2f_multiseed_28641701/seed_45/301_f_lr1e4_wd0p01/food101/full_finetune/metrics.json
food101_l40s_8q8l2f_multiseed_28641701,45,food101,301_f_lr1e4_wd0p01,301,Full fine-tune,full_finetune,all,full,full,0.0001,0.01,21,0.03053219981201411,0.9907986798679868,0.7457794238175496,0.8598019801980198,/Users/haseebshafi/Documents/GitHub/Quadratic-Neurons-vs.-ReLU-How-Much-Nonlinearity-Is-Enough/Haseeb_trials/4_test/data_4seed/food101_l40s_8q8l2f_multiseed_28641701/seed_45/301_f_lr1e4_wd0p01/food101/full_finetune/metrics.json
food101_l40s_8q8l2f_multiseed_28641701,45,food101,301_f_lr1e4_wd0p01,301,Full fine-tune,full_finetune,all,full,full,0.0001,0.01,22,0.02779185380164546,0.9915775577557756,0.7534080064957684,0.8594851485148515,/Users/haseebshafi/Documents/GitHub/Quadratic-Neurons-vs.-ReLU-How-Much-Nonlinearity-Is-Enough/Haseeb_trials/4_test/data_4seed/food101_l40s_8q8l2f_multiseed_28641701/seed_45/301_f_lr1e4_wd0p01/food101/full_finetune/metrics.json
food101_l40s_8q8l2f_multiseed_28641701,45,food101,301_f_lr1e4_wd0p01,301,Full fine-tune,full_finetune,all,full,full,0.0001,0.01,23,0.027818163998498777,0.9918547854785479,0.7249869318091043,0.8656633663366337,/Users/haseebshafi/Documents/GitHub/Quadratic-Neurons-vs.-ReLU-How-Much-Nonlinearity-Is-Enough/Haseeb_trials/4_test/data_4seed/food101_l40s_8q8l2f_multiseed_28641701/seed_45/301_f_lr1e4_wd0p01/food101/full_finetune/metrics.json
food101_l40s_8q8l2f_multiseed_28641701,45,food101,301_f_lr1e4_wd0p01,301,Full fine-tune,full_finetune,all,full,full,0.0001,0.01,24,0.025858922389867676,0.9923168316831683,0.7586968533128204,0.8595643564356436,/Users/haseebshafi/Documents/GitHub/Quadratic-Neurons-vs.-ReLU-How-Much-Nonlinearity-Is-Enough/Haseeb_trials/4_test/data_4seed/food101_l40s_8q8l2f_multiseed_28641701/seed_45/301_f_lr1e4_wd0p01/food101/full_finetune/metrics.json
food101_l40s_8q8l2f_multiseed_28641701,45,food101,301_f_lr1e4_wd0p01,301,Full fine-tune,full_finetune,all,full,full,0.0001,0.01,25,0.028326758939932674,0.9911947194719471,0.7398444458969159,0.8616237623762376,/Users/haseebshafi/Documents/GitHub/Quadratic-Neurons-vs.-ReLU-How-Much-Nonlinearity-Is-Enough/Haseeb_trials/4_test/data_4seed/food101_l40s_8q8l2f_multiseed_28641701/seed_45/301_f_lr1e4_wd0p01/food101/full_finetune/metrics.json
food101_l40s_8q8l2f_multiseed_28641701,45,food101,302_f_lr3e5_wd0p05,302,Full fine-tune,full_finetune,all,full,full,3e-05,0.05,1,2.7325965040225793,0.47115511551155115,1.280599068769134,0.7403960396039604,/Users/haseebshafi/Documents/GitHub/Quadratic-Neurons-vs.-ReLU-How-Much-Nonlinearity-Is-Enough/Haseeb_trials/4_test/data_4seed/food101_l40s_8q8l2f_multiseed_28641701/seed_45/302_f_lr3e5_wd0p05/food101/full_finetune/metrics.json
food101_l40s_8q8l2f_multiseed_28641701,45,food101,302_f_lr3e5_wd0p05,302,Full fine-tune,full_finetune,all,full,full,3e-05,0.05,2,1.2388387699284569,0.7323432343234323,0.7836608340574963,0.8078019801980199,/Users/haseebshafi/Documents/GitHub/Quadratic-Neurons-vs.-ReLU-How-Much-Nonlinearity-Is-Enough/Haseeb_trials/4_test/data_4seed/food101_l40s_8q8l2f_multiseed_28641701/seed_45/302_f_lr3e5_wd0p05/food101/full_finetune/metrics.json
food101_l40s_8q8l2f_multiseed_28641701,45,food101,302_f_lr3e5_wd0p05,302,Full fine-tune,full_finetune,all,full,full,3e-05,0.05,3,0.851081491717411,0.8015577557755775,0.6146771812096681,0.8385346534653465,/Users/haseebshafi/Documents/GitHub/Quadratic-Neurons-vs.-ReLU-How-Much-Nonlinearity-Is-Enough/Haseeb_trials/4_test/data_4seed/food101_l40s_8q8l2f_multiseed_28641701/seed_45/302_f_lr3e5_wd0p05/food101/full_finetune/metrics.json
food101_l40s_8q8l2f_multiseed_28641701,45,food101,302_f_lr3e5_wd0p05,302,Full fine-tune,full_finetune,all,full,full,3e-05,0.05,4,0.6298190509682835,0.8507458745874588,0.5494699601690368,0.8488712871287128,/Users/haseebshafi/Documents/GitHub/Quadratic-Neurons-vs.-ReLU-How-Much-Nonlinearity-Is-Enough/Haseeb_trials/4_test/data_4seed/food101_l40s_8q8l2f_multiseed_28641701/seed_45/302_f_lr3e5_wd0p05/food101/full_finetune/metrics.json
food101_l40s_8q8l2f_multiseed_28641701,45,food101,302_f_lr3e5_wd0p05,302,Full fine-tune,full_finetune,all,full,full,3e-05,0.05,5,0.4690329789218336,0.8898613861386139,0.5209817295263309,0.8533069306930693,/Users/haseebshafi/Documents/GitHub/Quadratic-Neurons-vs.-ReLU-How-Much-Nonlinearity-Is-Enough/Haseeb_trials/4_test/data_4seed/food101_l40s_8q8l2f_multiseed_28641701/seed_45/302_f_lr3e5_wd0p05/food101/full_finetune/metrics.json
food101_l40s_8q8l2f_multiseed_28641701,45,food101,302_f_lr3e5_wd0p05,302,Full fine-tune,full_finetune,all,full,full,3e-05,0.05,6,0.3458437261479129,0.9207656765676567,0.506381645985169,0.8581386138613861,/Users/haseebshafi/Documents/GitHub/Quadratic-Neurons-vs.-ReLU-How-Much-Nonlinearity-Is-Enough/Haseeb_trials/4_test/data_4seed/food101_l40s_8q8l2f_multiseed_28641701/seed_45/302_f_lr3e5_wd0p05/food101/full_finetune/metrics.json
food101_l40s_8q8l2f_multiseed_28641701,45,food101,302_f_lr3e5_wd0p05,302,Full fine-tune,full_finetune,all,full,full,3e-05,0.05,7,0.24875227181077397,0.9451089108910891,0.5107346492746089,0.8571089108910891,/Users/haseebshafi/Documents/GitHub/Quadratic-Neurons-vs.-ReLU-How-Much-Nonlinearity-Is-Enough/Haseeb_trials/4_test/data_4seed/food101_l40s_8q8l2f_multiseed_28641701/seed_45/302_f_lr3e5_wd0p05/food101/full_finetune/metrics.json
food101_l40s_8q8l2f_multiseed_28641701,45,food101,302_f_lr3e5_wd0p05,302,Full fine-tune,full_finetune,all,full,full,3e-05,0.05,8,0.18191666269263027,0.9609108910891089,0.5297621891687412,0.8576237623762376,/Users/haseebshafi/Documents/GitHub/Quadratic-Neurons-vs.-ReLU-How-Much-Nonlinearity-Is-Enough/Haseeb_trials/4_test/data_4seed/food101_l40s_8q8l2f_multiseed_28641701/seed_45/302_f_lr3e5_wd0p05/food101/full_finetune/metrics.json
food101_l40s_8q8l2f_multiseed_28641701,45,food101,302_f_lr3e5_wd0p05,302,Full fine-tune,full_finetune,all,full,full,3e-05,0.05,9,0.13318381580326816,0.9715643564356435,0.5497881539670547,0.8562772277227723,/Users/haseebshafi/Documents/GitHub/Quadratic-Neurons-vs.-ReLU-How-Much-Nonlinearity-Is-Enough/Haseeb_trials/4_test/data_4seed/food101_l40s_8q8l2f_multiseed_28641701/seed_45/302_f_lr3e5_wd0p05/food101/full_finetune/metrics.json
food101_l40s_8q8l2f_multiseed_28641701,45,food101,302_f_lr3e5_wd0p05,302,Full fine-tune,full_finetune,all,full,full,3e-05,0.05,10,0.10190398555738304,0.9784686468646865,0.5705509031692354,0.8547326732673267,/Users/haseebshafi/Documents/GitHub/Quadratic-Neurons-vs.-ReLU-How-Much-Nonlinearity-Is-Enough/Haseeb_trials/4_test/data_4seed/food101_l40s_8q8l2f_multiseed_28641701/seed_45/302_f_lr3e5_wd0p05/food101/full_finetune/metrics.json
food101_l40s_8q8l2f_multiseed_28641701,45,food101,302_f_lr3e5_wd0p05,302,Full fine-tune,full_finetune,all,full,full,3e-05,0.05,11,0.0815890194984159,0.9825742574257426,0.5880789321224288,0.8568316831683168,/Users/haseebshafi/Documents/GitHub/Quadratic-Neurons-vs.-ReLU-How-Much-Nonlinearity-Is-Enough/Haseeb_trials/4_test/data_4seed/food101_l40s_8q8l2f_multiseed_28641701/seed_45/302_f_lr3e5_wd0p05/food101/full_finetune/metrics.json
food101_l40s_8q8l2f_multiseed_28641701,45,food101,302_f_lr3e5_wd0p05,302,Full fine-tune,full_finetune,all,full,full,3e-05,0.05,12,0.06894842893052416,0.985016501650165,0.611718092295793,0.8547722772277228,/Users/haseebshafi/Documents/GitHub/Quadratic-Neurons-vs.-ReLU-How-Much-Nonlinearity-Is-Enough/Haseeb_trials/4_test/data_4seed/food101_l40s_8q8l2f_multiseed_28641701/seed_45/302_f_lr3e5_wd0p05/food101/full_finetune/metrics.json
food101_l40s_8q8l2f_multiseed_28641701,45,food101,302_f_lr3e5_wd0p05,302,Full fine-tune,full_finetune,all,full,full,3e-05,0.05,13,0.05665785039848227,0.9873135313531353,0.6110505603740711,0.8572277227722772,/Users/haseebshafi/Documents/GitHub/Quadratic-Neurons-vs.-ReLU-How-Much-Nonlinearity-Is-Enough/Haseeb_trials/4_test/data_4seed/food101_l40s_8q8l2f_multiseed_28641701/seed_45/302_f_lr3e5_wd0p05/food101/full_finetune/metrics.json
food101_l40s_8q8l2f_multiseed_28641701,45,food101,302_f_lr3e5_wd0p05,302,Full fine-tune,full_finetune,all,full,full,3e-05,0.05,14,0.049907964772566316,0.9883168316831683,0.6378290521532002,0.8553267326732673,/Users/haseebshafi/Documents/GitHub/Quadratic-Neurons-vs.-ReLU-How-Much-Nonlinearity-Is-Enough/Haseeb_trials/4_test/data_4seed/food101_l40s_8q8l2f_multiseed_28641701/seed_45/302_f_lr3e5_wd0p05/food101/full_finetune/metrics.json
food101_l40s_8q8l2f_multiseed_28641701,45,food101,302_f_lr3e5_wd0p05,302,Full fine-tune,full_finetune,all,full,full,3e-05,0.05,15,0.04629493014686572,0.9889768976897689,0.6421203833641392,0.8563168316831683,/Users/haseebshafi/Documents/GitHub/Quadratic-Neurons-vs.-ReLU-How-Much-Nonlinearity-Is-Enough/Haseeb_trials/4_test/data_4seed/food101_l40s_8q8l2f_multiseed_28641701/seed_45/302_f_lr3e5_wd0p05/food101/full_finetune/metrics.json
food101_l40s_8q8l2f_multiseed_28641701,45,food101,302_f_lr3e5_wd0p05,302,Full fine-tune,full_finetune,all,full,full,3e-05,0.05,16,0.042209952739894196,0.990019801980198,0.6614500615596771,0.8568316831683168,/Users/haseebshafi/Documents/GitHub/Quadratic-Neurons-vs.-ReLU-How-Much-Nonlinearity-Is-Enough/Haseeb_trials/4_test/data_4seed/food101_l40s_8q8l2f_multiseed_28641701/seed_45/302_f_lr3e5_wd0p05/food101/full_finetune/metrics.json
food101_l40s_8q8l2f_multiseed_28641701,45,food101,302_f_lr3e5_wd0p05,302,Full fine-tune,full_finetune,all,full,full,3e-05,0.05,17,0.03783589572186517,0.9909174917491749,0.6716353520131347,0.8586930693069307,/Users/haseebshafi/Documents/GitHub/Quadratic-Neurons-vs.-ReLU-How-Much-Nonlinearity-Is-Enough/Haseeb_trials/4_test/data_4seed/food101_l40s_8q8l2f_multiseed_28641701/seed_45/302_f_lr3e5_wd0p05/food101/full_finetune/metrics.json
food101_l40s_8q8l2f_multiseed_28641701,45,food101,302_f_lr3e5_wd0p05,302,Full fine-tune,full_finetune,all,full,full,3e-05,0.05,18,0.03503028305278163,0.9912739273927392,0.6780405407093539,0.8588514851485148,/Users/haseebshafi/Documents/GitHub/Quadratic-Neurons-vs.-ReLU-How-Much-Nonlinearity-Is-Enough/Haseeb_trials/4_test/data_4seed/food101_l40s_8q8l2f_multiseed_28641701/seed_45/302_f_lr3e5_wd0p05/food101/full_finetune/metrics.json
food101_l40s_8q8l2f_multiseed_28641701,45,food101,302_f_lr3e5_wd0p05,302,Full fine-tune,full_finetune,all,full,full,3e-05,0.05,19,0.03482847925432936,0.9913399339933994,0.6809563318998507,0.8567128712871287,/Users/haseebshafi/Documents/GitHub/Quadratic-Neurons-vs.-ReLU-How-Much-Nonlinearity-Is-Enough/Haseeb_trials/4_test/data_4seed/food101_l40s_8q8l2f_multiseed_28641701/seed_45/302_f_lr3e5_wd0p05/food101/full_finetune/metrics.json
food101_l40s_8q8l2f_multiseed_28641701,45,food101,302_f_lr3e5_wd0p05,302,Full fine-tune,full_finetune,all,full,full,3e-05,0.05,20,0.030650590552699447,0.9923960396039604,0.6830118349046991,0.8589306930693069,/Users/haseebshafi/Documents/GitHub/Quadratic-Neurons-vs.-ReLU-How-Much-Nonlinearity-Is-Enough/Haseeb_trials/4_test/data_4seed/food101_l40s_8q8l2f_multiseed_28641701/seed_45/302_f_lr3e5_wd0p05/food101/full_finetune/metrics.json
food101_l40s_8q8l2f_multiseed_28641701,45,food101,302_f_lr3e5_wd0p05,302,Full fine-tune,full_finetune,all,full,full,3e-05,0.05,21,0.02877428969298259,0.9928712871287129,0.7191918130723557,0.8535445544554455,/Users/haseebshafi/Documents/GitHub/Quadratic-Neurons-vs.-ReLU-How-Much-Nonlinearity-Is-Enough/Haseeb_trials/4_test/data_4seed/food101_l40s_8q8l2f_multiseed_28641701/seed_45/302_f_lr3e5_wd0p05/food101/full_finetune/metrics.json
food101_l40s_8q8l2f_multiseed_28641701,45,food101,302_f_lr3e5_wd0p05,302,Full fine-tune,full_finetune,all,full,full,3e-05,0.05,22,0.026964959860929956,0.9933201320132014,0.7264281175136567,0.8572277227722772,/Users/haseebshafi/Documents/GitHub/Quadratic-Neurons-vs.-ReLU-How-Much-Nonlinearity-Is-Enough/Haseeb_trials/4_test/data_4seed/food101_l40s_8q8l2f_multiseed_28641701/seed_45/302_f_lr3e5_wd0p05/food101/full_finetune/metrics.json
food101_l40s_8q8l2f_multiseed_28641701,45,food101,302_f_lr3e5_wd0p05,302,Full fine-tune,full_finetune,all,full,full,3e-05,0.05,23,0.025357650360332266,0.9933597359735974,0.714206862152213,0.8598811881188119,/Users/haseebshafi/Documents/GitHub/Quadratic-Neurons-vs.-ReLU-How-Much-Nonlinearity-Is-Enough/Haseeb_trials/4_test/data_4seed/food101_l40s_8q8l2f_multiseed_28641701/seed_45/302_f_lr3e5_wd0p05/food101/full_finetune/metrics.json
food101_l40s_8q8l2f_multiseed_28641701,45,food101,302_f_lr3e5_wd0p05,302,Full fine-tune,full_finetune,all,full,full,3e-05,0.05,24,0.023358683752934924,0.9942310231023103,0.7220432226306731,0.8581782178217822,/Users/haseebshafi/Documents/GitHub/Quadratic-Neurons-vs.-ReLU-How-Much-Nonlinearity-Is-Enough/Haseeb_trials/4_test/data_4seed/food101_l40s_8q8l2f_multiseed_28641701/seed_45/302_f_lr3e5_wd0p05/food101/full_finetune/metrics.json
food101_l40s_8q8l2f_multiseed_28641701,45,food101,302_f_lr3e5_wd0p05,302,Full fine-tune,full_finetune,all,full,full,3e-05,0.05,25,0.02443806506907291,0.9933729372937293,0.723886709788058,0.8624554455445544,/Users/haseebshafi/Documents/GitHub/Quadratic-Neurons-vs.-ReLU-How-Much-Nonlinearity-Is-Enough/Haseeb_trials/4_test/data_4seed/food101_l40s_8q8l2f_multiseed_28641701/seed_45/302_f_lr3e5_wd0p05/food101/full_finetune/metrics.json
food101_l40s_8q8l2f_multiseed_28641697,100,food101,000_lin_lr1e3_wd0p05,000,Linear frozen-head baseline,linear_base,none,none,head_only,0.001,0.05,1,1.8121588357037837,0.5872211221122112,1.0539265186479776,0.728,/Users/haseebshafi/Documents/GitHub/Quadratic-Neurons-vs.-ReLU-How-Much-Nonlinearity-Is-Enough/Haseeb_trials/4_test/data_4seed/food101_l40s_8q8l2f_multiseed_28641697/seed_100/000_lin_lr1e3_wd0p05/food101/linear_base/metrics.json
food101_l40s_8q8l2f_multiseed_28641697,100,food101,000_lin_lr1e3_wd0p05,000,Linear frozen-head baseline,linear_base,none,none,head_only,0.001,0.05,2,1.1944904619317638,0.6961452145214522,0.9149287494456414,0.7547722772277228,/Users/haseebshafi/Documents/GitHub/Quadratic-Neurons-vs.-ReLU-How-Much-Nonlinearity-Is-Enough/Haseeb_trials/4_test/data_4seed/food101_l40s_8q8l2f_multiseed_28641697/seed_100/000_lin_lr1e3_wd0p05/food101/linear_base/metrics.json
food101_l40s_8q8l2f_multiseed_28641697,100,food101,000_lin_lr1e3_wd0p05,000,Linear frozen-head baseline,linear_base,none,none,head_only,0.001,0.05,3,1.072908763183619,0.7230891089108911,0.8599692293606183,0.7685940594059406,/Users/haseebshafi/Documents/GitHub/Quadratic-Neurons-vs.-ReLU-How-Much-Nonlinearity-Is-Enough/Haseeb_trials/4_test/data_4seed/food101_l40s_8q8l2f_multiseed_28641697/seed_100/000_lin_lr1e3_wd0p05/food101/linear_base/metrics.json
food101_l40s_8q8l2f_multiseed_28641697,100,food101,000_lin_lr1e3_wd0p05,000,Linear frozen-head baseline,linear_base,none,none,head_only,0.001,0.05,4,1.0044901561941644,0.7392079207920792,0.8294057234891571,0.7756039603960396,/Users/haseebshafi/Documents/GitHub/Quadratic-Neurons-vs.-ReLU-How-Much-Nonlinearity-Is-Enough/Haseeb_trials/4_test/data_4seed/food101_l40s_8q8l2f_multiseed_28641697/seed_100/000_lin_lr1e3_wd0p05/food101/linear_base/metrics.json
food101_l40s_8q8l2f_multiseed_28641697,100,food101,000_lin_lr1e3_wd0p05,000,Linear frozen-head baseline,linear_base,none,none,head_only,0.001,0.05,5,0.9569167579345578,0.7493201320132014,0.8112133733069543,0.7775445544554456,/Users/haseebshafi/Documents/GitHub/Quadratic-Neurons-vs.-ReLU-How-Much-Nonlinearity-Is-Enough/Haseeb_trials/4_test/data_4seed/food101_l40s_8q8l2f_multiseed_28641697/seed_100/000_lin_lr1e3_wd0p05/food101/linear_base/metrics.json
food101_l40s_8q8l2f_multiseed_28641697,100,food101,000_lin_lr1e3_wd0p05,000,Linear frozen-head baseline,linear_base,none,none,head_only,0.001,0.05,6,0.9251513945623593,0.7572409240924093,0.7985966457399991,0.7805940594059406,/Users/haseebshafi/Documents/GitHub/Quadratic-Neurons-vs.-ReLU-How-Much-Nonlinearity-Is-Enough/Haseeb_trials/4_test/data_4seed/food101_l40s_8q8l2f_multiseed_28641697/seed_100/000_lin_lr1e3_wd0p05/food101/linear_base/metrics.json
food101_l40s_8q8l2f_multiseed_28641697,100,food101,000_lin_lr1e3_wd0p05,000,Linear frozen-head baseline,linear_base,none,none,head_only,0.001,0.05,7,0.8969484295498813,0.7657557755775578,0.7936174216600927,0.7798019801980198,/Users/haseebshafi/Documents/GitHub/Quadratic-Neurons-vs.-ReLU-How-Much-Nonlinearity-Is-Enough/Haseeb_trials/4_test/data_4seed/food101_l40s_8q8l2f_multiseed_28641697/seed_100/000_lin_lr1e3_wd0p05/food101/linear_base/metrics.json
food101_l40s_8q8l2f_multiseed_28641697,100,food101,000_lin_lr1e3_wd0p05,000,Linear frozen-head baseline,linear_base,none,none,head_only,0.001,0.05,8,0.8773193227103835,0.7695709570957096,0.7846219416325635,0.7824554455445545,/Users/haseebshafi/Documents/GitHub/Quadratic-Neurons-vs.-ReLU-How-Much-Nonlinearity-Is-Enough/Haseeb_trials/4_test/data_4seed/food101_l40s_8q8l2f_multiseed_28641697/seed_100/000_lin_lr1e3_wd0p05/food101/linear_base/metrics.json
food101_l40s_8q8l2f_multiseed_28641697,100,food101,000_lin_lr1e3_wd0p05,000,Linear frozen-head baseline,linear_base,none,none,head_only,0.001,0.05,9,0.8577232238310005,0.7741782178217822,0.7808541624970955,0.7817821782178218,/Users/haseebshafi/Documents/GitHub/Quadratic-Neurons-vs.-ReLU-How-Much-Nonlinearity-Is-Enough/Haseeb_trials/4_test/data_4seed/food101_l40s_8q8l2f_multiseed_28641697/seed_100/000_lin_lr1e3_wd0p05/food101/linear_base/metrics.json
food101_l40s_8q8l2f_multiseed_28641697,100,food101,000_lin_lr1e3_wd0p05,000,Linear frozen-head baseline,linear_base,none,none,head_only,0.001,0.05,10,0.8451166640649928,0.7754191419141914,0.7808355575976985,0.7841980198019802,/Users/haseebshafi/Documents/GitHub/Quadratic-Neurons-vs.-ReLU-How-Much-Nonlinearity-Is-Enough/Haseeb_trials/4_test/data_4seed/food101_l40s_8q8l2f_multiseed_28641697/seed_100/000_lin_lr1e3_wd0p05/food101/linear_base/metrics.json
food101_l40s_8q8l2f_multiseed_28641697,100,food101,000_lin_lr1e3_wd0p05,000,Linear frozen-head baseline,linear_base,none,none,head_only,0.001,0.05,11,0.831044808035243,0.7789174917491749,0.7736654083209463,0.7858217821782179,/Users/haseebshafi/Documents/GitHub/Quadratic-Neurons-vs.-ReLU-How-Much-Nonlinearity-Is-Enough/Haseeb_trials/4_test/data_4seed/food101_l40s_8q8l2f_multiseed_28641697/seed_100/000_lin_lr1e3_wd0p05/food101/linear_base/metrics.json
food101_l40s_8q8l2f_multiseed_28641697,100,food101,000_lin_lr1e3_wd0p05,000,Linear frozen-head baseline,linear_base,none,none,head_only,0.001,0.05,12,0.8205140484536049,0.7819009900990099,0.7697927187693001,0.7847920792079208,/Users/haseebshafi/Documents/GitHub/Quadratic-Neurons-vs.-ReLU-How-Much-Nonlinearity-Is-Enough/Haseeb_trials/4_test/data_4seed/food101_l40s_8q8l2f_multiseed_28641697/seed_100/000_lin_lr1e3_wd0p05/food101/linear_base/metrics.json
food101_l40s_8q8l2f_multiseed_28641697,100,food101,000_lin_lr1e3_wd0p05,000,Linear frozen-head baseline,linear_base,none,none,head_only,0.001,0.05,13,0.8125716982690414,0.7839735973597359,0.7736264025598469,0.7846732673267327,/Users/haseebshafi/Documents/GitHub/Quadratic-Neurons-vs.-ReLU-How-Much-Nonlinearity-Is-Enough/Haseeb_trials/4_test/data_4seed/food101_l40s_8q8l2f_multiseed_28641697/seed_100/000_lin_lr1e3_wd0p05/food101/linear_base/metrics.json
food101_l40s_8q8l2f_multiseed_28641697,100,food101,000_lin_lr1e3_wd0p05,000,Linear frozen-head baseline,linear_base,none,none,head_only,0.001,0.05,14,0.802115785513774,0.7855445544554456,0.7698858485623161,0.7858613861386139,/Users/haseebshafi/Documents/GitHub/Quadratic-Neurons-vs.-ReLU-How-Much-Nonlinearity-Is-Enough/Haseeb_trials/4_test/data_4seed/food101_l40s_8q8l2f_multiseed_28641697/seed_100/000_lin_lr1e3_wd0p05/food101/linear_base/metrics.json
food101_l40s_8q8l2f_multiseed_28641697,100,food101,000_lin_lr1e3_wd0p05,000,Linear frozen-head baseline,linear_base,none,none,head_only,0.001,0.05,15,0.7974118260172728,0.7877359735973597,0.7747107789728901,0.7834059405940594,/Users/haseebshafi/Documents/GitHub/Quadratic-Neurons-vs.-ReLU-How-Much-Nonlinearity-Is-Enough/Haseeb_trials/4_test/data_4seed/food101_l40s_8q8l2f_multiseed_28641697/seed_100/000_lin_lr1e3_wd0p05/food101/linear_base/metrics.json
food101_l40s_8q8l2f_multiseed_28641697,100,food101,000_lin_lr1e3_wd0p05,000,Linear frozen-head baseline,linear_base,none,none,head_only,0.001,0.05,16,0.7892907284997871,0.7891617161716171,0.7701187965822692,0.7874455445544555,/Users/haseebshafi/Documents/GitHub/Quadratic-Neurons-vs.-ReLU-How-Much-Nonlinearity-Is-Enough/Haseeb_trials/4_test/data_4seed/food101_l40s_8q8l2f_multiseed_28641697/seed_100/000_lin_lr1e3_wd0p05/food101/linear_base/metrics.json
food101_l40s_8q8l2f_multiseed_28641697,100,food101,000_lin_lr1e3_wd0p05,000,Linear frozen-head baseline,linear_base,none,none,head_only,0.001,0.05,17,0.7803138846564214,0.7925676567656765,0.767843198596841,0.7863366336633664,/Users/haseebshafi/Documents/GitHub/Quadratic-Neurons-vs.-ReLU-How-Much-Nonlinearity-Is-Enough/Haseeb_trials/4_test/data_4seed/food101_l40s_8q8l2f_multiseed_28641697/seed_100/000_lin_lr1e3_wd0p05/food101/linear_base/metrics.json
food101_l40s_8q8l2f_multiseed_28641697,100,food101,000_lin_lr1e3_wd0p05,000,Linear frozen-head baseline,linear_base,none,none,head_only,0.001,0.05,18,0.7779592120151708,0.7933333333333333,0.7664257787430641,0.7852277227722773,/Users/haseebshafi/Documents/GitHub/Quadratic-Neurons-vs.-ReLU-How-Much-Nonlinearity-Is-Enough/Haseeb_trials/4_test/data_4seed/food101_l40s_8q8l2f_multiseed_28641697/seed_100/000_lin_lr1e3_wd0p05/food101/linear_base/metrics.json
food101_l40s_8q8l2f_multiseed_28641697,100,food101,000_lin_lr1e3_wd0p05,000,Linear frozen-head baseline,linear_base,none,none,head_only,0.001,0.05,19,0.7725044443898469,0.7934917491749175,0.7655356255333022,0.7880792079207921,/Users/haseebshafi/Documents/GitHub/Quadratic-Neurons-vs.-ReLU-How-Much-Nonlinearity-Is-Enough/Haseeb_trials/4_test/data_4seed/food101_l40s_8q8l2f_multiseed_28641697/seed_100/000_lin_lr1e3_wd0p05/food101/linear_base/metrics.json
food101_l40s_8q8l2f_multiseed_28641697,100,food101,000_lin_lr1e3_wd0p05,000,Linear frozen-head baseline,linear_base,none,none,head_only,0.001,0.05,20,0.7687643874895455,0.7952475247524753,0.7659517332162007,0.7864158415841584,/Users/haseebshafi/Documents/GitHub/Quadratic-Neurons-vs.-ReLU-How-Much-Nonlinearity-Is-Enough/Haseeb_trials/4_test/data_4seed/food101_l40s_8q8l2f_multiseed_28641697/seed_100/000_lin_lr1e3_wd0p05/food101/linear_base/metrics.json
food101_l40s_8q8l2f_multiseed_28641697,100,food101,000_lin_lr1e3_wd0p05,000,Linear frozen-head baseline,linear_base,none,none,head_only,0.001,0.05,21,0.7626341253633153,0.796013201320132,0.7727205980886327,0.7832079207920792,/Users/haseebshafi/Documents/GitHub/Quadratic-Neurons-vs.-ReLU-How-Much-Nonlinearity-Is-Enough/Haseeb_trials/4_test/data_4seed/food101_l40s_8q8l2f_multiseed_28641697/seed_100/000_lin_lr1e3_wd0p05/food101/linear_base/metrics.json
food101_l40s_8q8l2f_multiseed_28641697,100,food101,000_lin_lr1e3_wd0p05,000,Linear frozen-head baseline,linear_base,none,none,head_only,0.001,0.05,22,0.7591881941852003,0.7960792079207921,0.7665483553622029,0.7866138613861386,/Users/haseebshafi/Documents/GitHub/Quadratic-Neurons-vs.-ReLU-How-Much-Nonlinearity-Is-Enough/Haseeb_trials/4_test/data_4seed/food101_l40s_8q8l2f_multiseed_28641697/seed_100/000_lin_lr1e3_wd0p05/food101/linear_base/metrics.json
food101_l40s_8q8l2f_multiseed_28641697,100,food101,000_lin_lr1e3_wd0p05,000,Linear frozen-head baseline,linear_base,none,none,head_only,0.001,0.05,23,0.7568669353019286,0.7979273927392739,0.7691721626413931,0.7857029702970297,/Users/haseebshafi/Documents/GitHub/Quadratic-Neurons-vs.-ReLU-How-Much-Nonlinearity-Is-Enough/Haseeb_trials/4_test/data_4seed/food101_l40s_8q8l2f_multiseed_28641697/seed_100/000_lin_lr1e3_wd0p05/food101/linear_base/metrics.json
food101_l40s_8q8l2f_multiseed_28641697,100,food101,000_lin_lr1e3_wd0p05,000,Linear frozen-head baseline,linear_base,none,none,head_only,0.001,0.05,24,0.751209417835714,0.7992343234323432,0.7650997177869967,0.7874455445544555,/Users/haseebshafi/Documents/GitHub/Quadratic-Neurons-vs.-ReLU-How-Much-Nonlinearity-Is-Enough/Haseeb_trials/4_test/data_4seed/food101_l40s_8q8l2f_multiseed_28641697/seed_100/000_lin_lr1e3_wd0p05/food101/linear_base/metrics.json
food101_l40s_8q8l2f_multiseed_28641697,100,food101,000_lin_lr1e3_wd0p05,000,Linear frozen-head baseline,linear_base,none,none,head_only,0.001,0.05,25,0.7512787771571194,0.798006600660066,0.7697812766533086,0.7826534653465347,/Users/haseebshafi/Documents/GitHub/Quadratic-Neurons-vs.-ReLU-How-Much-Nonlinearity-Is-Enough/Haseeb_trials/4_test/data_4seed/food101_l40s_8q8l2f_multiseed_28641697/seed_100/000_lin_lr1e3_wd0p05/food101/linear_base/metrics.json
food101_l40s_8q8l2f_multiseed_28641697,100,food101,000_lin_lr1e3_wd0p05,000,Linear frozen-head baseline,linear_base,none,none,head_only,0.001,0.05,26,0.7510269453832419,0.7987590759075908,0.7730323733551667,0.7840792079207921,/Users/haseebshafi/Documents/GitHub/Quadratic-Neurons-vs.-ReLU-How-Much-Nonlinearity-Is-Enough/Haseeb_trials/4_test/data_4seed/food101_l40s_8q8l2f_multiseed_28641697/seed_100/000_lin_lr1e3_wd0p05/food101/linear_base/metrics.json
food101_l40s_8q8l2f_multiseed_28641697,100,food101,000_lin_lr1e3_wd0p05,000,Linear frozen-head baseline,linear_base,none,none,head_only,0.001,0.05,27,0.7407796482992645,0.8011485148514852,0.768732331736253,0.7861782178217822,/Users/haseebshafi/Documents/GitHub/Quadratic-Neurons-vs.-ReLU-How-Much-Nonlinearity-Is-Enough/Haseeb_trials/4_test/data_4seed/food101_l40s_8q8l2f_multiseed_28641697/seed_100/000_lin_lr1e3_wd0p05/food101/linear_base/metrics.json
food101_l40s_8q8l2f_multiseed_28641697,100,food101,000_lin_lr1e3_wd0p05,000,Linear frozen-head baseline,linear_base,none,none,head_only,0.001,0.05,28,0.7418657259280139,0.8007656765676567,0.7665015720589327,0.7857821782178218,/Users/haseebshafi/Documents/GitHub/Quadratic-Neurons-vs.-ReLU-How-Much-Nonlinearity-Is-Enough/Haseeb_trials/4_test/data_4seed/food101_l40s_8q8l2f_multiseed_28641697/seed_100/000_lin_lr1e3_wd0p05/food101/linear_base/metrics.json
food101_l40s_8q8l2f_multiseed_28641697,100,food101,000_lin_lr1e3_wd0p05,000,Linear frozen-head baseline,linear_base,none,none,head_only,0.001,0.05,29,0.7405477074994505,0.8011089108910892,0.768621080143617,0.7837623762376238,/Users/haseebshafi/Documents/GitHub/Quadratic-Neurons-vs.-ReLU-How-Much-Nonlinearity-Is-Enough/Haseeb_trials/4_test/data_4seed/food101_l40s_8q8l2f_multiseed_28641697/seed_100/000_lin_lr1e3_wd0p05/food101/linear_base/metrics.json
food101_l40s_8q8l2f_multiseed_28641697,100,food101,000_lin_lr1e3_wd0p05,000,Linear frozen-head baseline,linear_base,none,none,head_only,0.001,0.05,30,0.7368906231178309,0.8021518151815181,0.7706184950889927,0.7862178217821782,/Users/haseebshafi/Documents/GitHub/Quadratic-Neurons-vs.-ReLU-How-Much-Nonlinearity-Is-Enough/Haseeb_trials/4_test/data_4seed/food101_l40s_8q8l2f_multiseed_28641697/seed_100/000_lin_lr1e3_wd0p05/food101/linear_base/metrics.json
food101_l40s_8q8l2f_multiseed_28641697,100,food101,101_q_ls_r1_h0_lr1em3_wd0p0,101,Quadratic depthwise adapter,quad_dw,last_stage,1,no,0.001,0.0,1,0.67760799820431,0.8155247524752475,0.7533540042650582,0.7926336633663367,/Users/haseebshafi/Documents/GitHub/Quadratic-Neurons-vs.-ReLU-How-Much-Nonlinearity-Is-Enough/Haseeb_trials/4_test/data_4seed/food101_l40s_8q8l2f_multiseed_28641697/seed_100/101_q_ls_r1_h0_lr1em3_wd0p0/food101/quad_dw/last_stage_rank_1/metrics.json
food101_l40s_8q8l2f_multiseed_28641697,100,food101,101_q_ls_r1_h0_lr1em3_wd0p0,101,Quadratic depthwise adapter,quad_dw,last_stage,1,no,0.001,0.0,2,0.651988232420616,0.8205016501650165,0.7530387162099971,0.7918415841584159,/Users/haseebshafi/Documents/GitHub/Quadratic-Neurons-vs.-ReLU-How-Much-Nonlinearity-Is-Enough/Haseeb_trials/4_test/data_4seed/food101_l40s_8q8l2f_multiseed_28641697/seed_100/101_q_ls_r1_h0_lr1em3_wd0p0/food101/quad_dw/last_stage_rank_1/metrics.json
food101_l40s_8q8l2f_multiseed_28641697,100,food101,101_q_ls_r1_h0_lr1em3_wd0p0,101,Quadratic depthwise adapter,quad_dw,last_stage,1,no,0.001,0.0,3,0.6350974198143081,0.8254917491749175,0.7563551045054256,0.7907722772277228,/Users/haseebshafi/Documents/GitHub/Quadratic-Neurons-vs.-ReLU-How-Much-Nonlinearity-Is-Enough/Haseeb_trials/4_test/data_4seed/food101_l40s_8q8l2f_multiseed_28641697/seed_100/101_q_ls_r1_h0_lr1em3_wd0p0/food101/quad_dw/last_stage_rank_1/metrics.json
food101_l40s_8q8l2f_multiseed_28641697,100,food101,101_q_ls_r1_h0_lr1em3_wd0p0,101,Quadratic depthwise adapter,quad_dw,last_stage,1,no,0.001,0.0,4,0.6136560754988453,0.8317227722772277,0.75833849408839,0.7895049504950495,/Users/haseebshafi/Documents/GitHub/Quadratic-Neurons-vs.-ReLU-How-Much-Nonlinearity-Is-Enough/Haseeb_trials/4_test/data_4seed/food101_l40s_8q8l2f_multiseed_28641697/seed_100/101_q_ls_r1_h0_lr1em3_wd0p0/food101/quad_dw/last_stage_rank_1/metrics.json
food101_l40s_8q8l2f_multiseed_28641697,100,food101,101_q_ls_r1_h0_lr1em3_wd0p0,101,Quadratic depthwise adapter,quad_dw,last_stage,1,no,0.001,0.0,5,0.59352808056098,0.8362508250825083,0.7615492285218569,0.7902970297029703,/Users/haseebshafi/Documents/GitHub/Quadratic-Neurons-vs.-ReLU-How-Much-Nonlinearity-Is-Enough/Haseeb_trials/4_test/data_4seed/food101_l40s_8q8l2f_multiseed_28641697/seed_100/101_q_ls_r1_h0_lr1em3_wd0p0/food101/quad_dw/last_stage_rank_1/metrics.json
food101_l40s_8q8l2f_multiseed_28641697,100,food101,101_q_ls_r1_h0_lr1em3_wd0p0,101,Quadratic depthwise adapter,quad_dw,last_stage,1,no,0.001,0.0,6,0.5722996957734866,0.842983498349835,0.7661453140891424,0.789980198019802,/Users/haseebshafi/Documents/GitHub/Quadratic-Neurons-vs.-ReLU-How-Much-Nonlinearity-Is-Enough/Haseeb_trials/4_test/data_4seed/food101_l40s_8q8l2f_multiseed_28641697/seed_100/101_q_ls_r1_h0_lr1em3_wd0p0/food101/quad_dw/last_stage_rank_1/metrics.json
food101_l40s_8q8l2f_multiseed_28641697,100,food101,101_q_ls_r1_h0_lr1em3_wd0p0,101,Quadratic depthwise adapter,quad_dw,last_stage,1,no,0.001,0.0,7,0.5565980248404021,0.848,0.7688697888851166,0.788950495049505,/Users/haseebshafi/Documents/GitHub/Quadratic-Neurons-vs.-ReLU-How-Much-Nonlinearity-Is-Enough/Haseeb_trials/4_test/data_4seed/food101_l40s_8q8l2f_multiseed_28641697/seed_100/101_q_ls_r1_h0_lr1em3_wd0p0/food101/quad_dw/last_stage_rank_1/metrics.json
food101_l40s_8q8l2f_multiseed_28641697,100,food101,101_q_ls_r1_h0_lr1em3_wd0p0,101,Quadratic depthwise adapter,quad_dw,last_stage,1,no,0.001,0.0,8,0.5364618414557807,0.854059405940594,0.7734422704394501,0.7883168316831684,/Users/haseebshafi/Documents/GitHub/Quadratic-Neurons-vs.-ReLU-How-Much-Nonlinearity-Is-Enough/Haseeb_trials/4_test/data_4seed/food101_l40s_8q8l2f_multiseed_28641697/seed_100/101_q_ls_r1_h0_lr1em3_wd0p0/food101/quad_dw/last_stage_rank_1/metrics.json
food101_l40s_8q8l2f_multiseed_28641697,100,food101,101_q_ls_r1_h0_lr1em3_wd0p0,101,Quadratic depthwise adapter,quad_dw,last_stage,1,no,0.001,0.0,9,0.5226192978947076,0.8585346534653465,0.7755780561890933,0.7874455445544555,/Users/haseebshafi/Documents/GitHub/Quadratic-Neurons-vs.-ReLU-How-Much-Nonlinearity-Is-Enough/Haseeb_trials/4_test/data_4seed/food101_l40s_8q8l2f_multiseed_28641697/seed_100/101_q_ls_r1_h0_lr1em3_wd0p0/food101/quad_dw/last_stage_rank_1/metrics.json
food101_l40s_8q8l2f_multiseed_28641697,100,food101,101_q_ls_r1_h0_lr1em3_wd0p0,101,Quadratic depthwise adapter,quad_dw,last_stage,1,no,0.001,0.0,10,0.5016567356932675,0.8651485148514851,0.7797339530345236,0.787960396039604,/Users/haseebshafi/Documents/GitHub/Quadratic-Neurons-vs.-ReLU-How-Much-Nonlinearity-Is-Enough/Haseeb_trials/4_test/data_4seed/food101_l40s_8q8l2f_multiseed_28641697/seed_100/101_q_ls_r1_h0_lr1em3_wd0p0/food101/quad_dw/last_stage_rank_1/metrics.json
food101_l40s_8q8l2f_multiseed_28641697,100,food101,101_q_ls_r1_h0_lr1em3_wd0p0,101,Quadratic depthwise adapter,quad_dw,last_stage,1,no,0.001,0.0,11,0.4895290002319286,0.8676039603960396,0.7817021297771152,0.7870891089108911,/Users/haseebshafi/Documents/GitHub/Quadratic-Neurons-vs.-ReLU-How-Much-Nonlinearity-Is-Enough/Haseeb_trials/4_test/data_4seed/food101_l40s_8q8l2f_multiseed_28641697/seed_100/101_q_ls_r1_h0_lr1em3_wd0p0/food101/quad_dw/last_stage_rank_1/metrics.json
food101_l40s_8q8l2f_multiseed_28641697,100,food101,101_q_ls_r1_h0_lr1em3_wd0p0,101,Quadratic depthwise adapter,quad_dw,last_stage,1,no,0.001,0.0,12,0.48225594456675813,0.87193399339934,0.788157609299858,0.7857821782178218,/Users/haseebshafi/Documents/GitHub/Quadratic-Neurons-vs.-ReLU-How-Much-Nonlinearity-Is-Enough/Haseeb_trials/4_test/data_4seed/food101_l40s_8q8l2f_multiseed_28641697/seed_100/101_q_ls_r1_h0_lr1em3_wd0p0/food101/quad_dw/last_stage_rank_1/metrics.json
food101_l40s_8q8l2f_multiseed_28641697,100,food101,102_q_ls_r2_h0_lr1em3_wd0p0,102,Quadratic depthwise adapter,quad_dw,last_stage,2,no,0.001,0.0,1,0.6779293503588182,0.815009900990099,0.7567584603965872,0.7908118811881188,/Users/haseebshafi/Documents/GitHub/Quadratic-Neurons-vs.-ReLU-How-Much-Nonlinearity-Is-Enough/Haseeb_trials/4_test/data_4seed/food101_l40s_8q8l2f_multiseed_28641697/seed_100/102_q_ls_r2_h0_lr1em3_wd0p0/food101/quad_dw/last_stage_rank_2/metrics.json
food101_l40s_8q8l2f_multiseed_28641697,100,food101,102_q_ls_r2_h0_lr1em3_wd0p0,102,Quadratic depthwise adapter,quad_dw,last_stage,2,no,0.001,0.0,2,0.6514995246799079,0.8210957095709571,0.753107867823969,0.7930297029702971,/Users/haseebshafi/Documents/GitHub/Quadratic-Neurons-vs.-ReLU-How-Much-Nonlinearity-Is-Enough/Haseeb_trials/4_test/data_4seed/food101_l40s_8q8l2f_multiseed_28641697/seed_100/102_q_ls_r2_h0_lr1em3_wd0p0/food101/quad_dw/last_stage_rank_2/metrics.json
food101_l40s_8q8l2f_multiseed_28641697,100,food101,102_q_ls_r2_h0_lr1em3_wd0p0,102,Quadratic depthwise adapter,quad_dw,last_stage,2,no,0.001,0.0,3,0.6330309467803527,0.8266930693069307,0.7565829412299808,0.7922772277227723,/Users/haseebshafi/Documents/GitHub/Quadratic-Neurons-vs.-ReLU-How-Much-Nonlinearity-Is-Enough/Haseeb_trials/4_test/data_4seed/food101_l40s_8q8l2f_multiseed_28641697/seed_100/102_q_ls_r2_h0_lr1em3_wd0p0/food101/quad_dw/last_stage_rank_2/metrics.json
food101_l40s_8q8l2f_multiseed_28641697,100,food101,102_q_ls_r2_h0_lr1em3_wd0p0,102,Quadratic depthwise adapter,quad_dw,last_stage,2,no,0.001,0.0,4,0.6078864658689341,0.8334125412541254,0.7595459734354869,0.7925940594059406,/Users/haseebshafi/Documents/GitHub/Quadratic-Neurons-vs.-ReLU-How-Much-Nonlinearity-Is-Enough/Haseeb_trials/4_test/data_4seed/food101_l40s_8q8l2f_multiseed_28641697/seed_100/102_q_ls_r2_h0_lr1em3_wd0p0/food101/quad_dw/last_stage_rank_2/metrics.json
food101_l40s_8q8l2f_multiseed_28641697,100,food101,102_q_ls_r2_h0_lr1em3_wd0p0,102,Quadratic depthwise adapter,quad_dw,last_stage,2,no,0.001,0.0,5,0.5866254318240453,0.838957095709571,0.7646675533398544,0.7911683168316832,/Users/haseebshafi/Documents/GitHub/Quadratic-Neurons-vs.-ReLU-How-Much-Nonlinearity-Is-Enough/Haseeb_trials/4_test/data_4seed/food101_l40s_8q8l2f_multiseed_28641697/seed_100/102_q_ls_r2_h0_lr1em3_wd0p0/food101/quad_dw/last_stage_rank_2/metrics.json
food101_l40s_8q8l2f_multiseed_28641697,100,food101,102_q_ls_r2_h0_lr1em3_wd0p0,102,Quadratic depthwise adapter,quad_dw,last_stage,2,no,0.001,0.0,6,0.5655184735071541,0.8461650165016502,0.765727306016601,0.7912079207920792,/Users/haseebshafi/Documents/GitHub/Quadratic-Neurons-vs.-ReLU-How-Much-Nonlinearity-Is-Enough/Haseeb_trials/4_test/data_4seed/food101_l40s_8q8l2f_multiseed_28641697/seed_100/102_q_ls_r2_h0_lr1em3_wd0p0/food101/quad_dw/last_stage_rank_2/metrics.json
food101_l40s_8q8l2f_multiseed_28641697,100,food101,102_q_ls_r2_h0_lr1em3_wd0p0,102,Quadratic depthwise adapter,quad_dw,last_stage,2,no,0.001,0.0,7,0.5422569976498192,0.8527920792079208,0.7703881044789116,0.7906138613861386,/Users/haseebshafi/Documents/GitHub/Quadratic-Neurons-vs.-ReLU-How-Much-Nonlinearity-Is-Enough/Haseeb_trials/4_test/data_4seed/food101_l40s_8q8l2f_multiseed_28641697/seed_100/102_q_ls_r2_h0_lr1em3_wd0p0/food101/quad_dw/last_stage_rank_2/metrics.json
food101_l40s_8q8l2f_multiseed_28641697,100,food101,102_q_ls_r2_h0_lr1em3_wd0p0,102,Quadratic depthwise adapter,quad_dw,last_stage,2,no,0.001,0.0,8,0.5233699221249067,0.8576369636963697,0.7744002760471684,0.7908514851485149,/Users/haseebshafi/Documents/GitHub/Quadratic-Neurons-vs.-ReLU-How-Much-Nonlinearity-Is-Enough/Haseeb_trials/4_test/data_4seed/food101_l40s_8q8l2f_multiseed_28641697/seed_100/102_q_ls_r2_h0_lr1em3_wd0p0/food101/quad_dw/last_stage_rank_2/metrics.json
food101_l40s_8q8l2f_multiseed_28641697,100,food101,102_q_ls_r2_h0_lr1em3_wd0p0,102,Quadratic depthwise adapter,quad_dw,last_stage,2,no,0.001,0.0,9,0.5061099392604513,0.8633003300330033,0.7750863710252365,0.7897029702970297,/Users/haseebshafi/Documents/GitHub/Quadratic-Neurons-vs.-ReLU-How-Much-Nonlinearity-Is-Enough/Haseeb_trials/4_test/data_4seed/food101_l40s_8q8l2f_multiseed_28641697/seed_100/102_q_ls_r2_h0_lr1em3_wd0p0/food101/quad_dw/last_stage_rank_2/metrics.json
food101_l40s_8q8l2f_multiseed_28641697,100,food101,102_q_ls_r2_h0_lr1em3_wd0p0,102,Quadratic depthwise adapter,quad_dw,last_stage,2,no,0.001,0.0,10,0.4874735840822604,0.8685940594059406,0.7858748806113064,0.7884752475247525,/Users/haseebshafi/Documents/GitHub/Quadratic-Neurons-vs.-ReLU-How-Much-Nonlinearity-Is-Enough/Haseeb_trials/4_test/data_4seed/food101_l40s_8q8l2f_multiseed_28641697/seed_100/102_q_ls_r2_h0_lr1em3_wd0p0/food101/quad_dw/last_stage_rank_2/metrics.json
food101_l40s_8q8l2f_multiseed_28641697,100,food101,102_q_ls_r2_h0_lr1em3_wd0p0,102,Quadratic depthwise adapter,quad_dw,last_stage,2,no,0.001,0.0,11,0.47613416201368025,0.8722112211221122,0.7832987335200357,0.7896237623762377,/Users/haseebshafi/Documents/GitHub/Quadratic-Neurons-vs.-ReLU-How-Much-Nonlinearity-Is-Enough/Haseeb_trials/4_test/data_4seed/food101_l40s_8q8l2f_multiseed_28641697/seed_100/102_q_ls_r2_h0_lr1em3_wd0p0/food101/quad_dw/last_stage_rank_2/metrics.json
food101_l40s_8q8l2f_multiseed_28641697,100,food101,102_q_ls_r2_h0_lr1em3_wd0p0,102,Quadratic depthwise adapter,quad_dw,last_stage,2,no,0.001,0.0,12,0.45634682004443883,0.878019801980198,0.7848328437262242,0.7891089108910891,/Users/haseebshafi/Documents/GitHub/Quadratic-Neurons-vs.-ReLU-How-Much-Nonlinearity-Is-Enough/Haseeb_trials/4_test/data_4seed/food101_l40s_8q8l2f_multiseed_28641697/seed_100/102_q_ls_r2_h0_lr1em3_wd0p0/food101/quad_dw/last_stage_rank_2/metrics.json
food101_l40s_8q8l2f_multiseed_28641697,100,food101,103_q_ls_r4_h0_lr1em3_wd0p0,103,Quadratic depthwise adapter,quad_dw,last_stage,4,no,0.001,0.0,1,0.6798019939523325,0.8135445544554455,0.7555039119649641,0.7913663366336634,/Users/haseebshafi/Documents/GitHub/Quadratic-Neurons-vs.-ReLU-How-Much-Nonlinearity-Is-Enough/Haseeb_trials/4_test/data_4seed/food101_l40s_8q8l2f_multiseed_28641697/seed_100/103_q_ls_r4_h0_lr1em3_wd0p0/food101/quad_dw/last_stage_rank_4/metrics.json
food101_l40s_8q8l2f_multiseed_28641697,100,food101,103_q_ls_r4_h0_lr1em3_wd0p0,103,Quadratic depthwise adapter,quad_dw,last_stage,4,no,0.001,0.0,2,0.6533888597472666,0.8208976897689769,0.7541674524699107,0.791960396039604,/Users/haseebshafi/Documents/GitHub/Quadratic-Neurons-vs.-ReLU-How-Much-Nonlinearity-Is-Enough/Haseeb_trials/4_test/data_4seed/food101_l40s_8q8l2f_multiseed_28641697/seed_100/103_q_ls_r4_h0_lr1em3_wd0p0/food101/quad_dw/last_stage_rank_4/metrics.json
food101_l40s_8q8l2f_multiseed_28641697,100,food101,103_q_ls_r4_h0_lr1em3_wd0p0,103,Quadratic depthwise adapter,quad_dw,last_stage,4,no,0.001,0.0,3,0.6302253979283198,0.8272079207920792,0.7554474395383702,0.7925544554455446,/Users/haseebshafi/Documents/GitHub/Quadratic-Neurons-vs.-ReLU-How-Much-Nonlinearity-Is-Enough/Haseeb_trials/4_test/data_4seed/food101_l40s_8q8l2f_multiseed_28641697/seed_100/103_q_ls_r4_h0_lr1em3_wd0p0/food101/quad_dw/last_stage_rank_4/metrics.json
food101_l40s_8q8l2f_multiseed_28641697,100,food101,103_q_ls_r4_h0_lr1em3_wd0p0,103,Quadratic depthwise adapter,quad_dw,last_stage,4,no,0.001,0.0,4,0.6082985633985437,0.8325412541254126,0.7578387223753599,0.7925940594059406,/Users/haseebshafi/Documents/GitHub/Quadratic-Neurons-vs.-ReLU-How-Much-Nonlinearity-Is-Enough/Haseeb_trials/4_test/data_4seed/food101_l40s_8q8l2f_multiseed_28641697/seed_100/103_q_ls_r4_h0_lr1em3_wd0p0/food101/quad_dw/last_stage_rank_4/metrics.json
food101_l40s_8q8l2f_multiseed_28641697,100,food101,103_q_ls_r4_h0_lr1em3_wd0p0,103,Quadratic depthwise adapter,quad_dw,last_stage,4,no,0.001,0.0,5,0.5864181523858124,0.8392607260726073,0.7600800640228952,0.7908118811881188,/Users/haseebshafi/Documents/GitHub/Quadratic-Neurons-vs.-ReLU-How-Much-Nonlinearity-Is-Enough/Haseeb_trials/4_test/data_4seed/food101_l40s_8q8l2f_multiseed_28641697/seed_100/103_q_ls_r4_h0_lr1em3_wd0p0/food101/quad_dw/last_stage_rank_4/metrics.json
food101_l40s_8q8l2f_multiseed_28641697,100,food101,103_q_ls_r4_h0_lr1em3_wd0p0,103,Quadratic depthwise adapter,quad_dw,last_stage,4,no,0.001,0.0,6,0.5622469502408118,0.8464686468646865,0.7651716354931936,0.7906534653465347,/Users/haseebshafi/Documents/GitHub/Quadratic-Neurons-vs.-ReLU-How-Much-Nonlinearity-Is-Enough/Haseeb_trials/4_test/data_4seed/food101_l40s_8q8l2f_multiseed_28641697/seed_100/103_q_ls_r4_h0_lr1em3_wd0p0/food101/quad_dw/last_stage_rank_4/metrics.json
food101_l40s_8q8l2f_multiseed_28641697,100,food101,103_q_ls_r4_h0_lr1em3_wd0p0,103,Quadratic depthwise adapter,quad_dw,last_stage,4,no,0.001,0.0,7,0.5402031707024023,0.8541122112211221,0.7650851098546887,0.7908514851485149,/Users/haseebshafi/Documents/GitHub/Quadratic-Neurons-vs.-ReLU-How-Much-Nonlinearity-Is-Enough/Haseeb_trials/4_test/data_4seed/food101_l40s_8q8l2f_multiseed_28641697/seed_100/103_q_ls_r4_h0_lr1em3_wd0p0/food101/quad_dw/last_stage_rank_4/metrics.json
food101_l40s_8q8l2f_multiseed_28641697,100,food101,103_q_ls_r4_h0_lr1em3_wd0p0,103,Quadratic depthwise adapter,quad_dw,last_stage,4,no,0.001,0.0,8,0.51417555235164,0.8608844884488449,0.771902264115834,0.789940594059406,/Users/haseebshafi/Documents/GitHub/Quadratic-Neurons-vs.-ReLU-How-Much-Nonlinearity-Is-Enough/Haseeb_trials/4_test/data_4seed/food101_l40s_8q8l2f_multiseed_28641697/seed_100/103_q_ls_r4_h0_lr1em3_wd0p0/food101/quad_dw/last_stage_rank_4/metrics.json
food101_l40s_8q8l2f_multiseed_28641697,100,food101,103_q_ls_r4_h0_lr1em3_wd0p0,103,Quadratic depthwise adapter,quad_dw,last_stage,4,no,0.001,0.0,9,0.4997820468279395,0.8653069306930693,0.7762687212995963,0.7884356435643565,/Users/haseebshafi/Documents/GitHub/Quadratic-Neurons-vs.-ReLU-How-Much-Nonlinearity-Is-Enough/Haseeb_trials/4_test/data_4seed/food101_l40s_8q8l2f_multiseed_28641697/seed_100/103_q_ls_r4_h0_lr1em3_wd0p0/food101/quad_dw/last_stage_rank_4/metrics.json
food101_l40s_8q8l2f_multiseed_28641697,100,food101,103_q_ls_r4_h0_lr1em3_wd0p0,103,Quadratic depthwise adapter,quad_dw,last_stage,4,no,0.001,0.0,10,0.47783918353433263,0.8721980198019802,0.7814640667414902,0.787960396039604,/Users/haseebshafi/Documents/GitHub/Quadratic-Neurons-vs.-ReLU-How-Much-Nonlinearity-Is-Enough/Haseeb_trials/4_test/data_4seed/food101_l40s_8q8l2f_multiseed_28641697/seed_100/103_q_ls_r4_h0_lr1em3_wd0p0/food101/quad_dw/last_stage_rank_4/metrics.json
food101_l40s_8q8l2f_multiseed_28641697,100,food101,103_q_ls_r4_h0_lr1em3_wd0p0,103,Quadratic depthwise adapter,quad_dw,last_stage,4,no,0.001,0.0,11,0.458459980085738,0.8769768976897689,0.7859223264137117,0.787960396039604,/Users/haseebshafi/Documents/GitHub/Quadratic-Neurons-vs.-ReLU-How-Much-Nonlinearity-Is-Enough/Haseeb_trials/4_test/data_4seed/food101_l40s_8q8l2f_multiseed_28641697/seed_100/103_q_ls_r4_h0_lr1em3_wd0p0/food101/quad_dw/last_stage_rank_4/metrics.json
food101_l40s_8q8l2f_multiseed_28641697,100,food101,103_q_ls_r4_h0_lr1em3_wd0p0,103,Quadratic depthwise adapter,quad_dw,last_stage,4,no,0.001,0.0,12,0.4440236508138109,0.8816237623762376,0.7881561953336885,0.7876435643564357,/Users/haseebshafi/Documents/GitHub/Quadratic-Neurons-vs.-ReLU-How-Much-Nonlinearity-Is-Enough/Haseeb_trials/4_test/data_4seed/food101_l40s_8q8l2f_multiseed_28641697/seed_100/103_q_ls_r4_h0_lr1em3_wd0p0/food101/quad_dw/last_stage_rank_4/metrics.json
food101_l40s_8q8l2f_multiseed_28641697,100,food101,104_q_ls_r2_h0_lr3em4_wd0p01,104,Quadratic depthwise adapter,quad_dw,last_stage,2,no,0.0003,0.01,1,0.6862773792798763,0.8136369636963696,0.7599644534044927,0.7900594059405941,/Users/haseebshafi/Documents/GitHub/Quadratic-Neurons-vs.-ReLU-How-Much-Nonlinearity-Is-Enough/Haseeb_trials/4_test/data_4seed/food101_l40s_8q8l2f_multiseed_28641697/seed_100/104_q_ls_r2_h0_lr3em4_wd0p01/food101/quad_dw/last_stage_rank_2/metrics.json
food101_l40s_8q8l2f_multiseed_28641697,100,food101,104_q_ls_r2_h0_lr3em4_wd0p01,104,Quadratic depthwise adapter,quad_dw,last_stage,2,no,0.0003,0.01,2,0.6647709196817757,0.8182178217821782,0.7560986324631341,0.7920396039603961,/Users/haseebshafi/Documents/GitHub/Quadratic-Neurons-vs.-ReLU-How-Much-Nonlinearity-Is-Enough/Haseeb_trials/4_test/data_4seed/food101_l40s_8q8l2f_multiseed_28641697/seed_100/104_q_ls_r2_h0_lr3em4_wd0p01/food101/quad_dw/last_stage_rank_2/metrics.json
food101_l40s_8q8l2f_multiseed_28641697,100,food101,104_q_ls_r2_h0_lr3em4_wd0p01,104,Quadratic depthwise adapter,quad_dw,last_stage,2,no,0.0003,0.01,3,0.6576979399168058,0.821016501650165,0.7552927866218113,0.7921188118811882,/Users/haseebshafi/Documents/GitHub/Quadratic-Neurons-vs.-ReLU-How-Much-Nonlinearity-Is-Enough/Haseeb_trials/4_test/data_4seed/food101_l40s_8q8l2f_multiseed_28641697/seed_100/104_q_ls_r2_h0_lr3em4_wd0p01/food101/quad_dw/last_stage_rank_2/metrics.json
food101_l40s_8q8l2f_multiseed_28641697,100,food101,104_q_ls_r2_h0_lr3em4_wd0p01,104,Quadratic depthwise adapter,quad_dw,last_stage,2,no,0.0003,0.01,4,0.6469363530083458,0.8223894389438944,0.7572970784418653,0.7921980198019802,/Users/haseebshafi/Documents/GitHub/Quadratic-Neurons-vs.-ReLU-How-Much-Nonlinearity-Is-Enough/Haseeb_trials/4_test/data_4seed/food101_l40s_8q8l2f_multiseed_28641697/seed_100/104_q_ls_r2_h0_lr3em4_wd0p01/food101/quad_dw/last_stage_rank_2/metrics.json
food101_l40s_8q8l2f_multiseed_28641697,100,food101,104_q_ls_r2_h0_lr3em4_wd0p01,104,Quadratic depthwise adapter,quad_dw,last_stage,2,no,0.0003,0.01,5,0.641214661022224,0.8232739273927393,0.7574222877899018,0.7917623762376238,/Users/haseebshafi/Documents/GitHub/Quadratic-Neurons-vs.-ReLU-How-Much-Nonlinearity-Is-Enough/Haseeb_trials/4_test/data_4seed/food101_l40s_8q8l2f_multiseed_28641697/seed_100/104_q_ls_r2_h0_lr3em4_wd0p01/food101/quad_dw/last_stage_rank_2/metrics.json
food101_l40s_8q8l2f_multiseed_28641697,100,food101,104_q_ls_r2_h0_lr3em4_wd0p01,104,Quadratic depthwise adapter,quad_dw,last_stage,2,no,0.0003,0.01,6,0.6325427088650933,0.8271023102310231,0.7573327378848992,0.791960396039604,/Users/haseebshafi/Documents/GitHub/Quadratic-Neurons-vs.-ReLU-How-Much-Nonlinearity-Is-Enough/Haseeb_trials/4_test/data_4seed/food101_l40s_8q8l2f_multiseed_28641697/seed_100/104_q_ls_r2_h0_lr3em4_wd0p01/food101/quad_dw/last_stage_rank_2/metrics.json
food101_l40s_8q8l2f_multiseed_28641697,100,food101,104_q_ls_r2_h0_lr3em4_wd0p01,104,Quadratic depthwise adapter,quad_dw,last_stage,2,no,0.0003,0.01,7,0.6240804769827588,0.8297161716171617,0.7587061380561035,0.7915643564356436,/Users/haseebshafi/Documents/GitHub/Quadratic-Neurons-vs.-ReLU-How-Much-Nonlinearity-Is-Enough/Haseeb_trials/4_test/data_4seed/food101_l40s_8q8l2f_multiseed_28641697/seed_100/104_q_ls_r2_h0_lr3em4_wd0p01/food101/quad_dw/last_stage_rank_2/metrics.json
food101_l40s_8q8l2f_multiseed_28641697,100,food101,104_q_ls_r2_h0_lr3em4_wd0p01,104,Quadratic depthwise adapter,quad_dw,last_stage,2,no,0.0003,0.01,8,0.6181670919865272,0.8297953795379538,0.7588868406692354,0.7918019801980198,/Users/haseebshafi/Documents/GitHub/Quadratic-Neurons-vs.-ReLU-How-Much-Nonlinearity-Is-Enough/Haseeb_trials/4_test/data_4seed/food101_l40s_8q8l2f_multiseed_28641697/seed_100/104_q_ls_r2_h0_lr3em4_wd0p01/food101/quad_dw/last_stage_rank_2/metrics.json
food101_l40s_8q8l2f_multiseed_28641697,100,food101,104_q_ls_r2_h0_lr3em4_wd0p01,104,Quadratic depthwise adapter,quad_dw,last_stage,2,no,0.0003,0.01,9,0.609466784667654,0.8332013201320132,0.7580482011360697,0.7916435643564357,/Users/haseebshafi/Documents/GitHub/Quadratic-Neurons-vs.-ReLU-How-Much-Nonlinearity-Is-Enough/Haseeb_trials/4_test/data_4seed/food101_l40s_8q8l2f_multiseed_28641697/seed_100/104_q_ls_r2_h0_lr3em4_wd0p01/food101/quad_dw/last_stage_rank_2/metrics.json
food101_l40s_8q8l2f_multiseed_28641697,100,food101,104_q_ls_r2_h0_lr3em4_wd0p01,104,Quadratic depthwise adapter,quad_dw,last_stage,2,no,0.0003,0.01,10,0.6018337963060184,0.8346930693069307,0.7610255021789286,0.7913663366336634,/Users/haseebshafi/Documents/GitHub/Quadratic-Neurons-vs.-ReLU-How-Much-Nonlinearity-Is-Enough/Haseeb_trials/4_test/data_4seed/food101_l40s_8q8l2f_multiseed_28641697/seed_100/104_q_ls_r2_h0_lr3em4_wd0p01/food101/quad_dw/last_stage_rank_2/metrics.json
food101_l40s_8q8l2f_multiseed_28641697,100,food101,104_q_ls_r2_h0_lr3em4_wd0p01,104,Quadratic depthwise adapter,quad_dw,last_stage,2,no,0.0003,0.01,11,0.5993344539557353,0.8358811881188118,0.7614641034744754,0.7914851485148515,/Users/haseebshafi/Documents/GitHub/Quadratic-Neurons-vs.-ReLU-How-Much-Nonlinearity-Is-Enough/Haseeb_trials/4_test/data_4seed/food101_l40s_8q8l2f_multiseed_28641697/seed_100/104_q_ls_r2_h0_lr3em4_wd0p01/food101/quad_dw/last_stage_rank_2/metrics.json
food101_l40s_8q8l2f_multiseed_28641697,100,food101,104_q_ls_r2_h0_lr3em4_wd0p01,104,Quadratic depthwise adapter,quad_dw,last_stage,2,no,0.0003,0.01,12,0.5873232558096203,0.8396171617161716,0.76106634190295,0.7916435643564357,/Users/haseebshafi/Documents/GitHub/Quadratic-Neurons-vs.-ReLU-How-Much-Nonlinearity-Is-Enough/Haseeb_trials/4_test/data_4seed/food101_l40s_8q8l2f_multiseed_28641697/seed_100/104_q_ls_r2_h0_lr3em4_wd0p01/food101/quad_dw/last_stage_rank_2/metrics.json
food101_l40s_8q8l2f_multiseed_28641697,100,food101,105_q_all_r1_h0_lr3em4_wd0p0,105,Quadratic depthwise adapter,quad_dw,all,1,no,0.0003,0.0,1,0.6567918604813,0.8206336633663366,0.7134951181081262,0.8027722772277228,/Users/haseebshafi/Documents/GitHub/Quadratic-Neurons-vs.-ReLU-How-Much-Nonlinearity-Is-Enough/Haseeb_trials/4_test/data_4seed/food101_l40s_8q8l2f_multiseed_28641697/seed_100/105_q_all_r1_h0_lr3em4_wd0p0/food101/quad_dw/all_rank_1/metrics.json
food101_l40s_8q8l2f_multiseed_28641697,100,food101,105_q_all_r1_h0_lr3em4_wd0p0,105,Quadratic depthwise adapter,quad_dw,all,1,no,0.0003,0.0,2,0.6261532380344844,0.8283168316831683,0.7047839578401924,0.8051089108910892,/Users/haseebshafi/Documents/GitHub/Quadratic-Neurons-vs.-ReLU-How-Much-Nonlinearity-Is-Enough/Haseeb_trials/4_test/data_4seed/food101_l40s_8q8l2f_multiseed_28641697/seed_100/105_q_all_r1_h0_lr3em4_wd0p0/food101/quad_dw/all_rank_1/metrics.json
food101_l40s_8q8l2f_multiseed_28641697,100,food101,105_q_all_r1_h0_lr3em4_wd0p0,105,Quadratic depthwise adapter,quad_dw,all,1,no,0.0003,0.0,3,0.6024781382752724,0.8342178217821782,0.6970359576291377,0.8064158415841585,/Users/haseebshafi/Documents/GitHub/Quadratic-Neurons-vs.-ReLU-How-Much-Nonlinearity-Is-Enough/Haseeb_trials/4_test/data_4seed/food101_l40s_8q8l2f_multiseed_28641697/seed_100/105_q_all_r1_h0_lr3em4_wd0p0/food101/quad_dw/all_rank_1/metrics.json
food101_l40s_8q8l2f_multiseed_28641697,100,food101,105_q_all_r1_h0_lr3em4_wd0p0,105,Quadratic depthwise adapter,quad_dw,all,1,no,0.0003,0.0,4,0.5806049693079278,0.8415577557755776,0.6946324465510869,0.8087920792079208,/Users/haseebshafi/Documents/GitHub/Quadratic-Neurons-vs.-ReLU-How-Much-Nonlinearity-Is-Enough/Haseeb_trials/4_test/data_4seed/food101_l40s_8q8l2f_multiseed_28641697/seed_100/105_q_all_r1_h0_lr3em4_wd0p0/food101/quad_dw/all_rank_1/metrics.json
food101_l40s_8q8l2f_multiseed_28641697,100,food101,105_q_all_r1_h0_lr3em4_wd0p0,105,Quadratic depthwise adapter,quad_dw,all,1,no,0.0003,0.0,5,0.556565748016433,0.8466666666666667,0.6966964604051986,0.807960396039604,/Users/haseebshafi/Documents/GitHub/Quadratic-Neurons-vs.-ReLU-How-Much-Nonlinearity-Is-Enough/Haseeb_trials/4_test/data_4seed/food101_l40s_8q8l2f_multiseed_28641697/seed_100/105_q_all_r1_h0_lr3em4_wd0p0/food101/quad_dw/all_rank_1/metrics.json
food101_l40s_8q8l2f_multiseed_28641697,100,food101,105_q_all_r1_h0_lr3em4_wd0p0,105,Quadratic depthwise adapter,quad_dw,all,1,no,0.0003,0.0,6,0.5344014187913523,0.8535445544554455,0.6962502001016447,0.8078811881188119,/Users/haseebshafi/Documents/GitHub/Quadratic-Neurons-vs.-ReLU-How-Much-Nonlinearity-Is-Enough/Haseeb_trials/4_test/data_4seed/food101_l40s_8q8l2f_multiseed_28641697/seed_100/105_q_all_r1_h0_lr3em4_wd0p0/food101/quad_dw/all_rank_1/metrics.json
food101_l40s_8q8l2f_multiseed_28641697,100,food101,105_q_all_r1_h0_lr3em4_wd0p0,105,Quadratic depthwise adapter,quad_dw,all,1,no,0.0003,0.0,7,0.5110190582432763,0.8596831683168317,0.6999896180794971,0.8085148514851486,/Users/haseebshafi/Documents/GitHub/Quadratic-Neurons-vs.-ReLU-How-Much-Nonlinearity-Is-Enough/Haseeb_trials/4_test/data_4seed/food101_l40s_8q8l2f_multiseed_28641697/seed_100/105_q_all_r1_h0_lr3em4_wd0p0/food101/quad_dw/all_rank_1/metrics.json
food101_l40s_8q8l2f_multiseed_28641697,100,food101,105_q_all_r1_h0_lr3em4_wd0p0,105,Quadratic depthwise adapter,quad_dw,all,1,no,0.0003,0.0,8,0.49247261272719983,0.865056105610561,0.7011517998865335,0.8086336633663367,/Users/haseebshafi/Documents/GitHub/Quadratic-Neurons-vs.-ReLU-How-Much-Nonlinearity-Is-Enough/Haseeb_trials/4_test/data_4seed/food101_l40s_8q8l2f_multiseed_28641697/seed_100/105_q_all_r1_h0_lr3em4_wd0p0/food101/quad_dw/all_rank_1/metrics.json
food101_l40s_8q8l2f_multiseed_28641697,100,food101,105_q_all_r1_h0_lr3em4_wd0p0,105,Quadratic depthwise adapter,quad_dw,all,1,no,0.0003,0.0,9,0.4707952828800718,0.8712475247524752,0.7050251249629672,0.8087920792079208,/Users/haseebshafi/Documents/GitHub/Quadratic-Neurons-vs.-ReLU-How-Much-Nonlinearity-Is-Enough/Haseeb_trials/4_test/data_4seed/food101_l40s_8q8l2f_multiseed_28641697/seed_100/105_q_all_r1_h0_lr3em4_wd0p0/food101/quad_dw/all_rank_1/metrics.json
food101_l40s_8q8l2f_multiseed_28641697,100,food101,105_q_all_r1_h0_lr3em4_wd0p0,105,Quadratic depthwise adapter,quad_dw,all,1,no,0.0003,0.0,10,0.45146357236050144,0.8782574257425743,0.7045336530161376,0.8100198019801981,/Users/haseebshafi/Documents/GitHub/Quadratic-Neurons-vs.-ReLU-How-Much-Nonlinearity-Is-Enough/Haseeb_trials/4_test/data_4seed/food101_l40s_8q8l2f_multiseed_28641697/seed_100/105_q_all_r1_h0_lr3em4_wd0p0/food101/quad_dw/all_rank_1/metrics.json
food101_l40s_8q8l2f_multiseed_28641697,100,food101,105_q_all_r1_h0_lr3em4_wd0p0,105,Quadratic depthwise adapter,quad_dw,all,1,no,0.0003,0.0,11,0.4342672218426619,0.8832211221122113,0.708744211418794,0.8091089108910892,/Users/haseebshafi/Documents/GitHub/Quadratic-Neurons-vs.-ReLU-How-Much-Nonlinearity-Is-Enough/Haseeb_trials/4_test/data_4seed/food101_l40s_8q8l2f_multiseed_28641697/seed_100/105_q_all_r1_h0_lr3em4_wd0p0/food101/quad_dw/all_rank_1/metrics.json
food101_l40s_8q8l2f_multiseed_28641697,100,food101,105_q_all_r1_h0_lr3em4_wd0p0,105,Quadratic depthwise adapter,quad_dw,all,1,no,0.0003,0.0,12,0.42011767128355826,0.8862046204620462,0.7146147703321853,0.8075643564356436,/Users/haseebshafi/Documents/GitHub/Quadratic-Neurons-vs.-ReLU-How-Much-Nonlinearity-Is-Enough/Haseeb_trials/4_test/data_4seed/food101_l40s_8q8l2f_multiseed_28641697/seed_100/105_q_all_r1_h0_lr3em4_wd0p0/food101/quad_dw/all_rank_1/metrics.json
food101_l40s_8q8l2f_multiseed_28641697,100,food101,106_q_all_r2_h0_lr3em4_wd0p0,106,Quadratic depthwise adapter,quad_dw,all,2,no,0.0003,0.0,1,0.6564276437617764,0.8207260726072607,0.7118744864935922,0.8020990099009901,/Users/haseebshafi/Documents/GitHub/Quadratic-Neurons-vs.-ReLU-How-Much-Nonlinearity-Is-Enough/Haseeb_trials/4_test/data_4seed/food101_l40s_8q8l2f_multiseed_28641697/seed_100/106_q_all_r2_h0_lr3em4_wd0p0/food101/quad_dw/all_rank_2/metrics.json
food101_l40s_8q8l2f_multiseed_28641697,100,food101,106_q_all_r2_h0_lr3em4_wd0p0,106,Quadratic depthwise adapter,quad_dw,all,2,no,0.0003,0.0,2,0.6265764666720979,0.8294389438943894,0.705908774918849,0.8031287128712872,/Users/haseebshafi/Documents/GitHub/Quadratic-Neurons-vs.-ReLU-How-Much-Nonlinearity-Is-Enough/Haseeb_trials/4_test/data_4seed/food101_l40s_8q8l2f_multiseed_28641697/seed_100/106_q_all_r2_h0_lr3em4_wd0p0/food101/quad_dw/all_rank_2/metrics.json
food101_l40s_8q8l2f_multiseed_28641697,100,food101,106_q_all_r2_h0_lr3em4_wd0p0,106,Quadratic depthwise adapter,quad_dw,all,2,no,0.0003,0.0,3,0.6030075726383196,0.8352079207920792,0.69867119876465,0.8066930693069307,/Users/haseebshafi/Documents/GitHub/Quadratic-Neurons-vs.-ReLU-How-Much-Nonlinearity-Is-Enough/Haseeb_trials/4_test/data_4seed/food101_l40s_8q8l2f_multiseed_28641697/seed_100/106_q_all_r2_h0_lr3em4_wd0p0/food101/quad_dw/all_rank_2/metrics.json
food101_l40s_8q8l2f_multiseed_28641697,100,food101,106_q_all_r2_h0_lr3em4_wd0p0,106,Quadratic depthwise adapter,quad_dw,all,2,no,0.0003,0.0,4,0.5756334310364802,0.8426006600660066,0.6943552560475793,0.807920792079208,/Users/haseebshafi/Documents/GitHub/Quadratic-Neurons-vs.-ReLU-How-Much-Nonlinearity-Is-Enough/Haseeb_trials/4_test/data_4seed/food101_l40s_8q8l2f_multiseed_28641697/seed_100/106_q_all_r2_h0_lr3em4_wd0p0/food101/quad_dw/all_rank_2/metrics.json
food101_l40s_8q8l2f_multiseed_28641697,100,food101,106_q_all_r2_h0_lr3em4_wd0p0,106,Quadratic depthwise adapter,quad_dw,all,2,no,0.0003,0.0,5,0.5533523869246932,0.8482508250825083,0.6929428132146892,0.8087128712871288,/Users/haseebshafi/Documents/GitHub/Quadratic-Neurons-vs.-ReLU-How-Much-Nonlinearity-Is-Enough/Haseeb_trials/4_test/data_4seed/food101_l40s_8q8l2f_multiseed_28641697/seed_100/106_q_all_r2_h0_lr3em4_wd0p0/food101/quad_dw/all_rank_2/metrics.json
food101_l40s_8q8l2f_multiseed_28641697,100,food101,106_q_all_r2_h0_lr3em4_wd0p0,106,Quadratic depthwise adapter,quad_dw,all,2,no,0.0003,0.0,6,0.5285956273047444,0.8551551155115511,0.6943297755080875,0.8097821782178218,/Users/haseebshafi/Documents/GitHub/Quadratic-Neurons-vs.-ReLU-How-Much-Nonlinearity-Is-Enough/Haseeb_trials/4_test/data_4seed/food101_l40s_8q8l2f_multiseed_28641697/seed_100/106_q_all_r2_h0_lr3em4_wd0p0/food101/quad_dw/all_rank_2/metrics.json
food101_l40s_8q8l2f_multiseed_28641697,100,food101,106_q_all_r2_h0_lr3em4_wd0p0,106,Quadratic depthwise adapter,quad_dw,all,2,no,0.0003,0.0,7,0.5036811719224005,0.8619405940594059,0.6982556904920257,0.8083564356435644,/Users/haseebshafi/Documents/GitHub/Quadratic-Neurons-vs.-ReLU-How-Much-Nonlinearity-Is-Enough/Haseeb_trials/4_test/data_4seed/food101_l40s_8q8l2f_multiseed_28641697/seed_100/106_q_all_r2_h0_lr3em4_wd0p0/food101/quad_dw/all_rank_2/metrics.json
food101_l40s_8q8l2f_multiseed_28641697,100,food101,106_q_all_r2_h0_lr3em4_wd0p0,106,Quadratic depthwise adapter,quad_dw,all,2,no,0.0003,0.0,8,0.48293720805212215,0.8686600660066006,0.6980848015841872,0.8100990099009902,/Users/haseebshafi/Documents/GitHub/Quadratic-Neurons-vs.-ReLU-How-Much-Nonlinearity-Is-Enough/Haseeb_trials/4_test/data_4seed/food101_l40s_8q8l2f_multiseed_28641697/seed_100/106_q_all_r2_h0_lr3em4_wd0p0/food101/quad_dw/all_rank_2/metrics.json
food101_l40s_8q8l2f_multiseed_28641697,100,food101,106_q_all_r2_h0_lr3em4_wd0p0,106,Quadratic depthwise adapter,quad_dw,all,2,no,0.0003,0.0,9,0.46062938746918153,0.875049504950495,0.6998749207057575,0.8097821782178218,/Users/haseebshafi/Documents/GitHub/Quadratic-Neurons-vs.-ReLU-How-Much-Nonlinearity-Is-Enough/Haseeb_trials/4_test/data_4seed/food101_l40s_8q8l2f_multiseed_28641697/seed_100/106_q_all_r2_h0_lr3em4_wd0p0/food101/quad_dw/all_rank_2/metrics.json
food101_l40s_8q8l2f_multiseed_28641697,100,food101,106_q_all_r2_h0_lr3em4_wd0p0,106,Quadratic depthwise adapter,quad_dw,all,2,no,0.0003,0.0,10,0.4401639839202264,0.881940594059406,0.702007647977017,0.8093069306930694,/Users/haseebshafi/Documents/GitHub/Quadratic-Neurons-vs.-ReLU-How-Much-Nonlinearity-Is-Enough/Haseeb_trials/4_test/data_4seed/food101_l40s_8q8l2f_multiseed_28641697/seed_100/106_q_all_r2_h0_lr3em4_wd0p0/food101/quad_dw/all_rank_2/metrics.json
food101_l40s_8q8l2f_multiseed_28641697,100,food101,106_q_all_r2_h0_lr3em4_wd0p0,106,Quadratic depthwise adapter,quad_dw,all,2,no,0.0003,0.0,11,0.42182194674369133,0.8859273927392739,0.7061928592908501,0.8093861386138614,/Users/haseebshafi/Documents/GitHub/Quadratic-Neurons-vs.-ReLU-How-Much-Nonlinearity-Is-Enough/Haseeb_trials/4_test/data_4seed/food101_l40s_8q8l2f_multiseed_28641697/seed_100/106_q_all_r2_h0_lr3em4_wd0p0/food101/quad_dw/all_rank_2/metrics.json
food101_l40s_8q8l2f_multiseed_28641697,100,food101,106_q_all_r2_h0_lr3em4_wd0p0,106,Quadratic depthwise adapter,quad_dw,all,2,no,0.0003,0.0,12,0.4020113858295353,0.8924092409240925,0.7082287343610632,0.8081584158415842,/Users/haseebshafi/Documents/GitHub/Quadratic-Neurons-vs.-ReLU-How-Much-Nonlinearity-Is-Enough/Haseeb_trials/4_test/data_4seed/food101_l40s_8q8l2f_multiseed_28641697/seed_100/106_q_all_r2_h0_lr3em4_wd0p0/food101/quad_dw/all_rank_2/metrics.json
food101_l40s_8q8l2f_multiseed_28641697,100,food101,107_q_ls_r2_h1_lr1em4_wd0p0,107,Quadratic depthwise adapter,quad_dw,last_stage,2,yes,0.0001,0.0,1,0.688034237312405,0.8162376237623762,0.750233784496194,0.7895049504950495,/Users/haseebshafi/Documents/GitHub/Quadratic-Neurons-vs.-ReLU-How-Much-Nonlinearity-Is-Enough/Haseeb_trials/4_test/data_4seed/food101_l40s_8q8l2f_multiseed_28641697/seed_100/107_q_ls_r2_h1_lr1em4_wd0p0/food101/quad_dw/last_stage_rank_2/metrics.json
food101_l40s_8q8l2f_multiseed_28641697,100,food101,107_q_ls_r2_h1_lr1em4_wd0p0,107,Quadratic depthwise adapter,quad_dw,last_stage,2,yes,0.0001,0.0,2,0.668549248119392,0.8193399339933993,0.7475483718886233,0.7923168316831684,/Users/haseebshafi/Documents/GitHub/Quadratic-Neurons-vs.-ReLU-How-Much-Nonlinearity-Is-Enough/Haseeb_trials/4_test/data_4seed/food101_l40s_8q8l2f_multiseed_28641697/seed_100/107_q_ls_r2_h1_lr1em4_wd0p0/food101/quad_dw/last_stage_rank_2/metrics.json
food101_l40s_8q8l2f_multiseed_28641697,100,food101,107_q_ls_r2_h1_lr1em4_wd0p0,107,Quadratic depthwise adapter,quad_dw,last_stage,2,yes,0.0001,0.0,3,0.6613391110102336,0.8212013201320132,0.7470747216880912,0.7918019801980198,/Users/haseebshafi/Documents/GitHub/Quadratic-Neurons-vs.-ReLU-How-Much-Nonlinearity-Is-Enough/Haseeb_trials/4_test/data_4seed/food101_l40s_8q8l2f_multiseed_28641697/seed_100/107_q_ls_r2_h1_lr1em4_wd0p0/food101/quad_dw/last_stage_rank_2/metrics.json
food101_l40s_8q8l2f_multiseed_28641697,100,food101,107_q_ls_r2_h1_lr1em4_wd0p0,107,Quadratic depthwise adapter,quad_dw,last_stage,2,yes,0.0001,0.0,4,0.6524695162474126,0.8231023102310231,0.7481837259377584,0.7923168316831684,/Users/haseebshafi/Documents/GitHub/Quadratic-Neurons-vs.-ReLU-How-Much-Nonlinearity-Is-Enough/Haseeb_trials/4_test/data_4seed/food101_l40s_8q8l2f_multiseed_28641697/seed_100/107_q_ls_r2_h1_lr1em4_wd0p0/food101/quad_dw/last_stage_rank_2/metrics.json
food101_l40s_8q8l2f_multiseed_28641697,100,food101,107_q_ls_r2_h1_lr1em4_wd0p0,107,Quadratic depthwise adapter,quad_dw,last_stage,2,yes,0.0001,0.0,5,0.6488120756369613,0.8232475247524752,0.7488110567933262,0.7921980198019802,/Users/haseebshafi/Documents/GitHub/Quadratic-Neurons-vs.-ReLU-How-Much-Nonlinearity-Is-Enough/Haseeb_trials/4_test/data_4seed/food101_l40s_8q8l2f_multiseed_28641697/seed_100/107_q_ls_r2_h1_lr1em4_wd0p0/food101/quad_dw/last_stage_rank_2/metrics.json
food101_l40s_8q8l2f_multiseed_28641697,100,food101,107_q_ls_r2_h1_lr1em4_wd0p0,107,Quadratic depthwise adapter,quad_dw,last_stage,2,yes,0.0001,0.0,6,0.6436057381102748,0.8253069306930693,0.7487675146159559,0.7921188118811882,/Users/haseebshafi/Documents/GitHub/Quadratic-Neurons-vs.-ReLU-How-Much-Nonlinearity-Is-Enough/Haseeb_trials/4_test/data_4seed/food101_l40s_8q8l2f_multiseed_28641697/seed_100/107_q_ls_r2_h1_lr1em4_wd0p0/food101/quad_dw/last_stage_rank_2/metrics.json
food101_l40s_8q8l2f_multiseed_28641697,100,food101,107_q_ls_r2_h1_lr1em4_wd0p0,107,Quadratic depthwise adapter,quad_dw,last_stage,2,yes,0.0001,0.0,7,0.6391799135302553,0.8264026402640264,0.7489283248079885,0.7925544554455446,/Users/haseebshafi/Documents/GitHub/Quadratic-Neurons-vs.-ReLU-How-Much-Nonlinearity-Is-Enough/Haseeb_trials/4_test/data_4seed/food101_l40s_8q8l2f_multiseed_28641697/seed_100/107_q_ls_r2_h1_lr1em4_wd0p0/food101/quad_dw/last_stage_rank_2/metrics.json
food101_l40s_8q8l2f_multiseed_28641697,100,food101,107_q_ls_r2_h1_lr1em4_wd0p0,107,Quadratic depthwise adapter,quad_dw,last_stage,2,yes,0.0001,0.0,8,0.6347991084391528,0.826059405940594,0.749483594226365,0.7922376237623763,/Users/haseebshafi/Documents/GitHub/Quadratic-Neurons-vs.-ReLU-How-Much-Nonlinearity-Is-Enough/Haseeb_trials/4_test/data_4seed/food101_l40s_8q8l2f_multiseed_28641697/seed_100/107_q_ls_r2_h1_lr1em4_wd0p0/food101/quad_dw/last_stage_rank_2/metrics.json
food101_l40s_8q8l2f_multiseed_28641697,100,food101,107_q_ls_r2_h1_lr1em4_wd0p0,107,Quadratic depthwise adapter,quad_dw,last_stage,2,yes,0.0001,0.0,9,0.6293157246388225,0.8278679867986799,0.7490810868173543,0.7928712871287129,/Users/haseebshafi/Documents/GitHub/Quadratic-Neurons-vs.-ReLU-How-Much-Nonlinearity-Is-Enough/Haseeb_trials/4_test/data_4seed/food101_l40s_8q8l2f_multiseed_28641697/seed_100/107_q_ls_r2_h1_lr1em4_wd0p0/food101/quad_dw/last_stage_rank_2/metrics.json
food101_l40s_8q8l2f_multiseed_28641697,100,food101,107_q_ls_r2_h1_lr1em4_wd0p0,107,Quadratic depthwise adapter,quad_dw,last_stage,2,yes,0.0001,0.0,10,0.6249154588790616,0.8292805280528053,0.7511775263134796,0.7916831683168317,/Users/haseebshafi/Documents/GitHub/Quadratic-Neurons-vs.-ReLU-How-Much-Nonlinearity-Is-Enough/Haseeb_trials/4_test/data_4seed/food101_l40s_8q8l2f_multiseed_28641697/seed_100/107_q_ls_r2_h1_lr1em4_wd0p0/food101/quad_dw/last_stage_rank_2/metrics.json
food101_l40s_8q8l2f_multiseed_28641697,100,food101,107_q_ls_r2_h1_lr1em4_wd0p0,107,Quadratic depthwise adapter,quad_dw,last_stage,2,yes,0.0001,0.0,11,0.626146692798476,0.8290957095709571,0.7503503199048561,0.7920792079207921,/Users/haseebshafi/Documents/GitHub/Quadratic-Neurons-vs.-ReLU-How-Much-Nonlinearity-Is-Enough/Haseeb_trials/4_test/data_4seed/food101_l40s_8q8l2f_multiseed_28641697/seed_100/107_q_ls_r2_h1_lr1em4_wd0p0/food101/quad_dw/last_stage_rank_2/metrics.json
food101_l40s_8q8l2f_multiseed_28641697,100,food101,107_q_ls_r2_h1_lr1em4_wd0p0,107,Quadratic depthwise adapter,quad_dw,last_stage,2,yes,0.0001,0.0,12,0.6156783629234868,0.8326864686468647,0.7519661760259383,0.7910891089108911,/Users/haseebshafi/Documents/GitHub/Quadratic-Neurons-vs.-ReLU-How-Much-Nonlinearity-Is-Enough/Haseeb_trials/4_test/data_4seed/food101_l40s_8q8l2f_multiseed_28641697/seed_100/107_q_ls_r2_h1_lr1em4_wd0p0/food101/quad_dw/last_stage_rank_2/metrics.json
food101_l40s_8q8l2f_multiseed_28641697,100,food101,108_q_all_r2_h1_lr1em4_wd0p0,108,Quadratic depthwise adapter,quad_dw,all,2,yes,0.0001,0.0,1,0.6641857754719926,0.820937293729373,0.7122309757223224,0.8010297029702971,/Users/haseebshafi/Documents/GitHub/Quadratic-Neurons-vs.-ReLU-How-Much-Nonlinearity-Is-Enough/Haseeb_trials/4_test/data_4seed/food101_l40s_8q8l2f_multiseed_28641697/seed_100/108_q_all_r2_h1_lr1em4_wd0p0/food101/quad_dw/all_rank_2/metrics.json
food101_l40s_8q8l2f_multiseed_28641697,100,food101,108_q_all_r2_h1_lr1em4_wd0p0,108,Quadratic depthwise adapter,quad_dw,all,2,yes,0.0001,0.0,2,0.6373884102723779,0.8267326732673267,0.7093951570468374,0.8007920792079208,/Users/haseebshafi/Documents/GitHub/Quadratic-Neurons-vs.-ReLU-How-Much-Nonlinearity-Is-Enough/Haseeb_trials/4_test/data_4seed/food101_l40s_8q8l2f_multiseed_28641697/seed_100/108_q_all_r2_h1_lr1em4_wd0p0/food101/quad_dw/all_rank_2/metrics.json
food101_l40s_8q8l2f_multiseed_28641697,100,food101,108_q_all_r2_h1_lr1em4_wd0p0,108,Quadratic depthwise adapter,quad_dw,all,2,yes,0.0001,0.0,3,0.6220204562983497,0.8300462046204621,0.7023842622124322,0.8046732673267327,/Users/haseebshafi/Documents/GitHub/Quadratic-Neurons-vs.-ReLU-How-Much-Nonlinearity-Is-Enough/Haseeb_trials/4_test/data_4seed/food101_l40s_8q8l2f_multiseed_28641697/seed_100/108_q_all_r2_h1_lr1em4_wd0p0/food101/quad_dw/all_rank_2/metrics.json
food101_l40s_8q8l2f_multiseed_28641697,100,food101,108_q_all_r2_h1_lr1em4_wd0p0,108,Quadratic depthwise adapter,quad_dw,all,2,yes,0.0001,0.0,4,0.6062347272268617,0.8345346534653465,0.6969781042679701,0.8060198019801981,/Users/haseebshafi/Documents/GitHub/Quadratic-Neurons-vs.-ReLU-How-Much-Nonlinearity-Is-Enough/Haseeb_trials/4_test/data_4seed/food101_l40s_8q8l2f_multiseed_28641697/seed_100/108_q_all_r2_h1_lr1em4_wd0p0/food101/quad_dw/all_rank_2/metrics.json
food101_l40s_8q8l2f_multiseed_28641697,100,food101,108_q_all_r2_h1_lr1em4_wd0p0,108,Quadratic depthwise adapter,quad_dw,all,2,yes,0.0001,0.0,5,0.5968933784780722,0.8366732673267326,0.6943477795360112,0.8060990099009901,/Users/haseebshafi/Documents/GitHub/Quadratic-Neurons-vs.-ReLU-How-Much-Nonlinearity-Is-Enough/Haseeb_trials/4_test/data_4seed/food101_l40s_8q8l2f_multiseed_28641697/seed_100/108_q_all_r2_h1_lr1em4_wd0p0/food101/quad_dw/all_rank_2/metrics.json
food101_l40s_8q8l2f_multiseed_28641697,100,food101,108_q_all_r2_h1_lr1em4_wd0p0,108,Quadratic depthwise adapter,quad_dw,all,2,yes,0.0001,0.0,6,0.5844299184858995,0.8401188118811881,0.6928708154470614,0.8070495049504951,/Users/haseebshafi/Documents/GitHub/Quadratic-Neurons-vs.-ReLU-How-Much-Nonlinearity-Is-Enough/Haseeb_trials/4_test/data_4seed/food101_l40s_8q8l2f_multiseed_28641697/seed_100/108_q_all_r2_h1_lr1em4_wd0p0/food101/quad_dw/all_rank_2/metrics.json
food101_l40s_8q8l2f_multiseed_28641697,100,food101,108_q_all_r2_h1_lr1em4_wd0p0,108,Quadratic depthwise adapter,quad_dw,all,2,yes,0.0001,0.0,7,0.5710383481625283,0.8435511551155116,0.6907982682473589,0.8080396039603961,/Users/haseebshafi/Documents/GitHub/Quadratic-Neurons-vs.-ReLU-How-Much-Nonlinearity-Is-Enough/Haseeb_trials/4_test/data_4seed/food101_l40s_8q8l2f_multiseed_28641697/seed_100/108_q_all_r2_h1_lr1em4_wd0p0/food101/quad_dw/all_rank_2/metrics.json
food101_l40s_8q8l2f_multiseed_28641697,100,food101,108_q_all_r2_h1_lr1em4_wd0p0,108,Quadratic depthwise adapter,quad_dw,all,2,yes,0.0001,0.0,8,0.5614450070031799,0.8464950495049505,0.6907251030312906,0.8070099009900991,/Users/haseebshafi/Documents/GitHub/Quadratic-Neurons-vs.-ReLU-How-Much-Nonlinearity-Is-Enough/Haseeb_trials/4_test/data_4seed/food101_l40s_8q8l2f_multiseed_28641697/seed_100/108_q_all_r2_h1_lr1em4_wd0p0/food101/quad_dw/all_rank_2/metrics.json
food101_l40s_8q8l2f_multiseed_28641697,100,food101,108_q_all_r2_h1_lr1em4_wd0p0,108,Quadratic depthwise adapter,quad_dw,all,2,yes,0.0001,0.0,9,0.5511957353790208,0.8493861386138614,0.6870338403942562,0.8096237623762377,/Users/haseebshafi/Documents/GitHub/Quadratic-Neurons-vs.-ReLU-How-Much-Nonlinearity-Is-Enough/Haseeb_trials/4_test/data_4seed/food101_l40s_8q8l2f_multiseed_28641697/seed_100/108_q_all_r2_h1_lr1em4_wd0p0/food101/quad_dw/all_rank_2/metrics.json
food101_l40s_8q8l2f_multiseed_28641697,100,food101,108_q_all_r2_h1_lr1em4_wd0p0,108,Quadratic depthwise adapter,quad_dw,all,2,yes,0.0001,0.0,10,0.5390352489428946,0.8534653465346534,0.6866333751253563,0.8097425742574258,/Users/haseebshafi/Documents/GitHub/Quadratic-Neurons-vs.-ReLU-How-Much-Nonlinearity-Is-Enough/Haseeb_trials/4_test/data_4seed/food101_l40s_8q8l2f_multiseed_28641697/seed_100/108_q_all_r2_h1_lr1em4_wd0p0/food101/quad_dw/all_rank_2/metrics.json
food101_l40s_8q8l2f_multiseed_28641697,100,food101,108_q_all_r2_h1_lr1em4_wd0p0,108,Quadratic depthwise adapter,quad_dw,all,2,yes,0.0001,0.0,11,0.5294717653324895,0.8549570957095709,0.6869898476883917,0.809980198019802,/Users/haseebshafi/Documents/GitHub/Quadratic-Neurons-vs.-ReLU-How-Much-Nonlinearity-Is-Enough/Haseeb_trials/4_test/data_4seed/food101_l40s_8q8l2f_multiseed_28641697/seed_100/108_q_all_r2_h1_lr1em4_wd0p0/food101/quad_dw/all_rank_2/metrics.json
food101_l40s_8q8l2f_multiseed_28641697,100,food101,108_q_all_r2_h1_lr1em4_wd0p0,108,Quadratic depthwise adapter,quad_dw,all,2,yes,0.0001,0.0,12,0.5197625170729735,0.8569504950495049,0.685146790029979,0.8102574257425743,/Users/haseebshafi/Documents/GitHub/Quadratic-Neurons-vs.-ReLU-How-Much-Nonlinearity-Is-Enough/Haseeb_trials/4_test/data_4seed/food101_l40s_8q8l2f_multiseed_28641697/seed_100/108_q_all_r2_h1_lr1em4_wd0p0/food101/quad_dw/all_rank_2/metrics.json
food101_l40s_8q8l2f_multiseed_28641697,100,food101,201_l_ls_r1_h0_lr1em3_wd0p0,201,LoRA depthwise adapter,lora_dw,last_stage,1,no,0.001,0.0,1,0.6791688734092335,0.8151419141914191,0.7543181423456362,0.7913267326732674,/Users/haseebshafi/Documents/GitHub/Quadratic-Neurons-vs.-ReLU-How-Much-Nonlinearity-Is-Enough/Haseeb_trials/4_test/data_4seed/food101_l40s_8q8l2f_multiseed_28641697/seed_100/201_l_ls_r1_h0_lr1em3_wd0p0/food101/lora_dw/last_stage_rank_1/metrics.json
food101_l40s_8q8l2f_multiseed_28641697,100,food101,201_l_ls_r1_h0_lr1em3_wd0p0,201,LoRA depthwise adapter,lora_dw,last_stage,1,no,0.001,0.0,2,0.6537286088663359,0.821029702970297,0.74745734032782,0.7940198019801981,/Users/haseebshafi/Documents/GitHub/Quadratic-Neurons-vs.-ReLU-How-Much-Nonlinearity-Is-Enough/Haseeb_trials/4_test/data_4seed/food101_l40s_8q8l2f_multiseed_28641697/seed_100/201_l_ls_r1_h0_lr1em3_wd0p0/food101/lora_dw/last_stage_rank_1/metrics.json
food101_l40s_8q8l2f_multiseed_28641697,100,food101,201_l_ls_r1_h0_lr1em3_wd0p0,201,LoRA depthwise adapter,lora_dw,last_stage,1,no,0.001,0.0,3,0.6343300818122259,0.8255181518151815,0.7441277988216665,0.7948910891089109,/Users/haseebshafi/Documents/GitHub/Quadratic-Neurons-vs.-ReLU-How-Much-Nonlinearity-Is-Enough/Haseeb_trials/4_test/data_4seed/food101_l40s_8q8l2f_multiseed_28641697/seed_100/201_l_ls_r1_h0_lr1em3_wd0p0/food101/lora_dw/last_stage_rank_1/metrics.json
food101_l40s_8q8l2f_multiseed_28641697,100,food101,201_l_ls_r1_h0_lr1em3_wd0p0,201,LoRA depthwise adapter,lora_dw,last_stage,1,no,0.001,0.0,4,0.61908119278379,0.828990099009901,0.7429577630628453,0.7952079207920792,/Users/haseebshafi/Documents/GitHub/Quadratic-Neurons-vs.-ReLU-How-Much-Nonlinearity-Is-Enough/Haseeb_trials/4_test/data_4seed/food101_l40s_8q8l2f_multiseed_28641697/seed_100/201_l_ls_r1_h0_lr1em3_wd0p0/food101/lora_dw/last_stage_rank_1/metrics.json
food101_l40s_8q8l2f_multiseed_28641697,100,food101,201_l_ls_r1_h0_lr1em3_wd0p0,201,LoRA depthwise adapter,lora_dw,last_stage,1,no,0.001,0.0,5,0.6020020512464417,0.8347590759075908,0.7452967662551615,0.795009900990099,/Users/haseebshafi/Documents/GitHub/Quadratic-Neurons-vs.-ReLU-How-Much-Nonlinearity-Is-Enough/Haseeb_trials/4_test/data_4seed/food101_l40s_8q8l2f_multiseed_28641697/seed_100/201_l_ls_r1_h0_lr1em3_wd0p0/food101/lora_dw/last_stage_rank_1/metrics.json
food101_l40s_8q8l2f_multiseed_28641697,100,food101,201_l_ls_r1_h0_lr1em3_wd0p0,201,LoRA depthwise adapter,lora_dw,last_stage,1,no,0.001,0.0,6,0.5907466655202431,0.8381650165016502,0.7480819666432862,0.7946534653465347,/Users/haseebshafi/Documents/GitHub/Quadratic-Neurons-vs.-ReLU-How-Much-Nonlinearity-Is-Enough/Haseeb_trials/4_test/data_4seed/food101_l40s_8q8l2f_multiseed_28641697/seed_100/201_l_ls_r1_h0_lr1em3_wd0p0/food101/lora_dw/last_stage_rank_1/metrics.json
food101_l40s_8q8l2f_multiseed_28641697,100,food101,201_l_ls_r1_h0_lr1em3_wd0p0,201,LoRA depthwise adapter,lora_dw,last_stage,1,no,0.001,0.0,7,0.5754292161063392,0.841980198019802,0.7497987860830704,0.7942574257425743,/Users/haseebshafi/Documents/GitHub/Quadratic-Neurons-vs.-ReLU-How-Much-Nonlinearity-Is-Enough/Haseeb_trials/4_test/data_4seed/food101_l40s_8q8l2f_multiseed_28641697/seed_100/201_l_ls_r1_h0_lr1em3_wd0p0/food101/lora_dw/last_stage_rank_1/metrics.json
food101_l40s_8q8l2f_multiseed_28641697,100,food101,201_l_ls_r1_h0_lr1em3_wd0p0,201,LoRA depthwise adapter,lora_dw,last_stage,1,no,0.001,0.0,8,0.5629070956966664,0.8467326732673267,0.7532621341931938,0.7942970297029703,/Users/haseebshafi/Documents/GitHub/Quadratic-Neurons-vs.-ReLU-How-Much-Nonlinearity-Is-Enough/Haseeb_trials/4_test/data_4seed/food101_l40s_8q8l2f_multiseed_28641697/seed_100/201_l_ls_r1_h0_lr1em3_wd0p0/food101/lora_dw/last_stage_rank_1/metrics.json
food101_l40s_8q8l2f_multiseed_28641697,100,food101,201_l_ls_r1_h0_lr1em3_wd0p0,201,LoRA depthwise adapter,lora_dw,last_stage,1,no,0.001,0.0,9,0.5533265184333223,0.8491089108910891,0.7545206959814128,0.7945742574257426,/Users/haseebshafi/Documents/GitHub/Quadratic-Neurons-vs.-ReLU-How-Much-Nonlinearity-Is-Enough/Haseeb_trials/4_test/data_4seed/food101_l40s_8q8l2f_multiseed_28641697/seed_100/201_l_ls_r1_h0_lr1em3_wd0p0/food101/lora_dw/last_stage_rank_1/metrics.json
food101_l40s_8q8l2f_multiseed_28641697,100,food101,201_l_ls_r1_h0_lr1em3_wd0p0,201,LoRA depthwise adapter,lora_dw,last_stage,1,no,0.001,0.0,10,0.5420426948062658,0.8521188118811881,0.7571360252894977,0.7935049504950495,/Users/haseebshafi/Documents/GitHub/Quadratic-Neurons-vs.-ReLU-How-Much-Nonlinearity-Is-Enough/Haseeb_trials/4_test/data_4seed/food101_l40s_8q8l2f_multiseed_28641697/seed_100/201_l_ls_r1_h0_lr1em3_wd0p0/food101/lora_dw/last_stage_rank_1/metrics.json
food101_l40s_8q8l2f_multiseed_28641697,100,food101,201_l_ls_r1_h0_lr1em3_wd0p0,201,LoRA depthwise adapter,lora_dw,last_stage,1,no,0.001,0.0,11,0.5297640271989426,0.8547062706270627,0.7614006568748172,0.7916039603960396,/Users/haseebshafi/Documents/GitHub/Quadratic-Neurons-vs.-ReLU-How-Much-Nonlinearity-Is-Enough/Haseeb_trials/4_test/data_4seed/food101_l40s_8q8l2f_multiseed_28641697/seed_100/201_l_ls_r1_h0_lr1em3_wd0p0/food101/lora_dw/last_stage_rank_1/metrics.json
food101_l40s_8q8l2f_multiseed_28641697,100,food101,201_l_ls_r1_h0_lr1em3_wd0p0,201,LoRA depthwise adapter,lora_dw,last_stage,1,no,0.001,0.0,12,0.5221007965988058,0.8564092409240924,0.7645636547178325,0.7923960396039604,/Users/haseebshafi/Documents/GitHub/Quadratic-Neurons-vs.-ReLU-How-Much-Nonlinearity-Is-Enough/Haseeb_trials/4_test/data_4seed/food101_l40s_8q8l2f_multiseed_28641697/seed_100/201_l_ls_r1_h0_lr1em3_wd0p0/food101/lora_dw/last_stage_rank_1/metrics.json
food101_l40s_8q8l2f_multiseed_28641697,100,food101,202_l_ls_r2_h0_lr1em3_wd0p0,202,LoRA depthwise adapter,lora_dw,last_stage,2,no,0.001,0.0,1,0.675063506777137,0.8154851485148514,0.7491417470662901,0.792950495049505,/Users/haseebshafi/Documents/GitHub/Quadratic-Neurons-vs.-ReLU-How-Much-Nonlinearity-Is-Enough/Haseeb_trials/4_test/data_4seed/food101_l40s_8q8l2f_multiseed_28641697/seed_100/202_l_ls_r2_h0_lr1em3_wd0p0/food101/lora_dw/last_stage_rank_2/metrics.json
food101_l40s_8q8l2f_multiseed_28641697,100,food101,202_l_ls_r2_h0_lr1em3_wd0p0,202,LoRA depthwise adapter,lora_dw,last_stage,2,no,0.001,0.0,2,0.6498536780108713,0.8214917491749175,0.7436222104082013,0.7940990099009901,/Users/haseebshafi/Documents/GitHub/Quadratic-Neurons-vs.-ReLU-How-Much-Nonlinearity-Is-Enough/Haseeb_trials/4_test/data_4seed/food101_l40s_8q8l2f_multiseed_28641697/seed_100/202_l_ls_r2_h0_lr1em3_wd0p0/food101/lora_dw/last_stage_rank_2/metrics.json
food101_l40s_8q8l2f_multiseed_28641697,100,food101,202_l_ls_r2_h0_lr1em3_wd0p0,202,LoRA depthwise adapter,lora_dw,last_stage,2,no,0.001,0.0,3,0.6296523188789293,0.8274983498349835,0.7423650264928837,0.7953663366336634,/Users/haseebshafi/Documents/GitHub/Quadratic-Neurons-vs.-ReLU-How-Much-Nonlinearity-Is-Enough/Haseeb_trials/4_test/data_4seed/food101_l40s_8q8l2f_multiseed_28641697/seed_100/202_l_ls_r2_h0_lr1em3_wd0p0/food101/lora_dw/last_stage_rank_2/metrics.json
food101_l40s_8q8l2f_multiseed_28641697,100,food101,202_l_ls_r2_h0_lr1em3_wd0p0,202,LoRA depthwise adapter,lora_dw,last_stage,2,no,0.001,0.0,4,0.6062317691337158,0.8333861386138613,0.7444982574151294,0.7954455445544555,/Users/haseebshafi/Documents/GitHub/Quadratic-Neurons-vs.-ReLU-How-Much-Nonlinearity-Is-Enough/Haseeb_trials/4_test/data_4seed/food101_l40s_8q8l2f_multiseed_28641697/seed_100/202_l_ls_r2_h0_lr1em3_wd0p0/food101/lora_dw/last_stage_rank_2/metrics.json
food101_l40s_8q8l2f_multiseed_28641697,100,food101,202_l_ls_r2_h0_lr1em3_wd0p0,202,LoRA depthwise adapter,lora_dw,last_stage,2,no,0.001,0.0,5,0.5889923991527495,0.8365148514851485,0.7468981898798801,0.7955247524752476,/Users/haseebshafi/Documents/GitHub/Quadratic-Neurons-vs.-ReLU-How-Much-Nonlinearity-Is-Enough/Haseeb_trials/4_test/data_4seed/food101_l40s_8q8l2f_multiseed_28641697/seed_100/202_l_ls_r2_h0_lr1em3_wd0p0/food101/lora_dw/last_stage_rank_2/metrics.json
food101_l40s_8q8l2f_multiseed_28641697,100,food101,202_l_ls_r2_h0_lr1em3_wd0p0,202,LoRA depthwise adapter,lora_dw,last_stage,2,no,0.001,0.0,6,0.5713890611078873,0.8435907590759076,0.7523505275957655,0.793980198019802,/Users/haseebshafi/Documents/GitHub/Quadratic-Neurons-vs.-ReLU-How-Much-Nonlinearity-Is-Enough/Haseeb_trials/4_test/data_4seed/food101_l40s_8q8l2f_multiseed_28641697/seed_100/202_l_ls_r2_h0_lr1em3_wd0p0/food101/lora_dw/last_stage_rank_2/metrics.json
food101_l40s_8q8l2f_multiseed_28641697,100,food101,202_l_ls_r2_h0_lr1em3_wd0p0,202,LoRA depthwise adapter,lora_dw,last_stage,2,no,0.001,0.0,7,0.5570456718879171,0.8483828382838284,0.7500018342957638,0.793940594059406,/Users/haseebshafi/Documents/GitHub/Quadratic-Neurons-vs.-ReLU-How-Much-Nonlinearity-Is-Enough/Haseeb_trials/4_test/data_4seed/food101_l40s_8q8l2f_multiseed_28641697/seed_100/202_l_ls_r2_h0_lr1em3_wd0p0/food101/lora_dw/last_stage_rank_2/metrics.json
food101_l40s_8q8l2f_multiseed_28641697,100,food101,202_l_ls_r2_h0_lr1em3_wd0p0,202,LoRA depthwise adapter,lora_dw,last_stage,2,no,0.001,0.0,8,0.5467712058580354,0.8503630363036304,0.7557286935655197,0.7931089108910891,/Users/haseebshafi/Documents/GitHub/Quadratic-Neurons-vs.-ReLU-How-Much-Nonlinearity-Is-Enough/Haseeb_trials/4_test/data_4seed/food101_l40s_8q8l2f_multiseed_28641697/seed_100/202_l_ls_r2_h0_lr1em3_wd0p0/food101/lora_dw/last_stage_rank_2/metrics.json
food101_l40s_8q8l2f_multiseed_28641697,100,food101,202_l_ls_r2_h0_lr1em3_wd0p0,202,LoRA depthwise adapter,lora_dw,last_stage,2,no,0.001,0.0,9,0.5325477115643693,0.8537029702970297,0.7562337983126688,0.7935445544554456,/Users/haseebshafi/Documents/GitHub/Quadratic-Neurons-vs.-ReLU-How-Much-Nonlinearity-Is-Enough/Haseeb_trials/4_test/data_4seed/food101_l40s_8q8l2f_multiseed_28641697/seed_100/202_l_ls_r2_h0_lr1em3_wd0p0/food101/lora_dw/last_stage_rank_2/metrics.json
food101_l40s_8q8l2f_multiseed_28641697,100,food101,202_l_ls_r2_h0_lr1em3_wd0p0,202,LoRA depthwise adapter,lora_dw,last_stage,2,no,0.001,0.0,10,0.5219990156460123,0.8572541254125412,0.7623306846429806,0.7920396039603961,/Users/haseebshafi/Documents/GitHub/Quadratic-Neurons-vs.-ReLU-How-Much-Nonlinearity-Is-Enough/Haseeb_trials/4_test/data_4seed/food101_l40s_8q8l2f_multiseed_28641697/seed_100/202_l_ls_r2_h0_lr1em3_wd0p0/food101/lora_dw/last_stage_rank_2/metrics.json
food101_l40s_8q8l2f_multiseed_28641697,100,food101,202_l_ls_r2_h0_lr1em3_wd0p0,202,LoRA depthwise adapter,lora_dw,last_stage,2,no,0.001,0.0,11,0.5127796903522102,0.8601188118811881,0.767832271523995,0.7915247524752476,/Users/haseebshafi/Documents/GitHub/Quadratic-Neurons-vs.-ReLU-How-Much-Nonlinearity-Is-Enough/Haseeb_trials/4_test/data_4seed/food101_l40s_8q8l2f_multiseed_28641697/seed_100/202_l_ls_r2_h0_lr1em3_wd0p0/food101/lora_dw/last_stage_rank_2/metrics.json
food101_l40s_8q8l2f_multiseed_28641697,100,food101,202_l_ls_r2_h0_lr1em3_wd0p0,202,LoRA depthwise adapter,lora_dw,last_stage,2,no,0.001,0.0,12,0.5016655651563071,0.8637095709570957,0.7658774330214698,0.7913663366336634,/Users/haseebshafi/Documents/GitHub/Quadratic-Neurons-vs.-ReLU-How-Much-Nonlinearity-Is-Enough/Haseeb_trials/4_test/data_4seed/food101_l40s_8q8l2f_multiseed_28641697/seed_100/202_l_ls_r2_h0_lr1em3_wd0p0/food101/lora_dw/last_stage_rank_2/metrics.json
food101_l40s_8q8l2f_multiseed_28641697,100,food101,203_l_ls_r4_h0_lr1em3_wd0p0,203,LoRA depthwise adapter,lora_dw,last_stage,4,no,0.001,0.0,1,0.6721317121707173,0.8156699669966997,0.7490718719912047,0.7928316831683169,/Users/haseebshafi/Documents/GitHub/Quadratic-Neurons-vs.-ReLU-How-Much-Nonlinearity-Is-Enough/Haseeb_trials/4_test/data_4seed/food101_l40s_8q8l2f_multiseed_28641697/seed_100/203_l_ls_r4_h0_lr1em3_wd0p0/food101/lora_dw/last_stage_rank_4/metrics.json
food101_l40s_8q8l2f_multiseed_28641697,100,food101,203_l_ls_r4_h0_lr1em3_wd0p0,203,LoRA depthwise adapter,lora_dw,last_stage,4,no,0.001,0.0,2,0.6403288300800638,0.8234323432343235,0.7418619930460901,0.7958019801980198,/Users/haseebshafi/Documents/GitHub/Quadratic-Neurons-vs.-ReLU-How-Much-Nonlinearity-Is-Enough/Haseeb_trials/4_test/data_4seed/food101_l40s_8q8l2f_multiseed_28641697/seed_100/203_l_ls_r4_h0_lr1em3_wd0p0/food101/lora_dw/last_stage_rank_4/metrics.json
food101_l40s_8q8l2f_multiseed_28641697,100,food101,203_l_ls_r4_h0_lr1em3_wd0p0,203,LoRA depthwise adapter,lora_dw,last_stage,4,no,0.001,0.0,3,0.6178446251740156,0.8298613861386138,0.7438764260287332,0.7957623762376238,/Users/haseebshafi/Documents/GitHub/Quadratic-Neurons-vs.-ReLU-How-Much-Nonlinearity-Is-Enough/Haseeb_trials/4_test/data_4seed/food101_l40s_8q8l2f_multiseed_28641697/seed_100/203_l_ls_r4_h0_lr1em3_wd0p0/food101/lora_dw/last_stage_rank_4/metrics.json
food101_l40s_8q8l2f_multiseed_28641697,100,food101,203_l_ls_r4_h0_lr1em3_wd0p0,203,LoRA depthwise adapter,lora_dw,last_stage,4,no,0.001,0.0,4,0.5959238496739478,0.8357359735973597,0.7441385111549113,0.7956831683168317,/Users/haseebshafi/Documents/GitHub/Quadratic-Neurons-vs.-ReLU-How-Much-Nonlinearity-Is-Enough/Haseeb_trials/4_test/data_4seed/food101_l40s_8q8l2f_multiseed_28641697/seed_100/203_l_ls_r4_h0_lr1em3_wd0p0/food101/lora_dw/last_stage_rank_4/metrics.json
food101_l40s_8q8l2f_multiseed_28641697,100,food101,203_l_ls_r4_h0_lr1em3_wd0p0,203,LoRA depthwise adapter,lora_dw,last_stage,4,no,0.001,0.0,5,0.5770204935058115,0.8414653465346534,0.7456643554267317,0.7958415841584159,/Users/haseebshafi/Documents/GitHub/Quadratic-Neurons-vs.-ReLU-How-Much-Nonlinearity-Is-Enough/Haseeb_trials/4_test/data_4seed/food101_l40s_8q8l2f_multiseed_28641697/seed_100/203_l_ls_r4_h0_lr1em3_wd0p0/food101/lora_dw/last_stage_rank_4/metrics.json
food101_l40s_8q8l2f_multiseed_28641697,100,food101,203_l_ls_r4_h0_lr1em3_wd0p0,203,LoRA depthwise adapter,lora_dw,last_stage,4,no,0.001,0.0,6,0.5586773039193044,0.8466666666666667,0.7503968488815987,0.7963564356435644,/Users/haseebshafi/Documents/GitHub/Quadratic-Neurons-vs.-ReLU-How-Much-Nonlinearity-Is-Enough/Haseeb_trials/4_test/data_4seed/food101_l40s_8q8l2f_multiseed_28641697/seed_100/203_l_ls_r4_h0_lr1em3_wd0p0/food101/lora_dw/last_stage_rank_4/metrics.json
food101_l40s_8q8l2f_multiseed_28641697,100,food101,203_l_ls_r4_h0_lr1em3_wd0p0,203,LoRA depthwise adapter,lora_dw,last_stage,4,no,0.001,0.0,7,0.5414656988197427,0.8513795379537954,0.75846104511176,0.7950891089108911,/Users/haseebshafi/Documents/GitHub/Quadratic-Neurons-vs.-ReLU-How-Much-Nonlinearity-Is-Enough/Haseeb_trials/4_test/data_4seed/food101_l40s_8q8l2f_multiseed_28641697/seed_100/203_l_ls_r4_h0_lr1em3_wd0p0/food101/lora_dw/last_stage_rank_4/metrics.json
food101_l40s_8q8l2f_multiseed_28641697,100,food101,203_l_ls_r4_h0_lr1em3_wd0p0,203,LoRA depthwise adapter,lora_dw,last_stage,4,no,0.001,0.0,8,0.5304340318893835,0.8542706270627063,0.761360499703058,0.7941782178217822,/Users/haseebshafi/Documents/GitHub/Quadratic-Neurons-vs.-ReLU-How-Much-Nonlinearity-Is-Enough/Haseeb_trials/4_test/data_4seed/food101_l40s_8q8l2f_multiseed_28641697/seed_100/203_l_ls_r4_h0_lr1em3_wd0p0/food101/lora_dw/last_stage_rank_4/metrics.json
food101_l40s_8q8l2f_multiseed_28641697,100,food101,203_l_ls_r4_h0_lr1em3_wd0p0,203,LoRA depthwise adapter,lora_dw,last_stage,4,no,0.001,0.0,9,0.5179133763203133,0.8578745874587459,0.763051162098894,0.7944158415841585,/Users/haseebshafi/Documents/GitHub/Quadratic-Neurons-vs.-ReLU-How-Much-Nonlinearity-Is-Enough/Haseeb_trials/4_test/data_4seed/food101_l40s_8q8l2f_multiseed_28641697/seed_100/203_l_ls_r4_h0_lr1em3_wd0p0/food101/lora_dw/last_stage_rank_4/metrics.json
food101_l40s_8q8l2f_multiseed_28641697,100,food101,203_l_ls_r4_h0_lr1em3_wd0p0,203,LoRA depthwise adapter,lora_dw,last_stage,4,no,0.001,0.0,10,0.5064953942503473,0.8608052805280528,0.7712666388030099,0.7916831683168317,/Users/haseebshafi/Documents/GitHub/Quadratic-Neurons-vs.-ReLU-How-Much-Nonlinearity-Is-Enough/Haseeb_trials/4_test/data_4seed/food101_l40s_8q8l2f_multiseed_28641697/seed_100/203_l_ls_r4_h0_lr1em3_wd0p0/food101/lora_dw/last_stage_rank_4/metrics.json
food101_l40s_8q8l2f_multiseed_28641697,100,food101,203_l_ls_r4_h0_lr1em3_wd0p0,203,LoRA depthwise adapter,lora_dw,last_stage,4,no,0.001,0.0,11,0.5004574879663612,0.8620990099009901,0.7699548364582628,0.7920792079207921,/Users/haseebshafi/Documents/GitHub/Quadratic-Neurons-vs.-ReLU-How-Much-Nonlinearity-Is-Enough/Haseeb_trials/4_test/data_4seed/food101_l40s_8q8l2f_multiseed_28641697/seed_100/203_l_ls_r4_h0_lr1em3_wd0p0/food101/lora_dw/last_stage_rank_4/metrics.json
food101_l40s_8q8l2f_multiseed_28641697,100,food101,203_l_ls_r4_h0_lr1em3_wd0p0,203,LoRA depthwise adapter,lora_dw,last_stage,4,no,0.001,0.0,12,0.4901224132559874,0.8673795379537954,0.7757692979609612,0.792990099009901,/Users/haseebshafi/Documents/GitHub/Quadratic-Neurons-vs.-ReLU-How-Much-Nonlinearity-Is-Enough/Haseeb_trials/4_test/data_4seed/food101_l40s_8q8l2f_multiseed_28641697/seed_100/203_l_ls_r4_h0_lr1em3_wd0p0/food101/lora_dw/last_stage_rank_4/metrics.json
food101_l40s_8q8l2f_multiseed_28641697,100,food101,204_l_ls_r2_h0_lr3em4_wd0p01,204,LoRA depthwise adapter,lora_dw,last_stage,2,no,0.0003,0.01,1,0.6863688154708434,0.8142838283828383,0.7586858402950929,0.7892673267326733,/Users/haseebshafi/Documents/GitHub/Quadratic-Neurons-vs.-ReLU-How-Much-Nonlinearity-Is-Enough/Haseeb_trials/4_test/data_4seed/food101_l40s_8q8l2f_multiseed_28641697/seed_100/204_l_ls_r2_h0_lr3em4_wd0p01/food101/lora_dw/last_stage_rank_2/metrics.json
food101_l40s_8q8l2f_multiseed_28641697,100,food101,204_l_ls_r2_h0_lr3em4_wd0p01,204,LoRA depthwise adapter,lora_dw,last_stage,2,no,0.0003,0.01,2,0.6690756546058277,0.8162640264026403,0.7545891089935114,0.7914851485148515,/Users/haseebshafi/Documents/GitHub/Quadratic-Neurons-vs.-ReLU-How-Much-Nonlinearity-Is-Enough/Haseeb_trials/4_test/data_4seed/food101_l40s_8q8l2f_multiseed_28641697/seed_100/204_l_ls_r2_h0_lr3em4_wd0p01/food101/lora_dw/last_stage_rank_2/metrics.json
food101_l40s_8q8l2f_multiseed_28641697,100,food101,204_l_ls_r2_h0_lr3em4_wd0p01,204,LoRA depthwise adapter,lora_dw,last_stage,2,no,0.0003,0.01,3,0.6584921580714361,0.8206732673267326,0.7504767721997629,0.7927524752475248,/Users/haseebshafi/Documents/GitHub/Quadratic-Neurons-vs.-ReLU-How-Much-Nonlinearity-Is-Enough/Haseeb_trials/4_test/data_4seed/food101_l40s_8q8l2f_multiseed_28641697/seed_100/204_l_ls_r2_h0_lr3em4_wd0p01/food101/lora_dw/last_stage_rank_2/metrics.json
food101_l40s_8q8l2f_multiseed_28641697,100,food101,204_l_ls_r2_h0_lr3em4_wd0p01,204,LoRA depthwise adapter,lora_dw,last_stage,2,no,0.0003,0.01,4,0.6461650155605656,0.8234059405940594,0.7486131237096125,0.793940594059406,/Users/haseebshafi/Documents/GitHub/Quadratic-Neurons-vs.-ReLU-How-Much-Nonlinearity-Is-Enough/Haseeb_trials/4_test/data_4seed/food101_l40s_8q8l2f_multiseed_28641697/seed_100/204_l_ls_r2_h0_lr3em4_wd0p01/food101/lora_dw/last_stage_rank_2/metrics.json
food101_l40s_8q8l2f_multiseed_28641697,100,food101,204_l_ls_r2_h0_lr3em4_wd0p01,204,LoRA depthwise adapter,lora_dw,last_stage,2,no,0.0003,0.01,5,0.6379126939065386,0.8235115511551155,0.7457709240205217,0.7938613861386139,/Users/haseebshafi/Documents/GitHub/Quadratic-Neurons-vs.-ReLU-How-Much-Nonlinearity-Is-Enough/Haseeb_trials/4_test/data_4seed/food101_l40s_8q8l2f_multiseed_28641697/seed_100/204_l_ls_r2_h0_lr3em4_wd0p01/food101/lora_dw/last_stage_rank_2/metrics.json
food101_l40s_8q8l2f_multiseed_28641697,100,food101,204_l_ls_r2_h0_lr3em4_wd0p01,204,LoRA depthwise adapter,lora_dw,last_stage,2,no,0.0003,0.01,6,0.6272039079445817,0.8287128712871287,0.7449309836378192,0.7947722772277228,/Users/haseebshafi/Documents/GitHub/Quadratic-Neurons-vs.-ReLU-How-Much-Nonlinearity-Is-Enough/Haseeb_trials/4_test/data_4seed/food101_l40s_8q8l2f_multiseed_28641697/seed_100/204_l_ls_r2_h0_lr3em4_wd0p01/food101/lora_dw/last_stage_rank_2/metrics.json
food101_l40s_8q8l2f_multiseed_28641697,100,food101,204_l_ls_r2_h0_lr3em4_wd0p01,204,LoRA depthwise adapter,lora_dw,last_stage,2,no,0.0003,0.01,7,0.6196479838862278,0.8298349834983498,0.743731580486392,0.7954059405940594,/Users/haseebshafi/Documents/GitHub/Quadratic-Neurons-vs.-ReLU-How-Much-Nonlinearity-Is-Enough/Haseeb_trials/4_test/data_4seed/food101_l40s_8q8l2f_multiseed_28641697/seed_100/204_l_ls_r2_h0_lr3em4_wd0p01/food101/lora_dw/last_stage_rank_2/metrics.json
food101_l40s_8q8l2f_multiseed_28641697,100,food101,204_l_ls_r2_h0_lr3em4_wd0p01,204,LoRA depthwise adapter,lora_dw,last_stage,2,no,0.0003,0.01,8,0.6133974651739542,0.8313795379537954,0.7433866792126457,0.7956831683168317,/Users/haseebshafi/Documents/GitHub/Quadratic-Neurons-vs.-ReLU-How-Much-Nonlinearity-Is-Enough/Haseeb_trials/4_test/data_4seed/food101_l40s_8q8l2f_multiseed_28641697/seed_100/204_l_ls_r2_h0_lr3em4_wd0p01/food101/lora_dw/last_stage_rank_2/metrics.json
food101_l40s_8q8l2f_multiseed_28641697,100,food101,204_l_ls_r2_h0_lr3em4_wd0p01,204,LoRA depthwise adapter,lora_dw,last_stage,2,no,0.0003,0.01,9,0.6028418271777654,0.8343234323432344,0.7439909717800594,0.7956831683168317,/Users/haseebshafi/Documents/GitHub/Quadratic-Neurons-vs.-ReLU-How-Much-Nonlinearity-Is-Enough/Haseeb_trials/4_test/data_4seed/food101_l40s_8q8l2f_multiseed_28641697/seed_100/204_l_ls_r2_h0_lr3em4_wd0p01/food101/lora_dw/last_stage_rank_2/metrics.json
food101_l40s_8q8l2f_multiseed_28641697,100,food101,204_l_ls_r2_h0_lr3em4_wd0p01,204,LoRA depthwise adapter,lora_dw,last_stage,2,no,0.0003,0.01,10,0.59643296124046,0.8367260726072607,0.7451173841788037,0.7952475247524753,/Users/haseebshafi/Documents/GitHub/Quadratic-Neurons-vs.-ReLU-How-Much-Nonlinearity-Is-Enough/Haseeb_trials/4_test/data_4seed/food101_l40s_8q8l2f_multiseed_28641697/seed_100/204_l_ls_r2_h0_lr3em4_wd0p01/food101/lora_dw/last_stage_rank_2/metrics.json
food101_l40s_8q8l2f_multiseed_28641697,100,food101,204_l_ls_r2_h0_lr3em4_wd0p01,204,LoRA depthwise adapter,lora_dw,last_stage,2,no,0.0003,0.01,11,0.5898152343463583,0.8387326732673267,0.7447935661632236,0.7950495049504951,/Users/haseebshafi/Documents/GitHub/Quadratic-Neurons-vs.-ReLU-How-Much-Nonlinearity-Is-Enough/Haseeb_trials/4_test/data_4seed/food101_l40s_8q8l2f_multiseed_28641697/seed_100/204_l_ls_r2_h0_lr3em4_wd0p01/food101/lora_dw/last_stage_rank_2/metrics.json
food101_l40s_8q8l2f_multiseed_28641697,100,food101,204_l_ls_r2_h0_lr3em4_wd0p01,204,LoRA depthwise adapter,lora_dw,last_stage,2,no,0.0003,0.01,12,0.5807200863589548,0.8404620462046205,0.7457934737535986,0.795009900990099,/Users/haseebshafi/Documents/GitHub/Quadratic-Neurons-vs.-ReLU-How-Much-Nonlinearity-Is-Enough/Haseeb_trials/4_test/data_4seed/food101_l40s_8q8l2f_multiseed_28641697/seed_100/204_l_ls_r2_h0_lr3em4_wd0p01/food101/lora_dw/last_stage_rank_2/metrics.json
food101_l40s_8q8l2f_multiseed_28641697,100,food101,205_l_all_r1_h0_lr3em4_wd0p0,205,LoRA depthwise adapter,lora_dw,all,1,no,0.0003,0.0,1,0.6654414157230075,0.8189306930693069,0.7187236509228697,0.8005940594059406,/Users/haseebshafi/Documents/GitHub/Quadratic-Neurons-vs.-ReLU-How-Much-Nonlinearity-Is-Enough/Haseeb_trials/4_test/data_4seed/food101_l40s_8q8l2f_multiseed_28641697/seed_100/205_l_all_r1_h0_lr3em4_wd0p0/food101/lora_dw/all_rank_1/metrics.json
food101_l40s_8q8l2f_multiseed_28641697,100,food101,205_l_all_r1_h0_lr3em4_wd0p0,205,LoRA depthwise adapter,lora_dw,all,1,no,0.0003,0.0,2,0.6297236018102161,0.8272343234323433,0.7052824100456615,0.8053069306930694,/Users/haseebshafi/Documents/GitHub/Quadratic-Neurons-vs.-ReLU-How-Much-Nonlinearity-Is-Enough/Haseeb_trials/4_test/data_4seed/food101_l40s_8q8l2f_multiseed_28641697/seed_100/205_l_all_r1_h0_lr3em4_wd0p0/food101/lora_dw/all_rank_1/metrics.json
food101_l40s_8q8l2f_multiseed_28641697,100,food101,205_l_all_r1_h0_lr3em4_wd0p0,205,LoRA depthwise adapter,lora_dw,all,1,no,0.0003,0.0,3,0.6128102263585963,0.8333729372937294,0.6964114336424535,0.8072475247524753,/Users/haseebshafi/Documents/GitHub/Quadratic-Neurons-vs.-ReLU-How-Much-Nonlinearity-Is-Enough/Haseeb_trials/4_test/data_4seed/food101_l40s_8q8l2f_multiseed_28641697/seed_100/205_l_all_r1_h0_lr3em4_wd0p0/food101/lora_dw/all_rank_1/metrics.json
food101_l40s_8q8l2f_multiseed_28641697,100,food101,205_l_all_r1_h0_lr3em4_wd0p0,205,LoRA depthwise adapter,lora_dw,all,1,no,0.0003,0.0,4,0.5977541825354296,0.8361452145214522,0.6900673937726729,0.8094257425742575,/Users/haseebshafi/Documents/GitHub/Quadratic-Neurons-vs.-ReLU-How-Much-Nonlinearity-Is-Enough/Haseeb_trials/4_test/data_4seed/food101_l40s_8q8l2f_multiseed_28641697/seed_100/205_l_all_r1_h0_lr3em4_wd0p0/food101/lora_dw/all_rank_1/metrics.json
food101_l40s_8q8l2f_multiseed_28641697,100,food101,205_l_all_r1_h0_lr3em4_wd0p0,205,LoRA depthwise adapter,lora_dw,all,1,no,0.0003,0.0,5,0.577661932616344,0.8417953795379538,0.6857181637971708,0.8107326732673268,/Users/haseebshafi/Documents/GitHub/Quadratic-Neurons-vs.-ReLU-How-Much-Nonlinearity-Is-Enough/Haseeb_trials/4_test/data_4seed/food101_l40s_8q8l2f_multiseed_28641697/seed_100/205_l_all_r1_h0_lr3em4_wd0p0/food101/lora_dw/all_rank_1/metrics.json
food101_l40s_8q8l2f_multiseed_28641697,100,food101,205_l_all_r1_h0_lr3em4_wd0p0,205,LoRA depthwise adapter,lora_dw,all,1,no,0.0003,0.0,6,0.5607644255814379,0.8463366336633663,0.6825460410448584,0.8117623762376238,/Users/haseebshafi/Documents/GitHub/Quadratic-Neurons-vs.-ReLU-How-Much-Nonlinearity-Is-Enough/Haseeb_trials/4_test/data_4seed/food101_l40s_8q8l2f_multiseed_28641697/seed_100/205_l_all_r1_h0_lr3em4_wd0p0/food101/lora_dw/all_rank_1/metrics.json
food101_l40s_8q8l2f_multiseed_28641697,100,food101,205_l_all_r1_h0_lr3em4_wd0p0,205,LoRA depthwise adapter,lora_dw,all,1,no,0.0003,0.0,7,0.5442879164273983,0.8511287128712871,0.6790046003289743,0.8142178217821782,/Users/haseebshafi/Documents/GitHub/Quadratic-Neurons-vs.-ReLU-How-Much-Nonlinearity-Is-Enough/Haseeb_trials/4_test/data_4seed/food101_l40s_8q8l2f_multiseed_28641697/seed_100/205_l_all_r1_h0_lr3em4_wd0p0/food101/lora_dw/all_rank_1/metrics.json
food101_l40s_8q8l2f_multiseed_28641697,100,food101,205_l_all_r1_h0_lr3em4_wd0p0,205,LoRA depthwise adapter,lora_dw,all,1,no,0.0003,0.0,8,0.5261155931217836,0.8558811881188119,0.6816838714698754,0.8137425742574257,/Users/haseebshafi/Documents/GitHub/Quadratic-Neurons-vs.-ReLU-How-Much-Nonlinearity-Is-Enough/Haseeb_trials/4_test/data_4seed/food101_l40s_8q8l2f_multiseed_28641697/seed_100/205_l_all_r1_h0_lr3em4_wd0p0/food101/lora_dw/all_rank_1/metrics.json
food101_l40s_8q8l2f_multiseed_28641697,100,food101,205_l_all_r1_h0_lr3em4_wd0p0,205,LoRA depthwise adapter,lora_dw,all,1,no,0.0003,0.0,9,0.5115350110578065,0.8598547854785479,0.6806842071632347,0.8136237623762376,/Users/haseebshafi/Documents/GitHub/Quadratic-Neurons-vs.-ReLU-How-Much-Nonlinearity-Is-Enough/Haseeb_trials/4_test/data_4seed/food101_l40s_8q8l2f_multiseed_28641697/seed_100/205_l_all_r1_h0_lr3em4_wd0p0/food101/lora_dw/all_rank_1/metrics.json
food101_l40s_8q8l2f_multiseed_28641697,100,food101,205_l_all_r1_h0_lr3em4_wd0p0,205,LoRA depthwise adapter,lora_dw,all,1,no,0.0003,0.0,10,0.49630483630466776,0.8645544554455445,0.6826434134917684,0.8128316831683168,/Users/haseebshafi/Documents/GitHub/Quadratic-Neurons-vs.-ReLU-How-Much-Nonlinearity-Is-Enough/Haseeb_trials/4_test/data_4seed/food101_l40s_8q8l2f_multiseed_28641697/seed_100/205_l_all_r1_h0_lr3em4_wd0p0/food101/lora_dw/all_rank_1/metrics.json
food101_l40s_8q8l2f_multiseed_28641697,100,food101,205_l_all_r1_h0_lr3em4_wd0p0,205,LoRA depthwise adapter,lora_dw,all,1,no,0.0003,0.0,11,0.4803516510902065,0.8682112211221122,0.6857093804354715,0.8126732673267326,/Users/haseebshafi/Documents/GitHub/Quadratic-Neurons-vs.-ReLU-How-Much-Nonlinearity-Is-Enough/Haseeb_trials/4_test/data_4seed/food101_l40s_8q8l2f_multiseed_28641697/seed_100/205_l_all_r1_h0_lr3em4_wd0p0/food101/lora_dw/all_rank_1/metrics.json
food101_l40s_8q8l2f_multiseed_28641697,100,food101,205_l_all_r1_h0_lr3em4_wd0p0,205,LoRA depthwise adapter,lora_dw,all,1,no,0.0003,0.0,12,0.46656756087419615,0.8733465346534653,0.6886373204972485,0.8133861386138613,/Users/haseebshafi/Documents/GitHub/Quadratic-Neurons-vs.-ReLU-How-Much-Nonlinearity-Is-Enough/Haseeb_trials/4_test/data_4seed/food101_l40s_8q8l2f_multiseed_28641697/seed_100/205_l_all_r1_h0_lr3em4_wd0p0/food101/lora_dw/all_rank_1/metrics.json
food101_l40s_8q8l2f_multiseed_28641697,100,food101,206_l_all_r2_h0_lr3em4_wd0p0,206,LoRA depthwise adapter,lora_dw,all,2,no,0.0003,0.0,1,0.6584616235349044,0.8219141914191419,0.7129488286641564,0.8022178217821783,/Users/haseebshafi/Documents/GitHub/Quadratic-Neurons-vs.-ReLU-How-Much-Nonlinearity-Is-Enough/Haseeb_trials/4_test/data_4seed/food101_l40s_8q8l2f_multiseed_28641697/seed_100/206_l_all_r2_h0_lr3em4_wd0p0/food101/lora_dw/all_rank_2/metrics.json
food101_l40s_8q8l2f_multiseed_28641697,100,food101,206_l_all_r2_h0_lr3em4_wd0p0,206,LoRA depthwise adapter,lora_dw,all,2,no,0.0003,0.0,2,0.6191416274297356,0.8310363036303631,0.6981398962913173,0.8064554455445545,/Users/haseebshafi/Documents/GitHub/Quadratic-Neurons-vs.-ReLU-How-Much-Nonlinearity-Is-Enough/Haseeb_trials/4_test/data_4seed/food101_l40s_8q8l2f_multiseed_28641697/seed_100/206_l_all_r2_h0_lr3em4_wd0p0/food101/lora_dw/all_rank_2/metrics.json
food101_l40s_8q8l2f_multiseed_28641697,100,food101,206_l_all_r2_h0_lr3em4_wd0p0,206,LoRA depthwise adapter,lora_dw,all,2,no,0.0003,0.0,3,0.597713561583667,0.8361056105610561,0.6891610110679476,0.8091485148514852,/Users/haseebshafi/Documents/GitHub/Quadratic-Neurons-vs.-ReLU-How-Much-Nonlinearity-Is-Enough/Haseeb_trials/4_test/data_4seed/food101_l40s_8q8l2f_multiseed_28641697/seed_100/206_l_all_r2_h0_lr3em4_wd0p0/food101/lora_dw/all_rank_2/metrics.json
food101_l40s_8q8l2f_multiseed_28641697,100,food101,206_l_all_r2_h0_lr3em4_wd0p0,206,LoRA depthwise adapter,lora_dw,all,2,no,0.0003,0.0,4,0.5758234639041888,0.8412805280528053,0.680619968204215,0.8110495049504951,/Users/haseebshafi/Documents/GitHub/Quadratic-Neurons-vs.-ReLU-How-Much-Nonlinearity-Is-Enough/Haseeb_trials/4_test/data_4seed/food101_l40s_8q8l2f_multiseed_28641697/seed_100/206_l_all_r2_h0_lr3em4_wd0p0/food101/lora_dw/all_rank_2/metrics.json
food101_l40s_8q8l2f_multiseed_28641697,100,food101,206_l_all_r2_h0_lr3em4_wd0p0,206,LoRA depthwise adapter,lora_dw,all,2,no,0.0003,0.0,5,0.5516534984686193,0.8493201320132013,0.6794589354944701,0.8120792079207921,/Users/haseebshafi/Documents/GitHub/Quadratic-Neurons-vs.-ReLU-How-Much-Nonlinearity-Is-Enough/Haseeb_trials/4_test/data_4seed/food101_l40s_8q8l2f_multiseed_28641697/seed_100/206_l_all_r2_h0_lr3em4_wd0p0/food101/lora_dw/all_rank_2/metrics.json
food101_l40s_8q8l2f_multiseed_28641697,100,food101,206_l_all_r2_h0_lr3em4_wd0p0,206,LoRA depthwise adapter,lora_dw,all,2,no,0.0003,0.0,6,0.5281801603823999,0.8555775577557756,0.6793321004763688,0.813108910891089,/Users/haseebshafi/Documents/GitHub/Quadratic-Neurons-vs.-ReLU-How-Much-Nonlinearity-Is-Enough/Haseeb_trials/4_test/data_4seed/food101_l40s_8q8l2f_multiseed_28641697/seed_100/206_l_all_r2_h0_lr3em4_wd0p0/food101/lora_dw/all_rank_2/metrics.json
food101_l40s_8q8l2f_multiseed_28641697,100,food101,206_l_all_r2_h0_lr3em4_wd0p0,206,LoRA depthwise adapter,lora_dw,all,2,no,0.0003,0.0,7,0.5046114428625642,0.8613333333333333,0.6808422321092964,0.8133069306930693,/Users/haseebshafi/Documents/GitHub/Quadratic-Neurons-vs.-ReLU-How-Much-Nonlinearity-Is-Enough/Haseeb_trials/4_test/data_4seed/food101_l40s_8q8l2f_multiseed_28641697/seed_100/206_l_all_r2_h0_lr3em4_wd0p0/food101/lora_dw/all_rank_2/metrics.json
food101_l40s_8q8l2f_multiseed_28641697,100,food101,206_l_all_r2_h0_lr3em4_wd0p0,206,LoRA depthwise adapter,lora_dw,all,2,no,0.0003,0.0,8,0.4824223839504884,0.8684620462046204,0.6839598218733721,0.8139009900990098,/Users/haseebshafi/Documents/GitHub/Quadratic-Neurons-vs.-ReLU-How-Much-Nonlinearity-Is-Enough/Haseeb_trials/4_test/data_4seed/food101_l40s_8q8l2f_multiseed_28641697/seed_100/206_l_all_r2_h0_lr3em4_wd0p0/food101/lora_dw/all_rank_2/metrics.json
food101_l40s_8q8l2f_multiseed_28641697,100,food101,206_l_all_r2_h0_lr3em4_wd0p0,206,LoRA depthwise adapter,lora_dw,all,2,no,0.0003,0.0,9,0.46610650803547093,0.8718415841584158,0.6852540886756218,0.8134653465346534,/Users/haseebshafi/Documents/GitHub/Quadratic-Neurons-vs.-ReLU-How-Much-Nonlinearity-Is-Enough/Haseeb_trials/4_test/data_4seed/food101_l40s_8q8l2f_multiseed_28641697/seed_100/206_l_all_r2_h0_lr3em4_wd0p0/food101/lora_dw/all_rank_2/metrics.json
food101_l40s_8q8l2f_multiseed_28641697,100,food101,206_l_all_r2_h0_lr3em4_wd0p0,206,LoRA depthwise adapter,lora_dw,all,2,no,0.0003,0.0,10,0.44495910618407497,0.8793003300330033,0.6904503703471457,0.811960396039604,/Users/haseebshafi/Documents/GitHub/Quadratic-Neurons-vs.-ReLU-How-Much-Nonlinearity-Is-Enough/Haseeb_trials/4_test/data_4seed/food101_l40s_8q8l2f_multiseed_28641697/seed_100/206_l_all_r2_h0_lr3em4_wd0p0/food101/lora_dw/all_rank_2/metrics.json
food101_l40s_8q8l2f_multiseed_28641697,100,food101,206_l_all_r2_h0_lr3em4_wd0p0,206,LoRA depthwise adapter,lora_dw,all,2,no,0.0003,0.0,11,0.4277038841939995,0.8843168316831683,0.6933284277821531,0.8121980198019803,/Users/haseebshafi/Documents/GitHub/Quadratic-Neurons-vs.-ReLU-How-Much-Nonlinearity-Is-Enough/Haseeb_trials/4_test/data_4seed/food101_l40s_8q8l2f_multiseed_28641697/seed_100/206_l_all_r2_h0_lr3em4_wd0p0/food101/lora_dw/all_rank_2/metrics.json
food101_l40s_8q8l2f_multiseed_28641697,100,food101,206_l_all_r2_h0_lr3em4_wd0p0,206,LoRA depthwise adapter,lora_dw,all,2,no,0.0003,0.0,12,0.41508657782778097,0.8885808580858086,0.6992911072792393,0.8115247524752476,/Users/haseebshafi/Documents/GitHub/Quadratic-Neurons-vs.-ReLU-How-Much-Nonlinearity-Is-Enough/Haseeb_trials/4_test/data_4seed/food101_l40s_8q8l2f_multiseed_28641697/seed_100/206_l_all_r2_h0_lr3em4_wd0p0/food101/lora_dw/all_rank_2/metrics.json
food101_l40s_8q8l2f_multiseed_28641697,100,food101,207_l_ls_r2_h1_lr1em4_wd0p0,207,LoRA depthwise adapter,lora_dw,last_stage,2,yes,0.0001,0.0,1,0.6890730949227173,0.8167260726072607,0.7498201935598166,0.7896237623762377,/Users/haseebshafi/Documents/GitHub/Quadratic-Neurons-vs.-ReLU-How-Much-Nonlinearity-Is-Enough/Haseeb_trials/4_test/data_4seed/food101_l40s_8q8l2f_multiseed_28641697/seed_100/207_l_ls_r2_h1_lr1em4_wd0p0/food101/lora_dw/last_stage_rank_2/metrics.json
food101_l40s_8q8l2f_multiseed_28641697,100,food101,207_l_ls_r2_h1_lr1em4_wd0p0,207,LoRA depthwise adapter,lora_dw,last_stage,2,yes,0.0001,0.0,2,0.6739057413422235,0.8181782178217821,0.7480016923115985,0.7915643564356436,/Users/haseebshafi/Documents/GitHub/Quadratic-Neurons-vs.-ReLU-How-Much-Nonlinearity-Is-Enough/Haseeb_trials/4_test/data_4seed/food101_l40s_8q8l2f_multiseed_28641697/seed_100/207_l_ls_r2_h1_lr1em4_wd0p0/food101/lora_dw/last_stage_rank_2/metrics.json
food101_l40s_8q8l2f_multiseed_28641697,100,food101,207_l_ls_r2_h1_lr1em4_wd0p0,207,LoRA depthwise adapter,lora_dw,last_stage,2,yes,0.0001,0.0,3,0.664445139164185,0.8217293729372938,0.7466483631181244,0.7913267326732674,/Users/haseebshafi/Documents/GitHub/Quadratic-Neurons-vs.-ReLU-How-Much-Nonlinearity-Is-Enough/Haseeb_trials/4_test/data_4seed/food101_l40s_8q8l2f_multiseed_28641697/seed_100/207_l_ls_r2_h1_lr1em4_wd0p0/food101/lora_dw/last_stage_rank_2/metrics.json
food101_l40s_8q8l2f_multiseed_28641697,100,food101,207_l_ls_r2_h1_lr1em4_wd0p0,207,LoRA depthwise adapter,lora_dw,last_stage,2,yes,0.0001,0.0,4,0.6551322918646406,0.8227986798679868,0.7456867129755492,0.792910891089109,/Users/haseebshafi/Documents/GitHub/Quadratic-Neurons-vs.-ReLU-How-Much-Nonlinearity-Is-Enough/Haseeb_trials/4_test/data_4seed/food101_l40s_8q8l2f_multiseed_28641697/seed_100/207_l_ls_r2_h1_lr1em4_wd0p0/food101/lora_dw/last_stage_rank_2/metrics.json
food101_l40s_8q8l2f_multiseed_28641697,100,food101,207_l_ls_r2_h1_lr1em4_wd0p0,207,LoRA depthwise adapter,lora_dw,last_stage,2,yes,0.0001,0.0,5,0.6498621026918833,0.8224554455445544,0.7450080863083943,0.792950495049505,/Users/haseebshafi/Documents/GitHub/Quadratic-Neurons-vs.-ReLU-How-Much-Nonlinearity-Is-Enough/Haseeb_trials/4_test/data_4seed/food101_l40s_8q8l2f_multiseed_28641697/seed_100/207_l_ls_r2_h1_lr1em4_wd0p0/food101/lora_dw/last_stage_rank_2/metrics.json
food101_l40s_8q8l2f_multiseed_28641697,100,food101,207_l_ls_r2_h1_lr1em4_wd0p0,207,LoRA depthwise adapter,lora_dw,last_stage,2,yes,0.0001,0.0,6,0.6437255220712215,0.8254917491749175,0.7450402365320979,0.7921584158415842,/Users/haseebshafi/Documents/GitHub/Quadratic-Neurons-vs.-ReLU-How-Much-Nonlinearity-Is-Enough/Haseeb_trials/4_test/data_4seed/food101_l40s_8q8l2f_multiseed_28641697/seed_100/207_l_ls_r2_h1_lr1em4_wd0p0/food101/lora_dw/last_stage_rank_2/metrics.json
food101_l40s_8q8l2f_multiseed_28641697,100,food101,207_l_ls_r2_h1_lr1em4_wd0p0,207,LoRA depthwise adapter,lora_dw,last_stage,2,yes,0.0001,0.0,7,0.6393786277975579,0.8263102310231023,0.7446538553568396,0.7939009900990099,/Users/haseebshafi/Documents/GitHub/Quadratic-Neurons-vs.-ReLU-How-Much-Nonlinearity-Is-Enough/Haseeb_trials/4_test/data_4seed/food101_l40s_8q8l2f_multiseed_28641697/seed_100/207_l_ls_r2_h1_lr1em4_wd0p0/food101/lora_dw/last_stage_rank_2/metrics.json
food101_l40s_8q8l2f_multiseed_28641697,100,food101,207_l_ls_r2_h1_lr1em4_wd0p0,207,LoRA depthwise adapter,lora_dw,last_stage,2,yes,0.0001,0.0,8,0.6357683369019638,0.8263894389438944,0.7445062094466521,0.792950495049505,/Users/haseebshafi/Documents/GitHub/Quadratic-Neurons-vs.-ReLU-How-Much-Nonlinearity-Is-Enough/Haseeb_trials/4_test/data_4seed/food101_l40s_8q8l2f_multiseed_28641697/seed_100/207_l_ls_r2_h1_lr1em4_wd0p0/food101/lora_dw/last_stage_rank_2/metrics.json
food101_l40s_8q8l2f_multiseed_28641697,100,food101,207_l_ls_r2_h1_lr1em4_wd0p0,207,LoRA depthwise adapter,lora_dw,last_stage,2,yes,0.0001,0.0,9,0.629234259182077,0.8276303630363037,0.7438722884725816,0.7937425742574258,/Users/haseebshafi/Documents/GitHub/Quadratic-Neurons-vs.-ReLU-How-Much-Nonlinearity-Is-Enough/Haseeb_trials/4_test/data_4seed/food101_l40s_8q8l2f_multiseed_28641697/seed_100/207_l_ls_r2_h1_lr1em4_wd0p0/food101/lora_dw/last_stage_rank_2/metrics.json
food101_l40s_8q8l2f_multiseed_28641697,100,food101,207_l_ls_r2_h1_lr1em4_wd0p0,207,LoRA depthwise adapter,lora_dw,last_stage,2,yes,0.0001,0.0,10,0.6260903325631674,0.8295313531353136,0.7434300411762578,0.7933861386138614,/Users/haseebshafi/Documents/GitHub/Quadratic-Neurons-vs.-ReLU-How-Much-Nonlinearity-Is-Enough/Haseeb_trials/4_test/data_4seed/food101_l40s_8q8l2f_multiseed_28641697/seed_100/207_l_ls_r2_h1_lr1em4_wd0p0/food101/lora_dw/last_stage_rank_2/metrics.json
food101_l40s_8q8l2f_multiseed_28641697,100,food101,207_l_ls_r2_h1_lr1em4_wd0p0,207,LoRA depthwise adapter,lora_dw,last_stage,2,yes,0.0001,0.0,11,0.6199060925430198,0.8312607260726073,0.7437262265115682,0.7934653465346535,/Users/haseebshafi/Documents/GitHub/Quadratic-Neurons-vs.-ReLU-How-Much-Nonlinearity-Is-Enough/Haseeb_trials/4_test/data_4seed/food101_l40s_8q8l2f_multiseed_28641697/seed_100/207_l_ls_r2_h1_lr1em4_wd0p0/food101/lora_dw/last_stage_rank_2/metrics.json
food101_l40s_8q8l2f_multiseed_28641697,100,food101,207_l_ls_r2_h1_lr1em4_wd0p0,207,LoRA depthwise adapter,lora_dw,last_stage,2,yes,0.0001,0.0,12,0.6138271490150552,0.830917491749175,0.7426326026963715,0.7939009900990099,/Users/haseebshafi/Documents/GitHub/Quadratic-Neurons-vs.-ReLU-How-Much-Nonlinearity-Is-Enough/Haseeb_trials/4_test/data_4seed/food101_l40s_8q8l2f_multiseed_28641697/seed_100/207_l_ls_r2_h1_lr1em4_wd0p0/food101/lora_dw/last_stage_rank_2/metrics.json
food101_l40s_8q8l2f_multiseed_28641697,100,food101,208_l_all_r2_h1_lr1em4_wd0p0,208,LoRA depthwise adapter,lora_dw,all,2,yes,0.0001,0.0,1,0.6734794019189212,0.8212277227722772,0.7193235027648435,0.7987326732673268,/Users/haseebshafi/Documents/GitHub/Quadratic-Neurons-vs.-ReLU-How-Much-Nonlinearity-Is-Enough/Haseeb_trials/4_test/data_4seed/food101_l40s_8q8l2f_multiseed_28641697/seed_100/208_l_all_r2_h1_lr1em4_wd0p0/food101/lora_dw/all_rank_2/metrics.json
food101_l40s_8q8l2f_multiseed_28641697,100,food101,208_l_all_r2_h1_lr1em4_wd0p0,208,LoRA depthwise adapter,lora_dw,all,2,yes,0.0001,0.0,2,0.6350743462008611,0.8283300330033003,0.7056209811999066,0.8027722772277228,/Users/haseebshafi/Documents/GitHub/Quadratic-Neurons-vs.-ReLU-How-Much-Nonlinearity-Is-Enough/Haseeb_trials/4_test/data_4seed/food101_l40s_8q8l2f_multiseed_28641697/seed_100/208_l_all_r2_h1_lr1em4_wd0p0/food101/lora_dw/all_rank_2/metrics.json
food101_l40s_8q8l2f_multiseed_28641697,100,food101,208_l_all_r2_h1_lr1em4_wd0p0,208,LoRA depthwise adapter,lora_dw,all,2,yes,0.0001,0.0,3,0.6212059360573394,0.8306534653465346,0.6990893213961384,0.8052277227722773,/Users/haseebshafi/Documents/GitHub/Quadratic-Neurons-vs.-ReLU-How-Much-Nonlinearity-Is-Enough/Haseeb_trials/4_test/data_4seed/food101_l40s_8q8l2f_multiseed_28641697/seed_100/208_l_all_r2_h1_lr1em4_wd0p0/food101/lora_dw/all_rank_2/metrics.json
food101_l40s_8q8l2f_multiseed_28641697,100,food101,208_l_all_r2_h1_lr1em4_wd0p0,208,LoRA depthwise adapter,lora_dw,all,2,yes,0.0001,0.0,4,0.6101404717055091,0.8331881188118812,0.6943265793535969,0.8062574257425743,/Users/haseebshafi/Documents/GitHub/Quadratic-Neurons-vs.-ReLU-How-Much-Nonlinearity-Is-Enough/Haseeb_trials/4_test/data_4seed/food101_l40s_8q8l2f_multiseed_28641697/seed_100/208_l_all_r2_h1_lr1em4_wd0p0/food101/lora_dw/all_rank_2/metrics.json
food101_l40s_8q8l2f_multiseed_28641697,100,food101,208_l_all_r2_h1_lr1em4_wd0p0,208,LoRA depthwise adapter,lora_dw,all,2,yes,0.0001,0.0,5,0.5976730573688797,0.8370957095709571,0.6904517442424699,0.8081188118811882,/Users/haseebshafi/Documents/GitHub/Quadratic-Neurons-vs.-ReLU-How-Much-Nonlinearity-Is-Enough/Haseeb_trials/4_test/data_4seed/food101_l40s_8q8l2f_multiseed_28641697/seed_100/208_l_all_r2_h1_lr1em4_wd0p0/food101/lora_dw/all_rank_2/metrics.json
food101_l40s_8q8l2f_multiseed_28641697,100,food101,208_l_all_r2_h1_lr1em4_wd0p0,208,LoRA depthwise adapter,lora_dw,all,2,yes,0.0001,0.0,6,0.585877750124475,0.8405808580858086,0.685788433587197,0.8087920792079208,/Users/haseebshafi/Documents/GitHub/Quadratic-Neurons-vs.-ReLU-How-Much-Nonlinearity-Is-Enough/Haseeb_trials/4_test/data_4seed/food101_l40s_8q8l2f_multiseed_28641697/seed_100/208_l_all_r2_h1_lr1em4_wd0p0/food101/lora_dw/all_rank_2/metrics.json
food101_l40s_8q8l2f_multiseed_28641697,100,food101,208_l_all_r2_h1_lr1em4_wd0p0,208,LoRA depthwise adapter,lora_dw,all,2,yes,0.0001,0.0,7,0.5739896339032516,0.8432871287128713,0.684101162912822,0.8105346534653466,/Users/haseebshafi/Documents/GitHub/Quadratic-Neurons-vs.-ReLU-How-Much-Nonlinearity-Is-Enough/Haseeb_trials/4_test/data_4seed/food101_l40s_8q8l2f_multiseed_28641697/seed_100/208_l_all_r2_h1_lr1em4_wd0p0/food101/lora_dw/all_rank_2/metrics.json
food101_l40s_8q8l2f_multiseed_28641697,100,food101,208_l_all_r2_h1_lr1em4_wd0p0,208,LoRA depthwise adapter,lora_dw,all,2,yes,0.0001,0.0,8,0.5613739773762895,0.8457293729372938,0.6813422711981405,0.8110891089108911,/Users/haseebshafi/Documents/GitHub/Quadratic-Neurons-vs.-ReLU-How-Much-Nonlinearity-Is-Enough/Haseeb_trials/4_test/data_4seed/food101_l40s_8q8l2f_multiseed_28641697/seed_100/208_l_all_r2_h1_lr1em4_wd0p0/food101/lora_dw/all_rank_2/metrics.json
food101_l40s_8q8l2f_multiseed_28641697,100,food101,208_l_all_r2_h1_lr1em4_wd0p0,208,LoRA depthwise adapter,lora_dw,all,2,yes,0.0001,0.0,9,0.5544676282972393,0.8475379537953796,0.6785593734306864,0.8115247524752476,/Users/haseebshafi/Documents/GitHub/Quadratic-Neurons-vs.-ReLU-How-Much-Nonlinearity-Is-Enough/Haseeb_trials/4_test/data_4seed/food101_l40s_8q8l2f_multiseed_28641697/seed_100/208_l_all_r2_h1_lr1em4_wd0p0/food101/lora_dw/all_rank_2/metrics.json
food101_l40s_8q8l2f_multiseed_28641697,100,food101,208_l_all_r2_h1_lr1em4_wd0p0,208,LoRA depthwise adapter,lora_dw,all,2,yes,0.0001,0.0,10,0.5414622319917081,0.8518151815181518,0.6777492847867531,0.8125148514851485,/Users/haseebshafi/Documents/GitHub/Quadratic-Neurons-vs.-ReLU-How-Much-Nonlinearity-Is-Enough/Haseeb_trials/4_test/data_4seed/food101_l40s_8q8l2f_multiseed_28641697/seed_100/208_l_all_r2_h1_lr1em4_wd0p0/food101/lora_dw/all_rank_2/metrics.json
food101_l40s_8q8l2f_multiseed_28641697,100,food101,208_l_all_r2_h1_lr1em4_wd0p0,208,LoRA depthwise adapter,lora_dw,all,2,yes,0.0001,0.0,11,0.5316166388665883,0.853980198019802,0.6746321875529714,0.8138217821782178,/Users/haseebshafi/Documents/GitHub/Quadratic-Neurons-vs.-ReLU-How-Much-Nonlinearity-Is-Enough/Haseeb_trials/4_test/data_4seed/food101_l40s_8q8l2f_multiseed_28641697/seed_100/208_l_all_r2_h1_lr1em4_wd0p0/food101/lora_dw/all_rank_2/metrics.json
food101_l40s_8q8l2f_multiseed_28641697,100,food101,208_l_all_r2_h1_lr1em4_wd0p0,208,LoRA depthwise adapter,lora_dw,all,2,yes,0.0001,0.0,12,0.525483874865491,0.8565016501650164,0.6746713253035403,0.8139801980198019,/Users/haseebshafi/Documents/GitHub/Quadratic-Neurons-vs.-ReLU-How-Much-Nonlinearity-Is-Enough/Haseeb_trials/4_test/data_4seed/food101_l40s_8q8l2f_multiseed_28641697/seed_100/208_l_all_r2_h1_lr1em4_wd0p0/food101/lora_dw/all_rank_2/metrics.json
food101_l40s_8q8l2f_multiseed_28641697,100,food101,301_f_lr1e4_wd0p01,301,Full fine-tune,full_finetune,all,full,full,0.0001,0.01,1,1.701225231200555,0.6337557755775578,0.6518779771351578,0.8286336633663366,/Users/haseebshafi/Documents/GitHub/Quadratic-Neurons-vs.-ReLU-How-Much-Nonlinearity-Is-Enough/Haseeb_trials/4_test/data_4seed/food101_l40s_8q8l2f_multiseed_28641697/seed_100/301_f_lr1e4_wd0p01/food101/full_finetune/metrics.json
food101_l40s_8q8l2f_multiseed_28641697,100,food101,301_f_lr1e4_wd0p01,301,Full fine-tune,full_finetune,all,full,full,0.0001,0.01,2,0.644916522498178,0.8369240924092409,0.5373171584818622,0.8464158415841584,/Users/haseebshafi/Documents/GitHub/Quadratic-Neurons-vs.-ReLU-How-Much-Nonlinearity-Is-Enough/Haseeb_trials/4_test/data_4seed/food101_l40s_8q8l2f_multiseed_28641697/seed_100/301_f_lr1e4_wd0p01/food101/full_finetune/metrics.json
food101_l40s_8q8l2f_multiseed_28641697,100,food101,301_f_lr1e4_wd0p01,301,Full fine-tune,full_finetune,all,full,full,0.0001,0.01,3,0.3510763622416128,0.9108910891089109,0.49139135973996456,0.8597623762376237,/Users/haseebshafi/Documents/GitHub/Quadratic-Neurons-vs.-ReLU-How-Much-Nonlinearity-Is-Enough/Haseeb_trials/4_test/data_4seed/food101_l40s_8q8l2f_multiseed_28641697/seed_100/301_f_lr1e4_wd0p01/food101/full_finetune/metrics.json
food101_l40s_8q8l2f_multiseed_28641697,100,food101,301_f_lr1e4_wd0p01,301,Full fine-tune,full_finetune,all,full,full,0.0001,0.01,4,0.18731394673220003,0.9542046204620462,0.5233059152836846,0.8577425742574257,/Users/haseebshafi/Documents/GitHub/Quadratic-Neurons-vs.-ReLU-How-Much-Nonlinearity-Is-Enough/Haseeb_trials/4_test/data_4seed/food101_l40s_8q8l2f_multiseed_28641697/seed_100/301_f_lr1e4_wd0p01/food101/full_finetune/metrics.json
food101_l40s_8q8l2f_multiseed_28641697,100,food101,301_f_lr1e4_wd0p01,301,Full fine-tune,full_finetune,all,full,full,0.0001,0.01,5,0.11112734760585004,0.9721848184818482,0.5465279854052137,0.8594059405940594,/Users/haseebshafi/Documents/GitHub/Quadratic-Neurons-vs.-ReLU-How-Much-Nonlinearity-Is-Enough/Haseeb_trials/4_test/data_4seed/food101_l40s_8q8l2f_multiseed_28641697/seed_100/301_f_lr1e4_wd0p01/food101/full_finetune/metrics.json
food101_l40s_8q8l2f_multiseed_28641697,100,food101,301_f_lr1e4_wd0p01,301,Full fine-tune,full_finetune,all,full,full,0.0001,0.01,6,0.07694940472003257,0.9802244224422442,0.5956385097881355,0.8571485148514851,/Users/haseebshafi/Documents/GitHub/Quadratic-Neurons-vs.-ReLU-How-Much-Nonlinearity-Is-Enough/Haseeb_trials/4_test/data_4seed/food101_l40s_8q8l2f_multiseed_28641697/seed_100/301_f_lr1e4_wd0p01/food101/full_finetune/metrics.json
food101_l40s_8q8l2f_multiseed_28641697,100,food101,301_f_lr1e4_wd0p01,301,Full fine-tune,full_finetune,all,full,full,0.0001,0.01,7,0.06383917350560525,0.9825346534653465,0.6115774834628153,0.8596435643564356,/Users/haseebshafi/Documents/GitHub/Quadratic-Neurons-vs.-ReLU-How-Much-Nonlinearity-Is-Enough/Haseeb_trials/4_test/data_4seed/food101_l40s_8q8l2f_multiseed_28641697/seed_100/301_f_lr1e4_wd0p01/food101/full_finetune/metrics.json
food101_l40s_8q8l2f_multiseed_28641697,100,food101,301_f_lr1e4_wd0p01,301,Full fine-tune,full_finetune,all,full,full,0.0001,0.01,8,0.0565838703474786,0.9839075907590759,0.6435753464604368,0.8567128712871287,/Users/haseebshafi/Documents/GitHub/Quadratic-Neurons-vs.-ReLU-How-Much-Nonlinearity-Is-Enough/Haseeb_trials/4_test/data_4seed/food101_l40s_8q8l2f_multiseed_28641697/seed_100/301_f_lr1e4_wd0p01/food101/full_finetune/metrics.json
food101_l40s_8q8l2f_multiseed_28641697,100,food101,301_f_lr1e4_wd0p01,301,Full fine-tune,full_finetune,all,full,full,0.0001,0.01,9,0.05096499274528459,0.9859009900990099,0.6659790995121002,0.856990099009901,/Users/haseebshafi/Documents/GitHub/Quadratic-Neurons-vs.-ReLU-How-Much-Nonlinearity-Is-Enough/Haseeb_trials/4_test/data_4seed/food101_l40s_8q8l2f_multiseed_28641697/seed_100/301_f_lr1e4_wd0p01/food101/full_finetune/metrics.json
food101_l40s_8q8l2f_multiseed_28641697,100,food101,301_f_lr1e4_wd0p01,301,Full fine-tune,full_finetune,all,full,full,0.0001,0.01,10,0.04484886937251579,0.9872739273927392,0.6788755433754166,0.8568316831683168,/Users/haseebshafi/Documents/GitHub/Quadratic-Neurons-vs.-ReLU-How-Much-Nonlinearity-Is-Enough/Haseeb_trials/4_test/data_4seed/food101_l40s_8q8l2f_multiseed_28641697/seed_100/301_f_lr1e4_wd0p01/food101/full_finetune/metrics.json
food101_l40s_8q8l2f_multiseed_28641697,100,food101,301_f_lr1e4_wd0p01,301,Full fine-tune,full_finetune,all,full,full,0.0001,0.01,11,0.04613837131357478,0.9866930693069307,0.708954970895654,0.8502970297029703,/Users/haseebshafi/Documents/GitHub/Quadratic-Neurons-vs.-ReLU-How-Much-Nonlinearity-Is-Enough/Haseeb_trials/4_test/data_4seed/food101_l40s_8q8l2f_multiseed_28641697/seed_100/301_f_lr1e4_wd0p01/food101/full_finetune/metrics.json
food101_l40s_8q8l2f_multiseed_28641697,100,food101,301_f_lr1e4_wd0p01,301,Full fine-tune,full_finetune,all,full,full,0.0001,0.01,12,0.04155534313405209,0.9878811881188119,0.699960737169379,0.8544158415841584,/Users/haseebshafi/Documents/GitHub/Quadratic-Neurons-vs.-ReLU-How-Much-Nonlinearity-Is-Enough/Haseeb_trials/4_test/data_4seed/food101_l40s_8q8l2f_multiseed_28641697/seed_100/301_f_lr1e4_wd0p01/food101/full_finetune/metrics.json
food101_l40s_8q8l2f_multiseed_28641697,100,food101,301_f_lr1e4_wd0p01,301,Full fine-tune,full_finetune,all,full,full,0.0001,0.01,13,0.03883853775557905,0.9888844884488449,0.7105432602060904,0.8578613861386138,/Users/haseebshafi/Documents/GitHub/Quadratic-Neurons-vs.-ReLU-How-Much-Nonlinearity-Is-Enough/Haseeb_trials/4_test/data_4seed/food101_l40s_8q8l2f_multiseed_28641697/seed_100/301_f_lr1e4_wd0p01/food101/full_finetune/metrics.json
food101_l40s_8q8l2f_multiseed_28641697,100,food101,301_f_lr1e4_wd0p01,301,Full fine-tune,full_finetune,all,full,full,0.0001,0.01,14,0.03686199078878554,0.9892937293729372,0.6982855315940215,0.8581782178217822,/Users/haseebshafi/Documents/GitHub/Quadratic-Neurons-vs.-ReLU-How-Much-Nonlinearity-Is-Enough/Haseeb_trials/4_test/data_4seed/food101_l40s_8q8l2f_multiseed_28641697/seed_100/301_f_lr1e4_wd0p01/food101/full_finetune/metrics.json
food101_l40s_8q8l2f_multiseed_28641697,100,food101,301_f_lr1e4_wd0p01,301,Full fine-tune,full_finetune,all,full,full,0.0001,0.01,15,0.03498433047655982,0.9901782178217822,0.6964051867345772,0.8617425742574257,/Users/haseebshafi/Documents/GitHub/Quadratic-Neurons-vs.-ReLU-How-Much-Nonlinearity-Is-Enough/Haseeb_trials/4_test/data_4seed/food101_l40s_8q8l2f_multiseed_28641697/seed_100/301_f_lr1e4_wd0p01/food101/full_finetune/metrics.json
food101_l40s_8q8l2f_multiseed_28641697,100,food101,301_f_lr1e4_wd0p01,301,Full fine-tune,full_finetune,all,full,full,0.0001,0.01,16,0.03229547801347013,0.9905874587458746,0.7115906126862115,0.8613465346534653,/Users/haseebshafi/Documents/GitHub/Quadratic-Neurons-vs.-ReLU-How-Much-Nonlinearity-Is-Enough/Haseeb_trials/4_test/data_4seed/food101_l40s_8q8l2f_multiseed_28641697/seed_100/301_f_lr1e4_wd0p01/food101/full_finetune/metrics.json
food101_l40s_8q8l2f_multiseed_28641697,100,food101,301_f_lr1e4_wd0p01,301,Full fine-tune,full_finetune,all,full,full,0.0001,0.01,17,0.03594542064731664,0.9893201320132013,0.7378552882647751,0.8544950495049505,/Users/haseebshafi/Documents/GitHub/Quadratic-Neurons-vs.-ReLU-How-Much-Nonlinearity-Is-Enough/Haseeb_trials/4_test/data_4seed/food101_l40s_8q8l2f_multiseed_28641697/seed_100/301_f_lr1e4_wd0p01/food101/full_finetune/metrics.json
food101_l40s_8q8l2f_multiseed_28641697,100,food101,301_f_lr1e4_wd0p01,301,Full fine-tune,full_finetune,all,full,full,0.0001,0.01,18,0.030540540703649175,0.991075907590759,0.6962471368652169,0.8643168316831683,/Users/haseebshafi/Documents/GitHub/Quadratic-Neurons-vs.-ReLU-How-Much-Nonlinearity-Is-Enough/Haseeb_trials/4_test/data_4seed/food101_l40s_8q8l2f_multiseed_28641697/seed_100/301_f_lr1e4_wd0p01/food101/full_finetune/metrics.json
food101_l40s_8q8l2f_multiseed_28641697,100,food101,301_f_lr1e4_wd0p01,301,Full fine-tune,full_finetune,all,full,full,0.0001,0.01,19,0.02870784547108628,0.9911683168316832,0.7242438025167673,0.8620990099009901,/Users/haseebshafi/Documents/GitHub/Quadratic-Neurons-vs.-ReLU-How-Much-Nonlinearity-Is-Enough/Haseeb_trials/4_test/data_4seed/food101_l40s_8q8l2f_multiseed_28641697/seed_100/301_f_lr1e4_wd0p01/food101/full_finetune/metrics.json
food101_l40s_8q8l2f_multiseed_28641697,100,food101,301_f_lr1e4_wd0p01,301,Full fine-tune,full_finetune,all,full,full,0.0001,0.01,20,0.030419803498208327,0.9914455445544554,0.7342078827053014,0.8581386138613861,/Users/haseebshafi/Documents/GitHub/Quadratic-Neurons-vs.-ReLU-How-Much-Nonlinearity-Is-Enough/Haseeb_trials/4_test/data_4seed/food101_l40s_8q8l2f_multiseed_28641697/seed_100/301_f_lr1e4_wd0p01/food101/full_finetune/metrics.json
food101_l40s_8q8l2f_multiseed_28641697,100,food101,301_f_lr1e4_wd0p01,301,Full fine-tune,full_finetune,all,full,full,0.0001,0.01,21,0.031177822462206232,0.9908910891089109,0.7406073765825517,0.8601980198019802,/Users/haseebshafi/Documents/GitHub/Quadratic-Neurons-vs.-ReLU-How-Much-Nonlinearity-Is-Enough/Haseeb_trials/4_test/data_4seed/food101_l40s_8q8l2f_multiseed_28641697/seed_100/301_f_lr1e4_wd0p01/food101/full_finetune/metrics.json
food101_l40s_8q8l2f_multiseed_28641697,100,food101,301_f_lr1e4_wd0p01,301,Full fine-tune,full_finetune,all,full,full,0.0001,0.01,22,0.027061178853606233,0.991973597359736,0.7213622913549442,0.8614257425742574,/Users/haseebshafi/Documents/GitHub/Quadratic-Neurons-vs.-ReLU-How-Much-Nonlinearity-Is-Enough/Haseeb_trials/4_test/data_4seed/food101_l40s_8q8l2f_multiseed_28641697/seed_100/301_f_lr1e4_wd0p01/food101/full_finetune/metrics.json
food101_l40s_8q8l2f_multiseed_28641697,100,food101,301_f_lr1e4_wd0p01,301,Full fine-tune,full_finetune,all,full,full,0.0001,0.01,23,0.02701918495660371,0.9922508250825083,0.7402201791376171,0.8607920792079208,/Users/haseebshafi/Documents/GitHub/Quadratic-Neurons-vs.-ReLU-How-Much-Nonlinearity-Is-Enough/Haseeb_trials/4_test/data_4seed/food101_l40s_8q8l2f_multiseed_28641697/seed_100/301_f_lr1e4_wd0p01/food101/full_finetune/metrics.json
food101_l40s_8q8l2f_multiseed_28641697,100,food101,301_f_lr1e4_wd0p01,301,Full fine-tune,full_finetune,all,full,full,0.0001,0.01,24,0.02622044803797215,0.992039603960396,0.7529017638422475,0.8588118811881188,/Users/haseebshafi/Documents/GitHub/Quadratic-Neurons-vs.-ReLU-How-Much-Nonlinearity-Is-Enough/Haseeb_trials/4_test/data_4seed/food101_l40s_8q8l2f_multiseed_28641697/seed_100/301_f_lr1e4_wd0p01/food101/full_finetune/metrics.json
food101_l40s_8q8l2f_multiseed_28641697,100,food101,301_f_lr1e4_wd0p01,301,Full fine-tune,full_finetune,all,full,full,0.0001,0.01,25,0.02585478160955725,0.9919867986798679,0.7659753510116941,0.8579405940594059,/Users/haseebshafi/Documents/GitHub/Quadratic-Neurons-vs.-ReLU-How-Much-Nonlinearity-Is-Enough/Haseeb_trials/4_test/data_4seed/food101_l40s_8q8l2f_multiseed_28641697/seed_100/301_f_lr1e4_wd0p01/food101/full_finetune/metrics.json
food101_l40s_8q8l2f_multiseed_28641697,100,food101,302_f_lr3e5_wd0p05,302,Full fine-tune,full_finetune,all,full,full,3e-05,0.05,1,2.746770682407291,0.47049504950495047,1.2964524624347686,0.7375445544554455,/Users/haseebshafi/Documents/GitHub/Quadratic-Neurons-vs.-ReLU-How-Much-Nonlinearity-Is-Enough/Haseeb_trials/4_test/data_4seed/food101_l40s_8q8l2f_multiseed_28641697/seed_100/302_f_lr3e5_wd0p05/food101/full_finetune/metrics.json
food101_l40s_8q8l2f_multiseed_28641697,100,food101,302_f_lr3e5_wd0p05,302,Full fine-tune,full_finetune,all,full,full,3e-05,0.05,2,1.2424394877216602,0.7316963696369637,0.7905584411621094,0.8086732673267327,/Users/haseebshafi/Documents/GitHub/Quadratic-Neurons-vs.-ReLU-How-Much-Nonlinearity-Is-Enough/Haseeb_trials/4_test/data_4seed/food101_l40s_8q8l2f_multiseed_28641697/seed_100/302_f_lr3e5_wd0p05/food101/full_finetune/metrics.json
food101_l40s_8q8l2f_multiseed_28641697,100,food101,302_f_lr3e5_wd0p05,302,Full fine-tune,full_finetune,all,full,full,3e-05,0.05,3,0.8481153623483362,0.8035511551155116,0.6271014682373198,0.834019801980198,/Users/haseebshafi/Documents/GitHub/Quadratic-Neurons-vs.-ReLU-How-Much-Nonlinearity-Is-Enough/Haseeb_trials/4_test/data_4seed/food101_l40s_8q8l2f_multiseed_28641697/seed_100/302_f_lr3e5_wd0p05/food101/full_finetune/metrics.json
food101_l40s_8q8l2f_multiseed_28641697,100,food101,302_f_lr3e5_wd0p05,302,Full fine-tune,full_finetune,all,full,full,3e-05,0.05,4,0.6266225793385269,0.8518547854785479,0.5503279309579642,0.8482772277227723,/Users/haseebshafi/Documents/GitHub/Quadratic-Neurons-vs.-ReLU-How-Much-Nonlinearity-Is-Enough/Haseeb_trials/4_test/data_4seed/food101_l40s_8q8l2f_multiseed_28641697/seed_100/302_f_lr3e5_wd0p05/food101/full_finetune/metrics.json
food101_l40s_8q8l2f_multiseed_28641697,100,food101,302_f_lr3e5_wd0p05,302,Full fine-tune,full_finetune,all,full,full,3e-05,0.05,5,0.4663141447262402,0.890943894389439,0.5126484834699347,0.8539009900990099,/Users/haseebshafi/Documents/GitHub/Quadratic-Neurons-vs.-ReLU-How-Much-Nonlinearity-Is-Enough/Haseeb_trials/4_test/data_4seed/food101_l40s_8q8l2f_multiseed_28641697/seed_100/302_f_lr3e5_wd0p05/food101/full_finetune/metrics.json
food101_l40s_8q8l2f_multiseed_28641697,100,food101,302_f_lr3e5_wd0p05,302,Full fine-tune,full_finetune,all,full,full,3e-05,0.05,6,0.3426022603716394,0.9227194719471947,0.5009007893364028,0.8579405940594059,/Users/haseebshafi/Documents/GitHub/Quadratic-Neurons-vs.-ReLU-How-Much-Nonlinearity-Is-Enough/Haseeb_trials/4_test/data_4seed/food101_l40s_8q8l2f_multiseed_28641697/seed_100/302_f_lr3e5_wd0p05/food101/full_finetune/metrics.json
food101_l40s_8q8l2f_multiseed_28641697,100,food101,302_f_lr3e5_wd0p05,302,Full fine-tune,full_finetune,all,full,full,3e-05,0.05,7,0.2453616745141473,0.9459537953795379,0.51291505709261,0.8569504950495049,/Users/haseebshafi/Documents/GitHub/Quadratic-Neurons-vs.-ReLU-How-Much-Nonlinearity-Is-Enough/Haseeb_trials/4_test/data_4seed/food101_l40s_8q8l2f_multiseed_28641697/seed_100/302_f_lr3e5_wd0p05/food101/full_finetune/metrics.json
food101_l40s_8q8l2f_multiseed_28641697,100,food101,302_f_lr3e5_wd0p05,302,Full fine-tune,full_finetune,all,full,full,3e-05,0.05,8,0.1745192045008782,0.9631419141914191,0.5255789518946469,0.8564356435643564,/Users/haseebshafi/Documents/GitHub/Quadratic-Neurons-vs.-ReLU-How-Much-Nonlinearity-Is-Enough/Haseeb_trials/4_test/data_4seed/food101_l40s_8q8l2f_multiseed_28641697/seed_100/302_f_lr3e5_wd0p05/food101/full_finetune/metrics.json
food101_l40s_8q8l2f_multiseed_28641697,100,food101,302_f_lr3e5_wd0p05,302,Full fine-tune,full_finetune,all,full,full,3e-05,0.05,9,0.13253492838990177,0.9721188118811881,0.5459058772172078,0.8561188118811881,/Users/haseebshafi/Documents/GitHub/Quadratic-Neurons-vs.-ReLU-How-Much-Nonlinearity-Is-Enough/Haseeb_trials/4_test/data_4seed/food101_l40s_8q8l2f_multiseed_28641697/seed_100/302_f_lr3e5_wd0p05/food101/full_finetune/metrics.json
food101_l40s_8q8l2f_multiseed_28641697,100,food101,302_f_lr3e5_wd0p05,302,Full fine-tune,full_finetune,all,full,full,3e-05,0.05,10,0.09766924652250686,0.9796171617161716,0.563373321443501,0.8562376237623762,/Users/haseebshafi/Documents/GitHub/Quadratic-Neurons-vs.-ReLU-How-Much-Nonlinearity-Is-Enough/Haseeb_trials/4_test/data_4seed/food101_l40s_8q8l2f_multiseed_28641697/seed_100/302_f_lr3e5_wd0p05/food101/full_finetune/metrics.json
food101_l40s_8q8l2f_multiseed_28641697,100,food101,302_f_lr3e5_wd0p05,302,Full fine-tune,full_finetune,all,full,full,3e-05,0.05,11,0.07837962707798474,0.9833399339933994,0.5889444536785088,0.8552871287128713,/Users/haseebshafi/Documents/GitHub/Quadratic-Neurons-vs.-ReLU-How-Much-Nonlinearity-Is-Enough/Haseeb_trials/4_test/data_4seed/food101_l40s_8q8l2f_multiseed_28641697/seed_100/302_f_lr3e5_wd0p05/food101/full_finetune/metrics.json
food101_l40s_8q8l2f_multiseed_28641697,100,food101,302_f_lr3e5_wd0p05,302,Full fine-tune,full_finetune,all,full,full,3e-05,0.05,12,0.0650749549265742,0.9858217821782178,0.5990277947432334,0.8575049504950495,/Users/haseebshafi/Documents/GitHub/Quadratic-Neurons-vs.-ReLU-How-Much-Nonlinearity-Is-Enough/Haseeb_trials/4_test/data_4seed/food101_l40s_8q8l2f_multiseed_28641697/seed_100/302_f_lr3e5_wd0p05/food101/full_finetune/metrics.json
food101_l40s_8q8l2f_multiseed_28641697,100,food101,302_f_lr3e5_wd0p05,302,Full fine-tune,full_finetune,all,full,full,3e-05,0.05,13,0.05422468502529384,0.9880528052805281,0.6092788536519107,0.8576633663366336,/Users/haseebshafi/Documents/GitHub/Quadratic-Neurons-vs.-ReLU-How-Much-Nonlinearity-Is-Enough/Haseeb_trials/4_test/data_4seed/food101_l40s_8q8l2f_multiseed_28641697/seed_100/302_f_lr3e5_wd0p05/food101/full_finetune/metrics.json
food101_l40s_8q8l2f_multiseed_28641697,100,food101,302_f_lr3e5_wd0p05,302,Full fine-tune,full_finetune,all,full,full,3e-05,0.05,14,0.049052987347341606,0.9887392739273927,0.6322902879172032,0.8560792079207921,/Users/haseebshafi/Documents/GitHub/Quadratic-Neurons-vs.-ReLU-How-Much-Nonlinearity-Is-Enough/Haseeb_trials/4_test/data_4seed/food101_l40s_8q8l2f_multiseed_28641697/seed_100/302_f_lr3e5_wd0p05/food101/full_finetune/metrics.json
food101_l40s_8q8l2f_multiseed_28641697,100,food101,302_f_lr3e5_wd0p05,302,Full fine-tune,full_finetune,all,full,full,3e-05,0.05,15,0.04356329108169763,0.9900726072607261,0.6478020680682494,0.8557623762376237,/Users/haseebshafi/Documents/GitHub/Quadratic-Neurons-vs.-ReLU-How-Much-Nonlinearity-Is-Enough/Haseeb_trials/4_test/data_4seed/food101_l40s_8q8l2f_multiseed_28641697/seed_100/302_f_lr3e5_wd0p05/food101/full_finetune/metrics.json
food101_l40s_8q8l2f_multiseed_28641697,100,food101,302_f_lr3e5_wd0p05,302,Full fine-tune,full_finetune,all,full,full,3e-05,0.05,16,0.03832850268217597,0.9912079207920792,0.6538168330688288,0.8569504950495049,/Users/haseebshafi/Documents/GitHub/Quadratic-Neurons-vs.-ReLU-How-Much-Nonlinearity-Is-Enough/Haseeb_trials/4_test/data_4seed/food101_l40s_8q8l2f_multiseed_28641697/seed_100/302_f_lr3e5_wd0p05/food101/full_finetune/metrics.json
food101_l40s_8q8l2f_multiseed_28641697,100,food101,302_f_lr3e5_wd0p05,302,Full fine-tune,full_finetune,all,full,full,3e-05,0.05,17,0.03730754589631219,0.9910627062706271,0.6510629904199354,0.859049504950495,/Users/haseebshafi/Documents/GitHub/Quadratic-Neurons-vs.-ReLU-How-Much-Nonlinearity-Is-Enough/Haseeb_trials/4_test/data_4seed/food101_l40s_8q8l2f_multiseed_28641697/seed_100/302_f_lr3e5_wd0p05/food101/full_finetune/metrics.json
food101_l40s_8q8l2f_multiseed_28641697,100,food101,302_f_lr3e5_wd0p05,302,Full fine-tune,full_finetune,all,full,full,3e-05,0.05,18,0.0344731294359311,0.9917887788778877,0.6811183993934404,0.8565544554455445,/Users/haseebshafi/Documents/GitHub/Quadratic-Neurons-vs.-ReLU-How-Much-Nonlinearity-Is-Enough/Haseeb_trials/4_test/data_4seed/food101_l40s_8q8l2f_multiseed_28641697/seed_100/302_f_lr3e5_wd0p05/food101/full_finetune/metrics.json
food101_l40s_8q8l2f_multiseed_28641697,100,food101,302_f_lr3e5_wd0p05,302,Full fine-tune,full_finetune,all,full,full,3e-05,0.05,19,0.03167920016932606,0.9919867986798679,0.6815400795299228,0.8574257425742574,/Users/haseebshafi/Documents/GitHub/Quadratic-Neurons-vs.-ReLU-How-Much-Nonlinearity-Is-Enough/Haseeb_trials/4_test/data_4seed/food101_l40s_8q8l2f_multiseed_28641697/seed_100/302_f_lr3e5_wd0p05/food101/full_finetune/metrics.json
food101_l40s_8q8l2f_multiseed_28641697,100,food101,302_f_lr3e5_wd0p05,302,Full fine-tune,full_finetune,all,full,full,3e-05,0.05,20,0.03085052829882493,0.9923168316831683,0.6922755928063157,0.8577821782178218,/Users/haseebshafi/Documents/GitHub/Quadratic-Neurons-vs.-ReLU-How-Much-Nonlinearity-Is-Enough/Haseeb_trials/4_test/data_4seed/food101_l40s_8q8l2f_multiseed_28641697/seed_100/302_f_lr3e5_wd0p05/food101/full_finetune/metrics.json
food101_l40s_8q8l2f_multiseed_28641697,100,food101,302_f_lr3e5_wd0p05,302,Full fine-tune,full_finetune,all,full,full,3e-05,0.05,21,0.028167386206512404,0.9929372937293729,0.7008736758055073,0.8564356435643564,/Users/haseebshafi/Documents/GitHub/Quadratic-Neurons-vs.-ReLU-How-Much-Nonlinearity-Is-Enough/Haseeb_trials/4_test/data_4seed/food101_l40s_8q8l2f_multiseed_28641697/seed_100/302_f_lr3e5_wd0p05/food101/full_finetune/metrics.json
food101_l40s_8q8l2f_multiseed_28641697,100,food101,302_f_lr3e5_wd0p05,302,Full fine-tune,full_finetune,all,full,full,3e-05,0.05,22,0.027642871891114577,0.9926600660066006,0.7033530332381183,0.8586138613861386,/Users/haseebshafi/Documents/GitHub/Quadratic-Neurons-vs.-ReLU-How-Much-Nonlinearity-Is-Enough/Haseeb_trials/4_test/data_4seed/food101_l40s_8q8l2f_multiseed_28641697/seed_100/302_f_lr3e5_wd0p05/food101/full_finetune/metrics.json
food101_l40s_8q8l2f_multiseed_28641697,100,food101,302_f_lr3e5_wd0p05,302,Full fine-tune,full_finetune,all,full,full,3e-05,0.05,23,0.02562207479961831,0.9935445544554455,0.6929069386425585,0.8613861386138614,/Users/haseebshafi/Documents/GitHub/Quadratic-Neurons-vs.-ReLU-How-Much-Nonlinearity-Is-Enough/Haseeb_trials/4_test/data_4seed/food101_l40s_8q8l2f_multiseed_28641697/seed_100/302_f_lr3e5_wd0p05/food101/full_finetune/metrics.json
food101_l40s_8q8l2f_multiseed_28641697,100,food101,302_f_lr3e5_wd0p05,302,Full fine-tune,full_finetune,all,full,full,3e-05,0.05,24,0.024277206538583184,0.9937557755775578,0.7185835932124369,0.857980198019802,/Users/haseebshafi/Documents/GitHub/Quadratic-Neurons-vs.-ReLU-How-Much-Nonlinearity-Is-Enough/Haseeb_trials/4_test/data_4seed/food101_l40s_8q8l2f_multiseed_28641697/seed_100/302_f_lr3e5_wd0p05/food101/full_finetune/metrics.json
food101_l40s_8q8l2f_multiseed_28641697,100,food101,302_f_lr3e5_wd0p05,302,Full fine-tune,full_finetune,all,full,full,3e-05,0.05,25,0.02403591831097312,0.9937557755775578,0.7296517989635467,0.8580990099009901,/Users/haseebshafi/Documents/GitHub/Quadratic-Neurons-vs.-ReLU-How-Much-Nonlinearity-Is-Enough/Haseeb_trials/4_test/data_4seed/food101_l40s_8q8l2f_multiseed_28641697/seed_100/302_f_lr3e5_wd0p05/food101/full_finetune/metrics.json
food101_l40s_8q8l2f_multiseed_28626369,123,food101,000_lin_lr1e3_wd0p05,000,Linear frozen-head baseline,linear_base,none,none,head_only,0.001,0.05,1,1.5521666205488023,0.6217953795379538,0.9364890809330609,0.7453069306930693,/Users/haseebshafi/Documents/GitHub/Quadratic-Neurons-vs.-ReLU-How-Much-Nonlinearity-Is-Enough/Haseeb_trials/4_test/data_4seed/food101_l40s_8q8l2f_multiseed_28626369/seed_123/000_lin_lr1e3_wd0p05/food101/linear_base/metrics.json
food101_l40s_8q8l2f_multiseed_28626369,123,food101,000_lin_lr1e3_wd0p05,000,Linear frozen-head baseline,linear_base,none,none,head_only,0.001,0.05,2,1.102824829166085,0.7126996699669967,0.8542816940014906,0.7645148514851485,/Users/haseebshafi/Documents/GitHub/Quadratic-Neurons-vs.-ReLU-How-Much-Nonlinearity-Is-Enough/Haseeb_trials/4_test/data_4seed/food101_l40s_8q8l2f_multiseed_28626369/seed_123/000_lin_lr1e3_wd0p05/food101/linear_base/metrics.json
food101_l40s_8q8l2f_multiseed_28626369,123,food101,000_lin_lr1e3_wd0p05,000,Linear frozen-head baseline,linear_base,none,none,head_only,0.001,0.05,3,1.013854327994998,0.7318811881188119,0.8394852454641668,0.7675247524752475,/Users/haseebshafi/Documents/GitHub/Quadratic-Neurons-vs.-ReLU-How-Much-Nonlinearity-Is-Enough/Haseeb_trials/4_test/data_4seed/food101_l40s_8q8l2f_multiseed_28626369/seed_123/000_lin_lr1e3_wd0p05/food101/linear_base/metrics.json
food101_l40s_8q8l2f_multiseed_28626369,123,food101,000_lin_lr1e3_wd0p05,000,Linear frozen-head baseline,linear_base,none,none,head_only,0.001,0.05,4,0.9667863999703536,0.743973597359736,0.8129614754286733,0.7771089108910891,/Users/haseebshafi/Documents/GitHub/Quadratic-Neurons-vs.-ReLU-How-Much-Nonlinearity-Is-Enough/Haseeb_trials/4_test/data_4seed/food101_l40s_8q8l2f_multiseed_28626369/seed_123/000_lin_lr1e3_wd0p05/food101/linear_base/metrics.json
food101_l40s_8q8l2f_multiseed_28626369,123,food101,000_lin_lr1e3_wd0p05,000,Linear frozen-head baseline,linear_base,none,none,head_only,0.001,0.05,5,0.9361289329434386,0.7501386138613861,0.8181912963661817,0.7738613861386139,/Users/haseebshafi/Documents/GitHub/Quadratic-Neurons-vs.-ReLU-How-Much-Nonlinearity-Is-Enough/Haseeb_trials/4_test/data_4seed/food101_l40s_8q8l2f_multiseed_28626369/seed_123/000_lin_lr1e3_wd0p05/food101/linear_base/metrics.json
food101_l40s_8q8l2f_multiseed_28626369,123,food101,000_lin_lr1e3_wd0p05,000,Linear frozen-head baseline,linear_base,none,none,head_only,0.001,0.05,6,0.9120968633264598,0.757029702970297,0.8099415631285398,0.7765940594059406,/Users/haseebshafi/Documents/GitHub/Quadratic-Neurons-vs.-ReLU-How-Much-Nonlinearity-Is-Enough/Haseeb_trials/4_test/data_4seed/food101_l40s_8q8l2f_multiseed_28626369/seed_123/000_lin_lr1e3_wd0p05/food101/linear_base/metrics.json
food101_l40s_8q8l2f_multiseed_28626369,123,food101,000_lin_lr1e3_wd0p05,000,Linear frozen-head baseline,linear_base,none,none,head_only,0.001,0.05,7,0.8986357877167932,0.7601056105610561,0.8093787476320815,0.7743366336633664,/Users/haseebshafi/Documents/GitHub/Quadratic-Neurons-vs.-ReLU-How-Much-Nonlinearity-Is-Enough/Haseeb_trials/4_test/data_4seed/food101_l40s_8q8l2f_multiseed_28626369/seed_123/000_lin_lr1e3_wd0p05/food101/linear_base/metrics.json
food101_l40s_8q8l2f_multiseed_28626369,123,food101,000_lin_lr1e3_wd0p05,000,Linear frozen-head baseline,linear_base,none,none,head_only,0.001,0.05,8,0.8872769992233503,0.7635907590759076,0.7981198554785535,0.7790891089108911,/Users/haseebshafi/Documents/GitHub/Quadratic-Neurons-vs.-ReLU-How-Much-Nonlinearity-Is-Enough/Haseeb_trials/4_test/data_4seed/food101_l40s_8q8l2f_multiseed_28626369/seed_123/000_lin_lr1e3_wd0p05/food101/linear_base/metrics.json
food101_l40s_8q8l2f_multiseed_28626369,123,food101,000_lin_lr1e3_wd0p05,000,Linear frozen-head baseline,linear_base,none,none,head_only,0.001,0.05,9,0.8750470603460526,0.7656633663366337,0.804838300977603,0.7752871287128713,/Users/haseebshafi/Documents/GitHub/Quadratic-Neurons-vs.-ReLU-How-Much-Nonlinearity-Is-Enough/Haseeb_trials/4_test/data_4seed/food101_l40s_8q8l2f_multiseed_28626369/seed_123/000_lin_lr1e3_wd0p05/food101/linear_base/metrics.json
food101_l40s_8q8l2f_multiseed_28626369,123,food101,000_lin_lr1e3_wd0p05,000,Linear frozen-head baseline,linear_base,none,none,head_only,0.001,0.05,10,0.8731185121882473,0.7662706270627063,0.8031511322509239,0.7759207920792079,/Users/haseebshafi/Documents/GitHub/Quadratic-Neurons-vs.-ReLU-How-Much-Nonlinearity-Is-Enough/Haseeb_trials/4_test/data_4seed/food101_l40s_8q8l2f_multiseed_28626369/seed_123/000_lin_lr1e3_wd0p05/food101/linear_base/metrics.json
food101_l40s_8q8l2f_multiseed_28626369,123,food101,000_lin_lr1e3_wd0p05,000,Linear frozen-head baseline,linear_base,none,none,head_only,0.001,0.05,11,0.8657402400309496,0.7684224422442244,0.7957587716499768,0.7782178217821782,/Users/haseebshafi/Documents/GitHub/Quadratic-Neurons-vs.-ReLU-How-Much-Nonlinearity-Is-Enough/Haseeb_trials/4_test/data_4seed/food101_l40s_8q8l2f_multiseed_28626369/seed_123/000_lin_lr1e3_wd0p05/food101/linear_base/metrics.json
food101_l40s_8q8l2f_multiseed_28626369,123,food101,000_lin_lr1e3_wd0p05,000,Linear frozen-head baseline,linear_base,none,none,head_only,0.001,0.05,12,0.8609825810961204,0.7687920792079208,0.8041158142777363,0.7765544554455446,/Users/haseebshafi/Documents/GitHub/Quadratic-Neurons-vs.-ReLU-How-Much-Nonlinearity-Is-Enough/Haseeb_trials/4_test/data_4seed/food101_l40s_8q8l2f_multiseed_28626369/seed_123/000_lin_lr1e3_wd0p05/food101/linear_base/metrics.json
food101_l40s_8q8l2f_multiseed_28626369,123,food101,000_lin_lr1e3_wd0p05,000,Linear frozen-head baseline,linear_base,none,none,head_only,0.001,0.05,13,0.8589208670236883,0.7695445544554456,0.8033646069744436,0.7746930693069307,/Users/haseebshafi/Documents/GitHub/Quadratic-Neurons-vs.-ReLU-How-Much-Nonlinearity-Is-Enough/Haseeb_trials/4_test/data_4seed/food101_l40s_8q8l2f_multiseed_28626369/seed_123/000_lin_lr1e3_wd0p05/food101/linear_base/metrics.json
food101_l40s_8q8l2f_multiseed_28626369,123,food101,000_lin_lr1e3_wd0p05,000,Linear frozen-head baseline,linear_base,none,none,head_only,0.001,0.05,14,0.8555977552275453,0.7695841584158416,0.8000655615984066,0.7762772277227723,/Users/haseebshafi/Documents/GitHub/Quadratic-Neurons-vs.-ReLU-How-Much-Nonlinearity-Is-Enough/Haseeb_trials/4_test/data_4seed/food101_l40s_8q8l2f_multiseed_28626369/seed_123/000_lin_lr1e3_wd0p05/food101/linear_base/metrics.json
food101_l40s_8q8l2f_multiseed_28626369,123,food101,000_lin_lr1e3_wd0p05,000,Linear frozen-head baseline,linear_base,none,none,head_only,0.001,0.05,15,0.8572843829145526,0.769016501650165,0.8029730488793685,0.7748910891089109,/Users/haseebshafi/Documents/GitHub/Quadratic-Neurons-vs.-ReLU-How-Much-Nonlinearity-Is-Enough/Haseeb_trials/4_test/data_4seed/food101_l40s_8q8l2f_multiseed_28626369/seed_123/000_lin_lr1e3_wd0p05/food101/linear_base/metrics.json
food101_l40s_8q8l2f_multiseed_28626369,123,food101,000_lin_lr1e3_wd0p05,000,Linear frozen-head baseline,linear_base,none,none,head_only,0.001,0.05,16,0.8513223180361706,0.7704290429042905,0.8053118436751094,0.774970297029703,/Users/haseebshafi/Documents/GitHub/Quadratic-Neurons-vs.-ReLU-How-Much-Nonlinearity-Is-Enough/Haseeb_trials/4_test/data_4seed/food101_l40s_8q8l2f_multiseed_28626369/seed_123/000_lin_lr1e3_wd0p05/food101/linear_base/metrics.json
food101_l40s_8q8l2f_multiseed_28626369,123,food101,000_lin_lr1e3_wd0p05,000,Linear frozen-head baseline,linear_base,none,none,head_only,0.001,0.05,17,0.8497738632959108,0.7717755775577557,0.8089223379453663,0.7746138613861386,/Users/haseebshafi/Documents/GitHub/Quadratic-Neurons-vs.-ReLU-How-Much-Nonlinearity-Is-Enough/Haseeb_trials/4_test/data_4seed/food101_l40s_8q8l2f_multiseed_28626369/seed_123/000_lin_lr1e3_wd0p05/food101/linear_base/metrics.json
food101_l40s_8q8l2f_multiseed_28626369,123,food101,000_lin_lr1e3_wd0p05,000,Linear frozen-head baseline,linear_base,none,none,head_only,0.001,0.05,18,0.8486828368142887,0.7715247524752475,0.7938618994452575,0.7784158415841584,/Users/haseebshafi/Documents/GitHub/Quadratic-Neurons-vs.-ReLU-How-Much-Nonlinearity-Is-Enough/Haseeb_trials/4_test/data_4seed/food101_l40s_8q8l2f_multiseed_28626369/seed_123/000_lin_lr1e3_wd0p05/food101/linear_base/metrics.json
food101_l40s_8q8l2f_multiseed_28626369,123,food101,000_lin_lr1e3_wd0p05,000,Linear frozen-head baseline,linear_base,none,none,head_only,0.001,0.05,19,0.8497380516316632,0.7702574257425743,0.8040431020307807,0.7758415841584159,/Users/haseebshafi/Documents/GitHub/Quadratic-Neurons-vs.-ReLU-How-Much-Nonlinearity-Is-Enough/Haseeb_trials/4_test/data_4seed/food101_l40s_8q8l2f_multiseed_28626369/seed_123/000_lin_lr1e3_wd0p05/food101/linear_base/metrics.json
food101_l40s_8q8l2f_multiseed_28626369,123,food101,000_lin_lr1e3_wd0p05,000,Linear frozen-head baseline,linear_base,none,none,head_only,0.001,0.05,20,0.8478586539356622,0.7721056105610561,0.8038191044212568,0.7768316831683169,/Users/haseebshafi/Documents/GitHub/Quadratic-Neurons-vs.-ReLU-How-Much-Nonlinearity-Is-Enough/Haseeb_trials/4_test/data_4seed/food101_l40s_8q8l2f_multiseed_28626369/seed_123/000_lin_lr1e3_wd0p05/food101/linear_base/metrics.json
food101_l40s_8q8l2f_multiseed_28626369,123,food101,000_lin_lr1e3_wd0p05,000,Linear frozen-head baseline,linear_base,none,none,head_only,0.001,0.05,21,0.8446930594609515,0.7729372937293729,0.7977555909943167,0.7791287128712872,/Users/haseebshafi/Documents/GitHub/Quadratic-Neurons-vs.-ReLU-How-Much-Nonlinearity-Is-Enough/Haseeb_trials/4_test/data_4seed/food101_l40s_8q8l2f_multiseed_28626369/seed_123/000_lin_lr1e3_wd0p05/food101/linear_base/metrics.json
food101_l40s_8q8l2f_multiseed_28626369,123,food101,000_lin_lr1e3_wd0p05,000,Linear frozen-head baseline,linear_base,none,none,head_only,0.001,0.05,22,0.8482740776987359,0.7721320132013201,0.7935103958865056,0.7811881188118812,/Users/haseebshafi/Documents/GitHub/Quadratic-Neurons-vs.-ReLU-How-Much-Nonlinearity-Is-Enough/Haseeb_trials/4_test/data_4seed/food101_l40s_8q8l2f_multiseed_28626369/seed_123/000_lin_lr1e3_wd0p05/food101/linear_base/metrics.json
food101_l40s_8q8l2f_multiseed_28626369,123,food101,000_lin_lr1e3_wd0p05,000,Linear frozen-head baseline,linear_base,none,none,head_only,0.001,0.05,23,0.8444846960278628,0.7726996699669967,0.8061749740327053,0.7750495049504951,/Users/haseebshafi/Documents/GitHub/Quadratic-Neurons-vs.-ReLU-How-Much-Nonlinearity-Is-Enough/Haseeb_trials/4_test/data_4seed/food101_l40s_8q8l2f_multiseed_28626369/seed_123/000_lin_lr1e3_wd0p05/food101/linear_base/metrics.json
food101_l40s_8q8l2f_multiseed_28626369,123,food101,000_lin_lr1e3_wd0p05,000,Linear frozen-head baseline,linear_base,none,none,head_only,0.001,0.05,24,0.8455611448091249,0.772013201320132,0.7955476394655681,0.7794455445544555,/Users/haseebshafi/Documents/GitHub/Quadratic-Neurons-vs.-ReLU-How-Much-Nonlinearity-Is-Enough/Haseeb_trials/4_test/data_4seed/food101_l40s_8q8l2f_multiseed_28626369/seed_123/000_lin_lr1e3_wd0p05/food101/linear_base/metrics.json
food101_l40s_8q8l2f_multiseed_28626369,123,food101,000_lin_lr1e3_wd0p05,000,Linear frozen-head baseline,linear_base,none,none,head_only,0.001,0.05,25,0.8450420427542709,0.7727128712871287,0.8034557217831659,0.7757227722772277,/Users/haseebshafi/Documents/GitHub/Quadratic-Neurons-vs.-ReLU-How-Much-Nonlinearity-Is-Enough/Haseeb_trials/4_test/data_4seed/food101_l40s_8q8l2f_multiseed_28626369/seed_123/000_lin_lr1e3_wd0p05/food101/linear_base/metrics.json
food101_l40s_8q8l2f_multiseed_28626369,123,food101,000_lin_lr1e3_wd0p05,000,Linear frozen-head baseline,linear_base,none,none,head_only,0.001,0.05,26,0.8461406289956751,0.7722904290429042,0.798595014782604,0.7798811881188119,/Users/haseebshafi/Documents/GitHub/Quadratic-Neurons-vs.-ReLU-How-Much-Nonlinearity-Is-Enough/Haseeb_trials/4_test/data_4seed/food101_l40s_8q8l2f_multiseed_28626369/seed_123/000_lin_lr1e3_wd0p05/food101/linear_base/metrics.json
food101_l40s_8q8l2f_multiseed_28626369,123,food101,000_lin_lr1e3_wd0p05,000,Linear frozen-head baseline,linear_base,none,none,head_only,0.001,0.05,27,0.843476950217395,0.7739141914191419,0.7980614929121209,0.7784950495049505,/Users/haseebshafi/Documents/GitHub/Quadratic-Neurons-vs.-ReLU-How-Much-Nonlinearity-Is-Enough/Haseeb_trials/4_test/data_4seed/food101_l40s_8q8l2f_multiseed_28626369/seed_123/000_lin_lr1e3_wd0p05/food101/linear_base/metrics.json
food101_l40s_8q8l2f_multiseed_28626369,123,food101,000_lin_lr1e3_wd0p05,000,Linear frozen-head baseline,linear_base,none,none,head_only,0.001,0.05,28,0.844508377498526,0.7732673267326733,0.8088837386080534,0.7738613861386139,/Users/haseebshafi/Documents/GitHub/Quadratic-Neurons-vs.-ReLU-How-Much-Nonlinearity-Is-Enough/Haseeb_trials/4_test/data_4seed/food101_l40s_8q8l2f_multiseed_28626369/seed_123/000_lin_lr1e3_wd0p05/food101/linear_base/metrics.json
food101_l40s_8q8l2f_multiseed_28626369,123,food101,000_lin_lr1e3_wd0p05,000,Linear frozen-head baseline,linear_base,none,none,head_only,0.001,0.05,29,0.8469306919739978,0.7727788778877888,0.8021483635504795,0.7770693069306931,/Users/haseebshafi/Documents/GitHub/Quadratic-Neurons-vs.-ReLU-How-Much-Nonlinearity-Is-Enough/Haseeb_trials/4_test/data_4seed/food101_l40s_8q8l2f_multiseed_28626369/seed_123/000_lin_lr1e3_wd0p05/food101/linear_base/metrics.json
food101_l40s_8q8l2f_multiseed_28626369,123,food101,000_lin_lr1e3_wd0p05,000,Linear frozen-head baseline,linear_base,none,none,head_only,0.001,0.05,30,0.8449737913584945,0.7718019801980198,0.7897483597048881,0.7801980198019802,/Users/haseebshafi/Documents/GitHub/Quadratic-Neurons-vs.-ReLU-How-Much-Nonlinearity-Is-Enough/Haseeb_trials/4_test/data_4seed/food101_l40s_8q8l2f_multiseed_28626369/seed_123/000_lin_lr1e3_wd0p05/food101/linear_base/metrics.json
food101_l40s_8q8l2f_multiseed_28626369,123,food101,101_q_ls_r1_h0_lr1em3_wd0p0,101,Quadratic depthwise adapter,quad_dw,last_stage,1,no,0.001,0.0,1,0.7354428277782874,0.798970297029703,0.7530666177442095,0.7905346534653466,/Users/haseebshafi/Documents/GitHub/Quadratic-Neurons-vs.-ReLU-How-Much-Nonlinearity-Is-Enough/Haseeb_trials/4_test/data_4seed/food101_l40s_8q8l2f_multiseed_28626369/seed_123/101_q_ls_r1_h0_lr1em3_wd0p0/food101/quad_dw/last_stage_rank_1/metrics.json
food101_l40s_8q8l2f_multiseed_28626369,123,food101,101_q_ls_r1_h0_lr1em3_wd0p0,101,Quadratic depthwise adapter,quad_dw,last_stage,1,no,0.001,0.0,2,0.7009390400172066,0.8078019801980199,0.7553970825563066,0.7918019801980198,/Users/haseebshafi/Documents/GitHub/Quadratic-Neurons-vs.-ReLU-How-Much-Nonlinearity-Is-Enough/Haseeb_trials/4_test/data_4seed/food101_l40s_8q8l2f_multiseed_28626369/seed_123/101_q_ls_r1_h0_lr1em3_wd0p0/food101/quad_dw/last_stage_rank_1/metrics.json
food101_l40s_8q8l2f_multiseed_28626369,123,food101,101_q_ls_r1_h0_lr1em3_wd0p0,101,Quadratic depthwise adapter,quad_dw,last_stage,1,no,0.001,0.0,3,0.671261283597537,0.8167128712871287,0.7556288491432546,0.7915247524752476,/Users/haseebshafi/Documents/GitHub/Quadratic-Neurons-vs.-ReLU-How-Much-Nonlinearity-Is-Enough/Haseeb_trials/4_test/data_4seed/food101_l40s_8q8l2f_multiseed_28626369/seed_123/101_q_ls_r1_h0_lr1em3_wd0p0/food101/quad_dw/last_stage_rank_1/metrics.json
food101_l40s_8q8l2f_multiseed_28626369,123,food101,101_q_ls_r1_h0_lr1em3_wd0p0,101,Quadratic depthwise adapter,quad_dw,last_stage,1,no,0.001,0.0,4,0.6409705005077639,0.8248580858085809,0.7628375049923999,0.7907326732673268,/Users/haseebshafi/Documents/GitHub/Quadratic-Neurons-vs.-ReLU-How-Much-Nonlinearity-Is-Enough/Haseeb_trials/4_test/data_4seed/food101_l40s_8q8l2f_multiseed_28626369/seed_123/101_q_ls_r1_h0_lr1em3_wd0p0/food101/quad_dw/last_stage_rank_1/metrics.json
food101_l40s_8q8l2f_multiseed_28626369,123,food101,101_q_ls_r1_h0_lr1em3_wd0p0,101,Quadratic depthwise adapter,quad_dw,last_stage,1,no,0.001,0.0,5,0.6151280215061931,0.8328976897689769,0.7596119941514087,0.7895049504950495,/Users/haseebshafi/Documents/GitHub/Quadratic-Neurons-vs.-ReLU-How-Much-Nonlinearity-Is-Enough/Haseeb_trials/4_test/data_4seed/food101_l40s_8q8l2f_multiseed_28626369/seed_123/101_q_ls_r1_h0_lr1em3_wd0p0/food101/quad_dw/last_stage_rank_1/metrics.json
food101_l40s_8q8l2f_multiseed_28626369,123,food101,101_q_ls_r1_h0_lr1em3_wd0p0,101,Quadratic depthwise adapter,quad_dw,last_stage,1,no,0.001,0.0,6,0.5890073629716048,0.8403300330033003,0.7631932475483045,0.7887920792079208,/Users/haseebshafi/Documents/GitHub/Quadratic-Neurons-vs.-ReLU-How-Much-Nonlinearity-Is-Enough/Haseeb_trials/4_test/data_4seed/food101_l40s_8q8l2f_multiseed_28626369/seed_123/101_q_ls_r1_h0_lr1em3_wd0p0/food101/quad_dw/last_stage_rank_1/metrics.json
food101_l40s_8q8l2f_multiseed_28626369,123,food101,101_q_ls_r1_h0_lr1em3_wd0p0,101,Quadratic depthwise adapter,quad_dw,last_stage,1,no,0.001,0.0,7,0.5662107972217472,0.8470627062706271,0.768859586724071,0.7885940594059406,/Users/haseebshafi/Documents/GitHub/Quadratic-Neurons-vs.-ReLU-How-Much-Nonlinearity-Is-Enough/Haseeb_trials/4_test/data_4seed/food101_l40s_8q8l2f_multiseed_28626369/seed_123/101_q_ls_r1_h0_lr1em3_wd0p0/food101/quad_dw/last_stage_rank_1/metrics.json
food101_l40s_8q8l2f_multiseed_28626369,123,food101,101_q_ls_r1_h0_lr1em3_wd0p0,101,Quadratic depthwise adapter,quad_dw,last_stage,1,no,0.001,0.0,8,0.5448904839364609,0.851986798679868,0.7666286580881546,0.789940594059406,/Users/haseebshafi/Documents/GitHub/Quadratic-Neurons-vs.-ReLU-How-Much-Nonlinearity-Is-Enough/Haseeb_trials/4_test/data_4seed/food101_l40s_8q8l2f_multiseed_28626369/seed_123/101_q_ls_r1_h0_lr1em3_wd0p0/food101/quad_dw/last_stage_rank_1/metrics.json
food101_l40s_8q8l2f_multiseed_28626369,123,food101,101_q_ls_r1_h0_lr1em3_wd0p0,101,Quadratic depthwise adapter,quad_dw,last_stage,1,no,0.001,0.0,9,0.5250735153317845,0.8591419141914192,0.771161183827234,0.7881980198019802,/Users/haseebshafi/Documents/GitHub/Quadratic-Neurons-vs.-ReLU-How-Much-Nonlinearity-Is-Enough/Haseeb_trials/4_test/data_4seed/food101_l40s_8q8l2f_multiseed_28626369/seed_123/101_q_ls_r1_h0_lr1em3_wd0p0/food101/quad_dw/last_stage_rank_1/metrics.json
food101_l40s_8q8l2f_multiseed_28626369,123,food101,101_q_ls_r1_h0_lr1em3_wd0p0,101,Quadratic depthwise adapter,quad_dw,last_stage,1,no,0.001,0.0,10,0.5107586415215294,0.8625478547854786,0.7749861172567777,0.7866534653465347,/Users/haseebshafi/Documents/GitHub/Quadratic-Neurons-vs.-ReLU-How-Much-Nonlinearity-Is-Enough/Haseeb_trials/4_test/data_4seed/food101_l40s_8q8l2f_multiseed_28626369/seed_123/101_q_ls_r1_h0_lr1em3_wd0p0/food101/quad_dw/last_stage_rank_1/metrics.json
food101_l40s_8q8l2f_multiseed_28626369,123,food101,101_q_ls_r1_h0_lr1em3_wd0p0,101,Quadratic depthwise adapter,quad_dw,last_stage,1,no,0.001,0.0,11,0.4946526342870379,0.8671947194719472,0.7793907669622309,0.787960396039604,/Users/haseebshafi/Documents/GitHub/Quadratic-Neurons-vs.-ReLU-How-Much-Nonlinearity-Is-Enough/Haseeb_trials/4_test/data_4seed/food101_l40s_8q8l2f_multiseed_28626369/seed_123/101_q_ls_r1_h0_lr1em3_wd0p0/food101/quad_dw/last_stage_rank_1/metrics.json
food101_l40s_8q8l2f_multiseed_28626369,123,food101,101_q_ls_r1_h0_lr1em3_wd0p0,101,Quadratic depthwise adapter,quad_dw,last_stage,1,no,0.001,0.0,12,0.4790907641464334,0.872924092409241,0.7851059234922217,0.7854257425742575,/Users/haseebshafi/Documents/GitHub/Quadratic-Neurons-vs.-ReLU-How-Much-Nonlinearity-Is-Enough/Haseeb_trials/4_test/data_4seed/food101_l40s_8q8l2f_multiseed_28626369/seed_123/101_q_ls_r1_h0_lr1em3_wd0p0/food101/quad_dw/last_stage_rank_1/metrics.json
food101_l40s_8q8l2f_multiseed_28626369,123,food101,102_q_ls_r2_h0_lr1em3_wd0p0,102,Quadratic depthwise adapter,quad_dw,last_stage,2,no,0.001,0.0,1,0.7320303015095172,0.7985742574257426,0.7559979256262523,0.7904158415841585,/Users/haseebshafi/Documents/GitHub/Quadratic-Neurons-vs.-ReLU-How-Much-Nonlinearity-Is-Enough/Haseeb_trials/4_test/data_4seed/food101_l40s_8q8l2f_multiseed_28626369/seed_123/102_q_ls_r2_h0_lr1em3_wd0p0/food101/quad_dw/last_stage_rank_2/metrics.json
food101_l40s_8q8l2f_multiseed_28626369,123,food101,102_q_ls_r2_h0_lr1em3_wd0p0,102,Quadratic depthwise adapter,quad_dw,last_stage,2,no,0.001,0.0,2,0.7003286331478912,0.8088844884488449,0.7523734494585839,0.7916435643564357,/Users/haseebshafi/Documents/GitHub/Quadratic-Neurons-vs.-ReLU-How-Much-Nonlinearity-Is-Enough/Haseeb_trials/4_test/data_4seed/food101_l40s_8q8l2f_multiseed_28626369/seed_123/102_q_ls_r2_h0_lr1em3_wd0p0/food101/quad_dw/last_stage_rank_2/metrics.json
food101_l40s_8q8l2f_multiseed_28626369,123,food101,102_q_ls_r2_h0_lr1em3_wd0p0,102,Quadratic depthwise adapter,quad_dw,last_stage,2,no,0.001,0.0,3,0.668057212283509,0.8171617161716171,0.7543483206791628,0.7910891089108911,/Users/haseebshafi/Documents/GitHub/Quadratic-Neurons-vs.-ReLU-How-Much-Nonlinearity-Is-Enough/Haseeb_trials/4_test/data_4seed/food101_l40s_8q8l2f_multiseed_28626369/seed_123/102_q_ls_r2_h0_lr1em3_wd0p0/food101/quad_dw/last_stage_rank_2/metrics.json
food101_l40s_8q8l2f_multiseed_28626369,123,food101,102_q_ls_r2_h0_lr1em3_wd0p0,102,Quadratic depthwise adapter,quad_dw,last_stage,2,no,0.001,0.0,4,0.6322975653576182,0.8277887788778878,0.7595730690354628,0.7906534653465347,/Users/haseebshafi/Documents/GitHub/Quadratic-Neurons-vs.-ReLU-How-Much-Nonlinearity-Is-Enough/Haseeb_trials/4_test/data_4seed/food101_l40s_8q8l2f_multiseed_28626369/seed_123/102_q_ls_r2_h0_lr1em3_wd0p0/food101/quad_dw/last_stage_rank_2/metrics.json
food101_l40s_8q8l2f_multiseed_28626369,123,food101,102_q_ls_r2_h0_lr1em3_wd0p0,102,Quadratic depthwise adapter,quad_dw,last_stage,2,no,0.001,0.0,5,0.6017611309404027,0.8368184818481849,0.762798319669362,0.7916831683168317,/Users/haseebshafi/Documents/GitHub/Quadratic-Neurons-vs.-ReLU-How-Much-Nonlinearity-Is-Enough/Haseeb_trials/4_test/data_4seed/food101_l40s_8q8l2f_multiseed_28626369/seed_123/102_q_ls_r2_h0_lr1em3_wd0p0/food101/quad_dw/last_stage_rank_2/metrics.json
food101_l40s_8q8l2f_multiseed_28626369,123,food101,102_q_ls_r2_h0_lr1em3_wd0p0,102,Quadratic depthwise adapter,quad_dw,last_stage,2,no,0.001,0.0,6,0.5709581990068895,0.8448448844884489,0.7659615850319699,0.7902970297029703,/Users/haseebshafi/Documents/GitHub/Quadratic-Neurons-vs.-ReLU-How-Much-Nonlinearity-Is-Enough/Haseeb_trials/4_test/data_4seed/food101_l40s_8q8l2f_multiseed_28626369/seed_123/102_q_ls_r2_h0_lr1em3_wd0p0/food101/quad_dw/last_stage_rank_2/metrics.json
food101_l40s_8q8l2f_multiseed_28626369,123,food101,102_q_ls_r2_h0_lr1em3_wd0p0,102,Quadratic depthwise adapter,quad_dw,last_stage,2,no,0.001,0.0,7,0.5445914845136133,0.8535181518151815,0.7705357982533255,0.7894257425742575,/Users/haseebshafi/Documents/GitHub/Quadratic-Neurons-vs.-ReLU-How-Much-Nonlinearity-Is-Enough/Haseeb_trials/4_test/data_4seed/food101_l40s_8q8l2f_multiseed_28626369/seed_123/102_q_ls_r2_h0_lr1em3_wd0p0/food101/quad_dw/last_stage_rank_2/metrics.json
food101_l40s_8q8l2f_multiseed_28626369,123,food101,102_q_ls_r2_h0_lr1em3_wd0p0,102,Quadratic depthwise adapter,quad_dw,last_stage,2,no,0.001,0.0,8,0.5199498681098518,0.8602112211221122,0.7719828103356027,0.7890297029702971,/Users/haseebshafi/Documents/GitHub/Quadratic-Neurons-vs.-ReLU-How-Much-Nonlinearity-Is-Enough/Haseeb_trials/4_test/data_4seed/food101_l40s_8q8l2f_multiseed_28626369/seed_123/102_q_ls_r2_h0_lr1em3_wd0p0/food101/quad_dw/last_stage_rank_2/metrics.json
food101_l40s_8q8l2f_multiseed_28626369,123,food101,102_q_ls_r2_h0_lr1em3_wd0p0,102,Quadratic depthwise adapter,quad_dw,last_stage,2,no,0.001,0.0,9,0.49418220854494044,0.8674983498349835,0.7823106937491621,0.786970297029703,/Users/haseebshafi/Documents/GitHub/Quadratic-Neurons-vs.-ReLU-How-Much-Nonlinearity-Is-Enough/Haseeb_trials/4_test/data_4seed/food101_l40s_8q8l2f_multiseed_28626369/seed_123/102_q_ls_r2_h0_lr1em3_wd0p0/food101/quad_dw/last_stage_rank_2/metrics.json
food101_l40s_8q8l2f_multiseed_28626369,123,food101,102_q_ls_r2_h0_lr1em3_wd0p0,102,Quadratic depthwise adapter,quad_dw,last_stage,2,no,0.001,0.0,10,0.4730256260456425,0.8745610561056105,0.7840944481494163,0.7871683168316832,/Users/haseebshafi/Documents/GitHub/Quadratic-Neurons-vs.-ReLU-How-Much-Nonlinearity-Is-Enough/Haseeb_trials/4_test/data_4seed/food101_l40s_8q8l2f_multiseed_28626369/seed_123/102_q_ls_r2_h0_lr1em3_wd0p0/food101/quad_dw/last_stage_rank_2/metrics.json
food101_l40s_8q8l2f_multiseed_28626369,123,food101,102_q_ls_r2_h0_lr1em3_wd0p0,102,Quadratic depthwise adapter,quad_dw,last_stage,2,no,0.001,0.0,11,0.45430703025603847,0.8806864686468647,0.7831615362288892,0.7863762376237624,/Users/haseebshafi/Documents/GitHub/Quadratic-Neurons-vs.-ReLU-How-Much-Nonlinearity-Is-Enough/Haseeb_trials/4_test/data_4seed/food101_l40s_8q8l2f_multiseed_28626369/seed_123/102_q_ls_r2_h0_lr1em3_wd0p0/food101/quad_dw/last_stage_rank_2/metrics.json
food101_l40s_8q8l2f_multiseed_28626369,123,food101,102_q_ls_r2_h0_lr1em3_wd0p0,102,Quadratic depthwise adapter,quad_dw,last_stage,2,no,0.001,0.0,12,0.4368341661105455,0.8855049504950495,0.7944131586386426,0.7837227722772278,/Users/haseebshafi/Documents/GitHub/Quadratic-Neurons-vs.-ReLU-How-Much-Nonlinearity-Is-Enough/Haseeb_trials/4_test/data_4seed/food101_l40s_8q8l2f_multiseed_28626369/seed_123/102_q_ls_r2_h0_lr1em3_wd0p0/food101/quad_dw/last_stage_rank_2/metrics.json
food101_l40s_8q8l2f_multiseed_28626369,123,food101,103_q_ls_r4_h0_lr1em3_wd0p0,103,Quadratic depthwise adapter,quad_dw,last_stage,4,no,0.001,0.0,1,0.7358371313468064,0.8002112211221122,0.7556571145473915,0.7885940594059406,/Users/haseebshafi/Documents/GitHub/Quadratic-Neurons-vs.-ReLU-How-Much-Nonlinearity-Is-Enough/Haseeb_trials/4_test/data_4seed/food101_l40s_8q8l2f_multiseed_28626369/seed_123/103_q_ls_r4_h0_lr1em3_wd0p0/food101/quad_dw/last_stage_rank_4/metrics.json
food101_l40s_8q8l2f_multiseed_28626369,123,food101,103_q_ls_r4_h0_lr1em3_wd0p0,103,Quadratic depthwise adapter,quad_dw,last_stage,4,no,0.001,0.0,2,0.6971808739369458,0.8086996699669967,0.7544662631423315,0.790019801980198,/Users/haseebshafi/Documents/GitHub/Quadratic-Neurons-vs.-ReLU-How-Much-Nonlinearity-Is-Enough/Haseeb_trials/4_test/data_4seed/food101_l40s_8q8l2f_multiseed_28626369/seed_123/103_q_ls_r4_h0_lr1em3_wd0p0/food101/quad_dw/last_stage_rank_4/metrics.json
food101_l40s_8q8l2f_multiseed_28626369,123,food101,103_q_ls_r4_h0_lr1em3_wd0p0,103,Quadratic depthwise adapter,quad_dw,last_stage,4,no,0.001,0.0,3,0.6654131501012116,0.8173333333333334,0.7576819089014027,0.7900990099009901,/Users/haseebshafi/Documents/GitHub/Quadratic-Neurons-vs.-ReLU-How-Much-Nonlinearity-Is-Enough/Haseeb_trials/4_test/data_4seed/food101_l40s_8q8l2f_multiseed_28626369/seed_123/103_q_ls_r4_h0_lr1em3_wd0p0/food101/quad_dw/last_stage_rank_4/metrics.json
food101_l40s_8q8l2f_multiseed_28626369,123,food101,103_q_ls_r4_h0_lr1em3_wd0p0,103,Quadratic depthwise adapter,quad_dw,last_stage,4,no,0.001,0.0,4,0.6273379717376759,0.8284092409240924,0.7604500929722839,0.7908910891089109,/Users/haseebshafi/Documents/GitHub/Quadratic-Neurons-vs.-ReLU-How-Much-Nonlinearity-Is-Enough/Haseeb_trials/4_test/data_4seed/food101_l40s_8q8l2f_multiseed_28626369/seed_123/103_q_ls_r4_h0_lr1em3_wd0p0/food101/quad_dw/last_stage_rank_4/metrics.json
food101_l40s_8q8l2f_multiseed_28626369,123,food101,103_q_ls_r4_h0_lr1em3_wd0p0,103,Quadratic depthwise adapter,quad_dw,last_stage,4,no,0.001,0.0,5,0.5912272824541767,0.8391683168316831,0.7622865970557426,0.7912079207920792,/Users/haseebshafi/Documents/GitHub/Quadratic-Neurons-vs.-ReLU-How-Much-Nonlinearity-Is-Enough/Haseeb_trials/4_test/data_4seed/food101_l40s_8q8l2f_multiseed_28626369/seed_123/103_q_ls_r4_h0_lr1em3_wd0p0/food101/quad_dw/last_stage_rank_4/metrics.json
food101_l40s_8q8l2f_multiseed_28626369,123,food101,103_q_ls_r4_h0_lr1em3_wd0p0,103,Quadratic depthwise adapter,quad_dw,last_stage,4,no,0.001,0.0,6,0.5605998546896201,0.8476039603960396,0.7652372871054115,0.7891485148514852,/Users/haseebshafi/Documents/GitHub/Quadratic-Neurons-vs.-ReLU-How-Much-Nonlinearity-Is-Enough/Haseeb_trials/4_test/data_4seed/food101_l40s_8q8l2f_multiseed_28626369/seed_123/103_q_ls_r4_h0_lr1em3_wd0p0/food101/quad_dw/last_stage_rank_4/metrics.json
food101_l40s_8q8l2f_multiseed_28626369,123,food101,103_q_ls_r4_h0_lr1em3_wd0p0,103,Quadratic depthwise adapter,quad_dw,last_stage,4,no,0.001,0.0,7,0.5298621563949797,0.8576501650165016,0.7718796483150564,0.7880396039603961,/Users/haseebshafi/Documents/GitHub/Quadratic-Neurons-vs.-ReLU-How-Much-Nonlinearity-Is-Enough/Haseeb_trials/4_test/data_4seed/food101_l40s_8q8l2f_multiseed_28626369/seed_123/103_q_ls_r4_h0_lr1em3_wd0p0/food101/quad_dw/last_stage_rank_4/metrics.json
food101_l40s_8q8l2f_multiseed_28626369,123,food101,103_q_ls_r4_h0_lr1em3_wd0p0,103,Quadratic depthwise adapter,quad_dw,last_stage,4,no,0.001,0.0,8,0.5012546659224104,0.866059405940594,0.7789904788545342,0.7877623762376238,/Users/haseebshafi/Documents/GitHub/Quadratic-Neurons-vs.-ReLU-How-Much-Nonlinearity-Is-Enough/Haseeb_trials/4_test/data_4seed/food101_l40s_8q8l2f_multiseed_28626369/seed_123/103_q_ls_r4_h0_lr1em3_wd0p0/food101/quad_dw/last_stage_rank_4/metrics.json
food101_l40s_8q8l2f_multiseed_28626369,123,food101,103_q_ls_r4_h0_lr1em3_wd0p0,103,Quadratic depthwise adapter,quad_dw,last_stage,4,no,0.001,0.0,9,0.47833359183257956,0.8728184818481848,0.7767107453141362,0.7874059405940594,/Users/haseebshafi/Documents/GitHub/Quadratic-Neurons-vs.-ReLU-How-Much-Nonlinearity-Is-Enough/Haseeb_trials/4_test/data_4seed/food101_l40s_8q8l2f_multiseed_28626369/seed_123/103_q_ls_r4_h0_lr1em3_wd0p0/food101/quad_dw/last_stage_rank_4/metrics.json
food101_l40s_8q8l2f_multiseed_28626369,123,food101,103_q_ls_r4_h0_lr1em3_wd0p0,103,Quadratic depthwise adapter,quad_dw,last_stage,4,no,0.001,0.0,10,0.4505526223111861,0.8832871287128713,0.7829380062771039,0.7872871287128713,/Users/haseebshafi/Documents/GitHub/Quadratic-Neurons-vs.-ReLU-How-Much-Nonlinearity-Is-Enough/Haseeb_trials/4_test/data_4seed/food101_l40s_8q8l2f_multiseed_28626369/seed_123/103_q_ls_r4_h0_lr1em3_wd0p0/food101/quad_dw/last_stage_rank_4/metrics.json
food101_l40s_8q8l2f_multiseed_28626369,123,food101,103_q_ls_r4_h0_lr1em3_wd0p0,103,Quadratic depthwise adapter,quad_dw,last_stage,4,no,0.001,0.0,11,0.4292546221501756,0.8882904290429043,0.790018839482716,0.7851089108910891,/Users/haseebshafi/Documents/GitHub/Quadratic-Neurons-vs.-ReLU-How-Much-Nonlinearity-Is-Enough/Haseeb_trials/4_test/data_4seed/food101_l40s_8q8l2f_multiseed_28626369/seed_123/103_q_ls_r4_h0_lr1em3_wd0p0/food101/quad_dw/last_stage_rank_4/metrics.json
food101_l40s_8q8l2f_multiseed_28626369,123,food101,103_q_ls_r4_h0_lr1em3_wd0p0,103,Quadratic depthwise adapter,quad_dw,last_stage,4,no,0.001,0.0,12,0.4086340442396233,0.8953927392739274,0.7954760907574714,0.7838811881188119,/Users/haseebshafi/Documents/GitHub/Quadratic-Neurons-vs.-ReLU-How-Much-Nonlinearity-Is-Enough/Haseeb_trials/4_test/data_4seed/food101_l40s_8q8l2f_multiseed_28626369/seed_123/103_q_ls_r4_h0_lr1em3_wd0p0/food101/quad_dw/last_stage_rank_4/metrics.json
food101_l40s_8q8l2f_multiseed_28626369,123,food101,104_q_ls_r2_h0_lr3em4_wd0p01,104,Quadratic depthwise adapter,quad_dw,last_stage,2,no,0.0003,0.01,1,0.7373115421679154,0.7979537953795379,0.7610980438735742,0.7878415841584159,/Users/haseebshafi/Documents/GitHub/Quadratic-Neurons-vs.-ReLU-How-Much-Nonlinearity-Is-Enough/Haseeb_trials/4_test/data_4seed/food101_l40s_8q8l2f_multiseed_28626369/seed_123/104_q_ls_r2_h0_lr3em4_wd0p01/food101/quad_dw/last_stage_rank_2/metrics.json
food101_l40s_8q8l2f_multiseed_28626369,123,food101,104_q_ls_r2_h0_lr3em4_wd0p01,104,Quadratic depthwise adapter,quad_dw,last_stage,2,no,0.0003,0.01,2,0.7155828929628083,0.8044092409240924,0.7551625684196738,0.7888316831683169,/Users/haseebshafi/Documents/GitHub/Quadratic-Neurons-vs.-ReLU-How-Much-Nonlinearity-Is-Enough/Haseeb_trials/4_test/data_4seed/food101_l40s_8q8l2f_multiseed_28626369/seed_123/104_q_ls_r2_h0_lr3em4_wd0p01/food101/quad_dw/last_stage_rank_2/metrics.json
food101_l40s_8q8l2f_multiseed_28626369,123,food101,104_q_ls_r2_h0_lr3em4_wd0p01,104,Quadratic depthwise adapter,quad_dw,last_stage,2,no,0.0003,0.01,3,0.7012696106363051,0.8087524752475248,0.7547822250929836,0.7903366336633664,/Users/haseebshafi/Documents/GitHub/Quadratic-Neurons-vs.-ReLU-How-Much-Nonlinearity-Is-Enough/Haseeb_trials/4_test/data_4seed/food101_l40s_8q8l2f_multiseed_28626369/seed_123/104_q_ls_r2_h0_lr3em4_wd0p01/food101/quad_dw/last_stage_rank_2/metrics.json
food101_l40s_8q8l2f_multiseed_28626369,123,food101,104_q_ls_r2_h0_lr3em4_wd0p01,104,Quadratic depthwise adapter,quad_dw,last_stage,2,no,0.0003,0.01,4,0.6865660666045379,0.811947194719472,0.7560284970653253,0.789980198019802,/Users/haseebshafi/Documents/GitHub/Quadratic-Neurons-vs.-ReLU-How-Much-Nonlinearity-Is-Enough/Haseeb_trials/4_test/data_4seed/food101_l40s_8q8l2f_multiseed_28626369/seed_123/104_q_ls_r2_h0_lr3em4_wd0p01/food101/quad_dw/last_stage_rank_2/metrics.json
food101_l40s_8q8l2f_multiseed_28626369,123,food101,104_q_ls_r2_h0_lr3em4_wd0p01,104,Quadratic depthwise adapter,quad_dw,last_stage,2,no,0.0003,0.01,5,0.6745290347546241,0.8153399339933993,0.7569751883193039,0.7902178217821783,/Users/haseebshafi/Documents/GitHub/Quadratic-Neurons-vs.-ReLU-How-Much-Nonlinearity-Is-Enough/Haseeb_trials/4_test/data_4seed/food101_l40s_8q8l2f_multiseed_28626369/seed_123/104_q_ls_r2_h0_lr3em4_wd0p01/food101/quad_dw/last_stage_rank_2/metrics.json
food101_l40s_8q8l2f_multiseed_28626369,123,food101,104_q_ls_r2_h0_lr3em4_wd0p01,104,Quadratic depthwise adapter,quad_dw,last_stage,2,no,0.0003,0.01,6,0.6599792691315755,0.8188646864686469,0.7550201809104753,0.7914059405940594,/Users/haseebshafi/Documents/GitHub/Quadratic-Neurons-vs.-ReLU-How-Much-Nonlinearity-Is-Enough/Haseeb_trials/4_test/data_4seed/food101_l40s_8q8l2f_multiseed_28626369/seed_123/104_q_ls_r2_h0_lr3em4_wd0p01/food101/quad_dw/last_stage_rank_2/metrics.json
food101_l40s_8q8l2f_multiseed_28626369,123,food101,104_q_ls_r2_h0_lr3em4_wd0p01,104,Quadratic depthwise adapter,quad_dw,last_stage,2,no,0.0003,0.01,7,0.6501938455647761,0.8227062706270627,0.7570095783497419,0.7916039603960396,/Users/haseebshafi/Documents/GitHub/Quadratic-Neurons-vs.-ReLU-How-Much-Nonlinearity-Is-Enough/Haseeb_trials/4_test/data_4seed/food101_l40s_8q8l2f_multiseed_28626369/seed_123/104_q_ls_r2_h0_lr3em4_wd0p01/food101/quad_dw/last_stage_rank_2/metrics.json
food101_l40s_8q8l2f_multiseed_28626369,123,food101,104_q_ls_r2_h0_lr3em4_wd0p01,104,Quadratic depthwise adapter,quad_dw,last_stage,2,no,0.0003,0.01,8,0.6375966597299273,0.8262046204620462,0.7585584933473314,0.7911287128712872,/Users/haseebshafi/Documents/GitHub/Quadratic-Neurons-vs.-ReLU-How-Much-Nonlinearity-Is-Enough/Haseeb_trials/4_test/data_4seed/food101_l40s_8q8l2f_multiseed_28626369/seed_123/104_q_ls_r2_h0_lr3em4_wd0p01/food101/quad_dw/last_stage_rank_2/metrics.json
food101_l40s_8q8l2f_multiseed_28626369,123,food101,104_q_ls_r2_h0_lr3em4_wd0p01,104,Quadratic depthwise adapter,quad_dw,last_stage,2,no,0.0003,0.01,9,0.6233037803633378,0.8295445544554455,0.7594742474768791,0.7912871287128713,/Users/haseebshafi/Documents/GitHub/Quadratic-Neurons-vs.-ReLU-How-Much-Nonlinearity-Is-Enough/Haseeb_trials/4_test/data_4seed/food101_l40s_8q8l2f_multiseed_28626369/seed_123/104_q_ls_r2_h0_lr3em4_wd0p01/food101/quad_dw/last_stage_rank_2/metrics.json
food101_l40s_8q8l2f_multiseed_28626369,123,food101,104_q_ls_r2_h0_lr3em4_wd0p01,104,Quadratic depthwise adapter,quad_dw,last_stage,2,no,0.0003,0.01,10,0.6132748834388484,0.8335709570957096,0.761035312859028,0.7906138613861386,/Users/haseebshafi/Documents/GitHub/Quadratic-Neurons-vs.-ReLU-How-Much-Nonlinearity-Is-Enough/Haseeb_trials/4_test/data_4seed/food101_l40s_8q8l2f_multiseed_28626369/seed_123/104_q_ls_r2_h0_lr3em4_wd0p01/food101/quad_dw/last_stage_rank_2/metrics.json
food101_l40s_8q8l2f_multiseed_28626369,123,food101,104_q_ls_r2_h0_lr3em4_wd0p01,104,Quadratic depthwise adapter,quad_dw,last_stage,2,no,0.0003,0.01,11,0.6008630016943802,0.8368052805280528,0.7597396580313913,0.790970297029703,/Users/haseebshafi/Documents/GitHub/Quadratic-Neurons-vs.-ReLU-How-Much-Nonlinearity-Is-Enough/Haseeb_trials/4_test/data_4seed/food101_l40s_8q8l2f_multiseed_28626369/seed_123/104_q_ls_r2_h0_lr3em4_wd0p01/food101/quad_dw/last_stage_rank_2/metrics.json
food101_l40s_8q8l2f_multiseed_28626369,123,food101,104_q_ls_r2_h0_lr3em4_wd0p01,104,Quadratic depthwise adapter,quad_dw,last_stage,2,no,0.0003,0.01,12,0.5889630438899837,0.838983498349835,0.7627889172590457,0.7902574257425743,/Users/haseebshafi/Documents/GitHub/Quadratic-Neurons-vs.-ReLU-How-Much-Nonlinearity-Is-Enough/Haseeb_trials/4_test/data_4seed/food101_l40s_8q8l2f_multiseed_28626369/seed_123/104_q_ls_r2_h0_lr3em4_wd0p01/food101/quad_dw/last_stage_rank_2/metrics.json
food101_l40s_8q8l2f_multiseed_28626369,123,food101,105_q_all_r1_h0_lr3em4_wd0p0,105,Quadratic depthwise adapter,quad_dw,all,1,no,0.0003,0.0,1,0.7050110007434002,0.8073003300330033,0.7034759592756002,0.8023762376237624,/Users/haseebshafi/Documents/GitHub/Quadratic-Neurons-vs.-ReLU-How-Much-Nonlinearity-Is-Enough/Haseeb_trials/4_test/data_4seed/food101_l40s_8q8l2f_multiseed_28626369/seed_123/105_q_all_r1_h0_lr3em4_wd0p0/food101/quad_dw/all_rank_1/metrics.json
food101_l40s_8q8l2f_multiseed_28626369,123,food101,105_q_all_r1_h0_lr3em4_wd0p0,105,Quadratic depthwise adapter,quad_dw,all,1,no,0.0003,0.0,2,0.6582657773896019,0.8195379537953795,0.6924153689523734,0.8053861386138614,/Users/haseebshafi/Documents/GitHub/Quadratic-Neurons-vs.-ReLU-How-Much-Nonlinearity-Is-Enough/Haseeb_trials/4_test/data_4seed/food101_l40s_8q8l2f_multiseed_28626369/seed_123/105_q_all_r1_h0_lr3em4_wd0p0/food101/quad_dw/all_rank_1/metrics.json
food101_l40s_8q8l2f_multiseed_28626369,123,food101,105_q_all_r1_h0_lr3em4_wd0p0,105,Quadratic depthwise adapter,quad_dw,all,1,no,0.0003,0.0,3,0.62105019948034,0.8292277227722772,0.6910379092292952,0.8085148514851486,/Users/haseebshafi/Documents/GitHub/Quadratic-Neurons-vs.-ReLU-How-Much-Nonlinearity-Is-Enough/Haseeb_trials/4_test/data_4seed/food101_l40s_8q8l2f_multiseed_28626369/seed_123/105_q_all_r1_h0_lr3em4_wd0p0/food101/quad_dw/all_rank_1/metrics.json
food101_l40s_8q8l2f_multiseed_28626369,123,food101,105_q_all_r1_h0_lr3em4_wd0p0,105,Quadratic depthwise adapter,quad_dw,all,1,no,0.0003,0.0,4,0.5827211694898385,0.8401188118811881,0.6894475542269002,0.8083168316831684,/Users/haseebshafi/Documents/GitHub/Quadratic-Neurons-vs.-ReLU-How-Much-Nonlinearity-Is-Enough/Haseeb_trials/4_test/data_4seed/food101_l40s_8q8l2f_multiseed_28626369/seed_123/105_q_all_r1_h0_lr3em4_wd0p0/food101/quad_dw/all_rank_1/metrics.json
food101_l40s_8q8l2f_multiseed_28626369,123,food101,105_q_all_r1_h0_lr3em4_wd0p0,105,Quadratic depthwise adapter,quad_dw,all,1,no,0.0003,0.0,5,0.5463624602324105,0.8501254125412542,0.6954876307804221,0.8068910891089109,/Users/haseebshafi/Documents/GitHub/Quadratic-Neurons-vs.-ReLU-How-Much-Nonlinearity-Is-Enough/Haseeb_trials/4_test/data_4seed/food101_l40s_8q8l2f_multiseed_28626369/seed_123/105_q_all_r1_h0_lr3em4_wd0p0/food101/quad_dw/all_rank_1/metrics.json
food101_l40s_8q8l2f_multiseed_28626369,123,food101,105_q_all_r1_h0_lr3em4_wd0p0,105,Quadratic depthwise adapter,quad_dw,all,1,no,0.0003,0.0,6,0.5129436630722713,0.8608184818481848,0.6971475943536359,0.8065742574257426,/Users/haseebshafi/Documents/GitHub/Quadratic-Neurons-vs.-ReLU-How-Much-Nonlinearity-Is-Enough/Haseeb_trials/4_test/data_4seed/food101_l40s_8q8l2f_multiseed_28626369/seed_123/105_q_all_r1_h0_lr3em4_wd0p0/food101/quad_dw/all_rank_1/metrics.json
food101_l40s_8q8l2f_multiseed_28626369,123,food101,105_q_all_r1_h0_lr3em4_wd0p0,105,Quadratic depthwise adapter,quad_dw,all,1,no,0.0003,0.0,7,0.48123781651632225,0.870019801980198,0.7000571996127439,0.8053861386138614,/Users/haseebshafi/Documents/GitHub/Quadratic-Neurons-vs.-ReLU-How-Much-Nonlinearity-Is-Enough/Haseeb_trials/4_test/data_4seed/food101_l40s_8q8l2f_multiseed_28626369/seed_123/105_q_all_r1_h0_lr3em4_wd0p0/food101/quad_dw/all_rank_1/metrics.json
food101_l40s_8q8l2f_multiseed_28626369,123,food101,105_q_all_r1_h0_lr3em4_wd0p0,105,Quadratic depthwise adapter,quad_dw,all,1,no,0.0003,0.0,8,0.4508087277062262,0.8794719471947194,0.7046801004175207,0.8064554455445545,/Users/haseebshafi/Documents/GitHub/Quadratic-Neurons-vs.-ReLU-How-Much-Nonlinearity-Is-Enough/Haseeb_trials/4_test/data_4seed/food101_l40s_8q8l2f_multiseed_28626369/seed_123/105_q_all_r1_h0_lr3em4_wd0p0/food101/quad_dw/all_rank_1/metrics.json
food101_l40s_8q8l2f_multiseed_28626369,123,food101,105_q_all_r1_h0_lr3em4_wd0p0,105,Quadratic depthwise adapter,quad_dw,all,1,no,0.0003,0.0,9,0.42213222552762175,0.8867194719471947,0.7150686372469576,0.8034851485148515,/Users/haseebshafi/Documents/GitHub/Quadratic-Neurons-vs.-ReLU-How-Much-Nonlinearity-Is-Enough/Haseeb_trials/4_test/data_4seed/food101_l40s_8q8l2f_multiseed_28626369/seed_123/105_q_all_r1_h0_lr3em4_wd0p0/food101/quad_dw/all_rank_1/metrics.json
food101_l40s_8q8l2f_multiseed_28626369,123,food101,105_q_all_r1_h0_lr3em4_wd0p0,105,Quadratic depthwise adapter,quad_dw,all,1,no,0.0003,0.0,10,0.39574019805649324,0.894970297029703,0.7199591775701502,0.8030495049504951,/Users/haseebshafi/Documents/GitHub/Quadratic-Neurons-vs.-ReLU-How-Much-Nonlinearity-Is-Enough/Haseeb_trials/4_test/data_4seed/food101_l40s_8q8l2f_multiseed_28626369/seed_123/105_q_all_r1_h0_lr3em4_wd0p0/food101/quad_dw/all_rank_1/metrics.json
food101_l40s_8q8l2f_multiseed_28626369,123,food101,105_q_all_r1_h0_lr3em4_wd0p0,105,Quadratic depthwise adapter,quad_dw,all,1,no,0.0003,0.0,11,0.3725756106046167,0.9024158415841584,0.7284361253253987,0.801980198019802,/Users/haseebshafi/Documents/GitHub/Quadratic-Neurons-vs.-ReLU-How-Much-Nonlinearity-Is-Enough/Haseeb_trials/4_test/data_4seed/food101_l40s_8q8l2f_multiseed_28626369/seed_123/105_q_all_r1_h0_lr3em4_wd0p0/food101/quad_dw/all_rank_1/metrics.json
food101_l40s_8q8l2f_multiseed_28626369,123,food101,105_q_all_r1_h0_lr3em4_wd0p0,105,Quadratic depthwise adapter,quad_dw,all,1,no,0.0003,0.0,12,0.3525018881904607,0.909056105610561,0.7260778708203078,0.8017425742574258,/Users/haseebshafi/Documents/GitHub/Quadratic-Neurons-vs.-ReLU-How-Much-Nonlinearity-Is-Enough/Haseeb_trials/4_test/data_4seed/food101_l40s_8q8l2f_multiseed_28626369/seed_123/105_q_all_r1_h0_lr3em4_wd0p0/food101/quad_dw/all_rank_1/metrics.json
food101_l40s_8q8l2f_multiseed_28626369,123,food101,106_q_all_r2_h0_lr3em4_wd0p0,106,Quadratic depthwise adapter,quad_dw,all,2,no,0.0003,0.0,1,0.7034682838051233,0.8078679867986799,0.7032737306221065,0.8020990099009901,/Users/haseebshafi/Documents/GitHub/Quadratic-Neurons-vs.-ReLU-How-Much-Nonlinearity-Is-Enough/Haseeb_trials/4_test/data_4seed/food101_l40s_8q8l2f_multiseed_28626369/seed_123/106_q_all_r2_h0_lr3em4_wd0p0/food101/quad_dw/all_rank_2/metrics.json
food101_l40s_8q8l2f_multiseed_28626369,123,food101,106_q_all_r2_h0_lr3em4_wd0p0,106,Quadratic depthwise adapter,quad_dw,all,2,no,0.0003,0.0,2,0.656568495555286,0.8200660066006601,0.6942465990889302,0.8055841584158416,/Users/haseebshafi/Documents/GitHub/Quadratic-Neurons-vs.-ReLU-How-Much-Nonlinearity-Is-Enough/Haseeb_trials/4_test/data_4seed/food101_l40s_8q8l2f_multiseed_28626369/seed_123/106_q_all_r2_h0_lr3em4_wd0p0/food101/quad_dw/all_rank_2/metrics.json
food101_l40s_8q8l2f_multiseed_28626369,123,food101,106_q_all_r2_h0_lr3em4_wd0p0,106,Quadratic depthwise adapter,quad_dw,all,2,no,0.0003,0.0,3,0.6182092107640634,0.8306666666666667,0.691919171324092,0.8071287128712872,/Users/haseebshafi/Documents/GitHub/Quadratic-Neurons-vs.-ReLU-How-Much-Nonlinearity-Is-Enough/Haseeb_trials/4_test/data_4seed/food101_l40s_8q8l2f_multiseed_28626369/seed_123/106_q_all_r2_h0_lr3em4_wd0p0/food101/quad_dw/all_rank_2/metrics.json
food101_l40s_8q8l2f_multiseed_28626369,123,food101,106_q_all_r2_h0_lr3em4_wd0p0,106,Quadratic depthwise adapter,quad_dw,all,2,no,0.0003,0.0,4,0.5816678801338271,0.8401452145214522,0.6909649938039463,0.8086732673267327,/Users/haseebshafi/Documents/GitHub/Quadratic-Neurons-vs.-ReLU-How-Much-Nonlinearity-Is-Enough/Haseeb_trials/4_test/data_4seed/food101_l40s_8q8l2f_multiseed_28626369/seed_123/106_q_all_r2_h0_lr3em4_wd0p0/food101/quad_dw/all_rank_2/metrics.json
food101_l40s_8q8l2f_multiseed_28626369,123,food101,106_q_all_r2_h0_lr3em4_wd0p0,106,Quadratic depthwise adapter,quad_dw,all,2,no,0.0003,0.0,5,0.5403555459464737,0.8524620462046205,0.6906789448269929,0.809980198019802,/Users/haseebshafi/Documents/GitHub/Quadratic-Neurons-vs.-ReLU-How-Much-Nonlinearity-Is-Enough/Haseeb_trials/4_test/data_4seed/food101_l40s_8q8l2f_multiseed_28626369/seed_123/106_q_all_r2_h0_lr3em4_wd0p0/food101/quad_dw/all_rank_2/metrics.json
food101_l40s_8q8l2f_multiseed_28626369,123,food101,106_q_all_r2_h0_lr3em4_wd0p0,106,Quadratic depthwise adapter,quad_dw,all,2,no,0.0003,0.0,6,0.5016964664695287,0.8642904290429043,0.6968417344744511,0.8082772277227723,/Users/haseebshafi/Documents/GitHub/Quadratic-Neurons-vs.-ReLU-How-Much-Nonlinearity-Is-Enough/Haseeb_trials/4_test/data_4seed/food101_l40s_8q8l2f_multiseed_28626369/seed_123/106_q_all_r2_h0_lr3em4_wd0p0/food101/quad_dw/all_rank_2/metrics.json
food101_l40s_8q8l2f_multiseed_28626369,123,food101,106_q_all_r2_h0_lr3em4_wd0p0,106,Quadratic depthwise adapter,quad_dw,all,2,no,0.0003,0.0,7,0.4692035135038615,0.8738745874587459,0.7022735804406797,0.8081980198019802,/Users/haseebshafi/Documents/GitHub/Quadratic-Neurons-vs.-ReLU-How-Much-Nonlinearity-Is-Enough/Haseeb_trials/4_test/data_4seed/food101_l40s_8q8l2f_multiseed_28626369/seed_123/106_q_all_r2_h0_lr3em4_wd0p0/food101/quad_dw/all_rank_2/metrics.json
food101_l40s_8q8l2f_multiseed_28626369,123,food101,106_q_all_r2_h0_lr3em4_wd0p0,106,Quadratic depthwise adapter,quad_dw,all,2,no,0.0003,0.0,8,0.43521246069295966,0.883960396039604,0.7041163985908013,0.8076435643564357,/Users/haseebshafi/Documents/GitHub/Quadratic-Neurons-vs.-ReLU-How-Much-Nonlinearity-Is-Enough/Haseeb_trials/4_test/data_4seed/food101_l40s_8q8l2f_multiseed_28626369/seed_123/106_q_all_r2_h0_lr3em4_wd0p0/food101/quad_dw/all_rank_2/metrics.json
food101_l40s_8q8l2f_multiseed_28626369,123,food101,106_q_all_r2_h0_lr3em4_wd0p0,106,Quadratic depthwise adapter,quad_dw,all,2,no,0.0003,0.0,9,0.40318121700790455,0.8933993399339935,0.711142787951681,0.805980198019802,/Users/haseebshafi/Documents/GitHub/Quadratic-Neurons-vs.-ReLU-How-Much-Nonlinearity-Is-Enough/Haseeb_trials/4_test/data_4seed/food101_l40s_8q8l2f_multiseed_28626369/seed_123/106_q_all_r2_h0_lr3em4_wd0p0/food101/quad_dw/all_rank_2/metrics.json
food101_l40s_8q8l2f_multiseed_28626369,123,food101,106_q_all_r2_h0_lr3em4_wd0p0,106,Quadratic depthwise adapter,quad_dw,all,2,no,0.0003,0.0,10,0.3751061740472372,0.9027326732673268,0.7187103728466289,0.8043960396039604,/Users/haseebshafi/Documents/GitHub/Quadratic-Neurons-vs.-ReLU-How-Much-Nonlinearity-Is-Enough/Haseeb_trials/4_test/data_4seed/food101_l40s_8q8l2f_multiseed_28626369/seed_123/106_q_all_r2_h0_lr3em4_wd0p0/food101/quad_dw/all_rank_2/metrics.json
food101_l40s_8q8l2f_multiseed_28626369,123,food101,106_q_all_r2_h0_lr3em4_wd0p0,106,Quadratic depthwise adapter,quad_dw,all,2,no,0.0003,0.0,11,0.34759728006325147,0.9101650165016502,0.7291039445455934,0.8027722772277228,/Users/haseebshafi/Documents/GitHub/Quadratic-Neurons-vs.-ReLU-How-Much-Nonlinearity-Is-Enough/Haseeb_trials/4_test/data_4seed/food101_l40s_8q8l2f_multiseed_28626369/seed_123/106_q_all_r2_h0_lr3em4_wd0p0/food101/quad_dw/all_rank_2/metrics.json
food101_l40s_8q8l2f_multiseed_28626369,123,food101,106_q_all_r2_h0_lr3em4_wd0p0,106,Quadratic depthwise adapter,quad_dw,all,2,no,0.0003,0.0,12,0.32150189597457157,0.9184026402640264,0.7292151598903894,0.8043960396039604,/Users/haseebshafi/Documents/GitHub/Quadratic-Neurons-vs.-ReLU-How-Much-Nonlinearity-Is-Enough/Haseeb_trials/4_test/data_4seed/food101_l40s_8q8l2f_multiseed_28626369/seed_123/106_q_all_r2_h0_lr3em4_wd0p0/food101/quad_dw/all_rank_2/metrics.json
food101_l40s_8q8l2f_multiseed_28626369,123,food101,107_q_ls_r2_h1_lr1em4_wd0p0,107,Quadratic depthwise adapter,quad_dw,last_stage,2,yes,0.0001,0.0,1,0.7362807825799822,0.8025874587458746,0.7481975209040401,0.7898613861386139,/Users/haseebshafi/Documents/GitHub/Quadratic-Neurons-vs.-ReLU-How-Much-Nonlinearity-Is-Enough/Haseeb_trials/4_test/data_4seed/food101_l40s_8q8l2f_multiseed_28626369/seed_123/107_q_ls_r2_h1_lr1em4_wd0p0/food101/quad_dw/last_stage_rank_2/metrics.json
food101_l40s_8q8l2f_multiseed_28626369,123,food101,107_q_ls_r2_h1_lr1em4_wd0p0,107,Quadratic depthwise adapter,quad_dw,last_stage,2,yes,0.0001,0.0,2,0.7092625101690638,0.8089636963696369,0.743200236964141,0.7923960396039604,/Users/haseebshafi/Documents/GitHub/Quadratic-Neurons-vs.-ReLU-How-Much-Nonlinearity-Is-Enough/Haseeb_trials/4_test/data_4seed/food101_l40s_8q8l2f_multiseed_28626369/seed_123/107_q_ls_r2_h1_lr1em4_wd0p0/food101/quad_dw/last_stage_rank_2/metrics.json
food101_l40s_8q8l2f_multiseed_28626369,123,food101,107_q_ls_r2_h1_lr1em4_wd0p0,107,Quadratic depthwise adapter,quad_dw,last_stage,2,yes,0.0001,0.0,3,0.6951811230080356,0.8116171617161716,0.7419966027897847,0.7921584158415842,/Users/haseebshafi/Documents/GitHub/Quadratic-Neurons-vs.-ReLU-How-Much-Nonlinearity-Is-Enough/Haseeb_trials/4_test/data_4seed/food101_l40s_8q8l2f_multiseed_28626369/seed_123/107_q_ls_r2_h1_lr1em4_wd0p0/food101/quad_dw/last_stage_rank_2/metrics.json
food101_l40s_8q8l2f_multiseed_28626369,123,food101,107_q_ls_r2_h1_lr1em4_wd0p0,107,Quadratic depthwise adapter,quad_dw,last_stage,2,yes,0.0001,0.0,4,0.6823711190839412,0.8146138613861386,0.7417563462952281,0.7933465346534654,/Users/haseebshafi/Documents/GitHub/Quadratic-Neurons-vs.-ReLU-How-Much-Nonlinearity-Is-Enough/Haseeb_trials/4_test/data_4seed/food101_l40s_8q8l2f_multiseed_28626369/seed_123/107_q_ls_r2_h1_lr1em4_wd0p0/food101/quad_dw/last_stage_rank_2/metrics.json
food101_l40s_8q8l2f_multiseed_28626369,123,food101,107_q_ls_r2_h1_lr1em4_wd0p0,107,Quadratic depthwise adapter,quad_dw,last_stage,2,yes,0.0001,0.0,5,0.6725070953164557,0.8169240924092409,0.7413654051544145,0.7938613861386139,/Users/haseebshafi/Documents/GitHub/Quadratic-Neurons-vs.-ReLU-How-Much-Nonlinearity-Is-Enough/Haseeb_trials/4_test/data_4seed/food101_l40s_8q8l2f_multiseed_28626369/seed_123/107_q_ls_r2_h1_lr1em4_wd0p0/food101/quad_dw/last_stage_rank_2/metrics.json
food101_l40s_8q8l2f_multiseed_28626369,123,food101,107_q_ls_r2_h1_lr1em4_wd0p0,107,Quadratic depthwise adapter,quad_dw,last_stage,2,yes,0.0001,0.0,6,0.6618502509176928,0.8201320132013201,0.7418117661687665,0.7931881188118812,/Users/haseebshafi/Documents/GitHub/Quadratic-Neurons-vs.-ReLU-How-Much-Nonlinearity-Is-Enough/Haseeb_trials/4_test/data_4seed/food101_l40s_8q8l2f_multiseed_28626369/seed_123/107_q_ls_r2_h1_lr1em4_wd0p0/food101/quad_dw/last_stage_rank_2/metrics.json
food101_l40s_8q8l2f_multiseed_28626369,123,food101,107_q_ls_r2_h1_lr1em4_wd0p0,107,Quadratic depthwise adapter,quad_dw,last_stage,2,yes,0.0001,0.0,7,0.6555709305108577,0.8231419141914191,0.7416983896930711,0.7954455445544555,/Users/haseebshafi/Documents/GitHub/Quadratic-Neurons-vs.-ReLU-How-Much-Nonlinearity-Is-Enough/Haseeb_trials/4_test/data_4seed/food101_l40s_8q8l2f_multiseed_28626369/seed_123/107_q_ls_r2_h1_lr1em4_wd0p0/food101/quad_dw/last_stage_rank_2/metrics.json
food101_l40s_8q8l2f_multiseed_28626369,123,food101,107_q_ls_r2_h1_lr1em4_wd0p0,107,Quadratic depthwise adapter,quad_dw,last_stage,2,yes,0.0001,0.0,8,0.6465277979177216,0.8248448844884488,0.7408980892085848,0.7935049504950495,/Users/haseebshafi/Documents/GitHub/Quadratic-Neurons-vs.-ReLU-How-Much-Nonlinearity-Is-Enough/Haseeb_trials/4_test/data_4seed/food101_l40s_8q8l2f_multiseed_28626369/seed_123/107_q_ls_r2_h1_lr1em4_wd0p0/food101/quad_dw/last_stage_rank_2/metrics.json
food101_l40s_8q8l2f_multiseed_28626369,123,food101,107_q_ls_r2_h1_lr1em4_wd0p0,107,Quadratic depthwise adapter,quad_dw,last_stage,2,yes,0.0001,0.0,9,0.6355305559611557,0.8266798679867987,0.7425175095370666,0.7941782178217822,/Users/haseebshafi/Documents/GitHub/Quadratic-Neurons-vs.-ReLU-How-Much-Nonlinearity-Is-Enough/Haseeb_trials/4_test/data_4seed/food101_l40s_8q8l2f_multiseed_28626369/seed_123/107_q_ls_r2_h1_lr1em4_wd0p0/food101/quad_dw/last_stage_rank_2/metrics.json
food101_l40s_8q8l2f_multiseed_28626369,123,food101,107_q_ls_r2_h1_lr1em4_wd0p0,107,Quadratic depthwise adapter,quad_dw,last_stage,2,yes,0.0001,0.0,10,0.6284160359895269,0.8293993399339934,0.7435865786533047,0.7942970297029703,/Users/haseebshafi/Documents/GitHub/Quadratic-Neurons-vs.-ReLU-How-Much-Nonlinearity-Is-Enough/Haseeb_trials/4_test/data_4seed/food101_l40s_8q8l2f_multiseed_28626369/seed_123/107_q_ls_r2_h1_lr1em4_wd0p0/food101/quad_dw/last_stage_rank_2/metrics.json
food101_l40s_8q8l2f_multiseed_28626369,123,food101,107_q_ls_r2_h1_lr1em4_wd0p0,107,Quadratic depthwise adapter,quad_dw,last_stage,2,yes,0.0001,0.0,11,0.6200443022620953,0.8312211221122112,0.7432064713734746,0.7943762376237624,/Users/haseebshafi/Documents/GitHub/Quadratic-Neurons-vs.-ReLU-How-Much-Nonlinearity-Is-Enough/Haseeb_trials/4_test/data_4seed/food101_l40s_8q8l2f_multiseed_28626369/seed_123/107_q_ls_r2_h1_lr1em4_wd0p0/food101/quad_dw/last_stage_rank_2/metrics.json
food101_l40s_8q8l2f_multiseed_28626369,123,food101,107_q_ls_r2_h1_lr1em4_wd0p0,107,Quadratic depthwise adapter,quad_dw,last_stage,2,yes,0.0001,0.0,12,0.6128949111672518,0.8326600660066007,0.745554030438922,0.7939009900990099,/Users/haseebshafi/Documents/GitHub/Quadratic-Neurons-vs.-ReLU-How-Much-Nonlinearity-Is-Enough/Haseeb_trials/4_test/data_4seed/food101_l40s_8q8l2f_multiseed_28626369/seed_123/107_q_ls_r2_h1_lr1em4_wd0p0/food101/quad_dw/last_stage_rank_2/metrics.json
food101_l40s_8q8l2f_multiseed_28626369,123,food101,108_q_all_r2_h1_lr1em4_wd0p0,108,Quadratic depthwise adapter,quad_dw,all,2,yes,0.0001,0.0,1,0.7066747455439552,0.8085808580858086,0.7007536270572703,0.8030495049504951,/Users/haseebshafi/Documents/GitHub/Quadratic-Neurons-vs.-ReLU-How-Much-Nonlinearity-Is-Enough/Haseeb_trials/4_test/data_4seed/food101_l40s_8q8l2f_multiseed_28626369/seed_123/108_q_all_r2_h1_lr1em4_wd0p0/food101/quad_dw/all_rank_2/metrics.json
food101_l40s_8q8l2f_multiseed_28626369,123,food101,108_q_all_r2_h1_lr1em4_wd0p0,108,Quadratic depthwise adapter,quad_dw,all,2,yes,0.0001,0.0,2,0.6614634363375874,0.8201716171617162,0.6908137160802057,0.8060594059405941,/Users/haseebshafi/Documents/GitHub/Quadratic-Neurons-vs.-ReLU-How-Much-Nonlinearity-Is-Enough/Haseeb_trials/4_test/data_4seed/food101_l40s_8q8l2f_multiseed_28626369/seed_123/108_q_all_r2_h1_lr1em4_wd0p0/food101/quad_dw/all_rank_2/metrics.json
food101_l40s_8q8l2f_multiseed_28626369,123,food101,108_q_all_r2_h1_lr1em4_wd0p0,108,Quadratic depthwise adapter,quad_dw,all,2,yes,0.0001,0.0,3,0.6371692801843776,0.8264158415841584,0.682589967827368,0.8085940594059406,/Users/haseebshafi/Documents/GitHub/Quadratic-Neurons-vs.-ReLU-How-Much-Nonlinearity-Is-Enough/Haseeb_trials/4_test/data_4seed/food101_l40s_8q8l2f_multiseed_28626369/seed_123/108_q_all_r2_h1_lr1em4_wd0p0/food101/quad_dw/all_rank_2/metrics.json
food101_l40s_8q8l2f_multiseed_28626369,123,food101,108_q_all_r2_h1_lr1em4_wd0p0,108,Quadratic depthwise adapter,quad_dw,all,2,yes,0.0001,0.0,4,0.6157621944603747,0.8321848184818482,0.6784868175668624,0.8090693069306931,/Users/haseebshafi/Documents/GitHub/Quadratic-Neurons-vs.-ReLU-How-Much-Nonlinearity-Is-Enough/Haseeb_trials/4_test/data_4seed/food101_l40s_8q8l2f_multiseed_28626369/seed_123/108_q_all_r2_h1_lr1em4_wd0p0/food101/quad_dw/all_rank_2/metrics.json
food101_l40s_8q8l2f_multiseed_28626369,123,food101,108_q_all_r2_h1_lr1em4_wd0p0,108,Quadratic depthwise adapter,quad_dw,all,2,yes,0.0001,0.0,5,0.5917377870531365,0.83803300330033,0.6726270543958088,0.8114851485148515,/Users/haseebshafi/Documents/GitHub/Quadratic-Neurons-vs.-ReLU-How-Much-Nonlinearity-Is-Enough/Haseeb_trials/4_test/data_4seed/food101_l40s_8q8l2f_multiseed_28626369/seed_123/108_q_all_r2_h1_lr1em4_wd0p0/food101/quad_dw/all_rank_2/metrics.json
food101_l40s_8q8l2f_multiseed_28626369,123,food101,108_q_all_r2_h1_lr1em4_wd0p0,108,Quadratic depthwise adapter,quad_dw,all,2,yes,0.0001,0.0,6,0.5700761220982365,0.844013201320132,0.6723161084394681,0.8118019801980199,/Users/haseebshafi/Documents/GitHub/Quadratic-Neurons-vs.-ReLU-How-Much-Nonlinearity-Is-Enough/Haseeb_trials/4_test/data_4seed/food101_l40s_8q8l2f_multiseed_28626369/seed_123/108_q_all_r2_h1_lr1em4_wd0p0/food101/quad_dw/all_rank_2/metrics.json
food101_l40s_8q8l2f_multiseed_28626369,123,food101,108_q_all_r2_h1_lr1em4_wd0p0,108,Quadratic depthwise adapter,quad_dw,all,2,yes,0.0001,0.0,7,0.5532189879035793,0.8500858085808581,0.671490402921859,0.8121584158415842,/Users/haseebshafi/Documents/GitHub/Quadratic-Neurons-vs.-ReLU-How-Much-Nonlinearity-Is-Enough/Haseeb_trials/4_test/data_4seed/food101_l40s_8q8l2f_multiseed_28626369/seed_123/108_q_all_r2_h1_lr1em4_wd0p0/food101/quad_dw/all_rank_2/metrics.json
food101_l40s_8q8l2f_multiseed_28626369,123,food101,108_q_all_r2_h1_lr1em4_wd0p0,108,Quadratic depthwise adapter,quad_dw,all,2,yes,0.0001,0.0,8,0.5321354500456612,0.8548514851485148,0.668483403723461,0.8127128712871287,/Users/haseebshafi/Documents/GitHub/Quadratic-Neurons-vs.-ReLU-How-Much-Nonlinearity-Is-Enough/Haseeb_trials/4_test/data_4seed/food101_l40s_8q8l2f_multiseed_28626369/seed_123/108_q_all_r2_h1_lr1em4_wd0p0/food101/quad_dw/all_rank_2/metrics.json
food101_l40s_8q8l2f_multiseed_28626369,123,food101,108_q_all_r2_h1_lr1em4_wd0p0,108,Quadratic depthwise adapter,quad_dw,all,2,yes,0.0001,0.0,9,0.512396218702738,0.8611881188118812,0.6694770840240716,0.8137821782178217,/Users/haseebshafi/Documents/GitHub/Quadratic-Neurons-vs.-ReLU-How-Much-Nonlinearity-Is-Enough/Haseeb_trials/4_test/data_4seed/food101_l40s_8q8l2f_multiseed_28626369/seed_123/108_q_all_r2_h1_lr1em4_wd0p0/food101/quad_dw/all_rank_2/metrics.json
food101_l40s_8q8l2f_multiseed_28626369,123,food101,108_q_all_r2_h1_lr1em4_wd0p0,108,Quadratic depthwise adapter,quad_dw,all,2,yes,0.0001,0.0,10,0.4926688467504168,0.8671683168316832,0.6709285322058725,0.8131485148514851,/Users/haseebshafi/Documents/GitHub/Quadratic-Neurons-vs.-ReLU-How-Much-Nonlinearity-Is-Enough/Haseeb_trials/4_test/data_4seed/food101_l40s_8q8l2f_multiseed_28626369/seed_123/108_q_all_r2_h1_lr1em4_wd0p0/food101/quad_dw/all_rank_2/metrics.json
food101_l40s_8q8l2f_multiseed_28626369,123,food101,108_q_all_r2_h1_lr1em4_wd0p0,108,Quadratic depthwise adapter,quad_dw,all,2,yes,0.0001,0.0,11,0.4750780636674107,0.8712475247524752,0.6709481263787597,0.8142970297029702,/Users/haseebshafi/Documents/GitHub/Quadratic-Neurons-vs.-ReLU-How-Much-Nonlinearity-Is-Enough/Haseeb_trials/4_test/data_4seed/food101_l40s_8q8l2f_multiseed_28626369/seed_123/108_q_all_r2_h1_lr1em4_wd0p0/food101/quad_dw/all_rank_2/metrics.json
food101_l40s_8q8l2f_multiseed_28626369,123,food101,108_q_all_r2_h1_lr1em4_wd0p0,108,Quadratic depthwise adapter,quad_dw,all,2,yes,0.0001,0.0,12,0.45673121478573325,0.8765148514851485,0.6702432699485239,0.8149306930693069,/Users/haseebshafi/Documents/GitHub/Quadratic-Neurons-vs.-ReLU-How-Much-Nonlinearity-Is-Enough/Haseeb_trials/4_test/data_4seed/food101_l40s_8q8l2f_multiseed_28626369/seed_123/108_q_all_r2_h1_lr1em4_wd0p0/food101/quad_dw/all_rank_2/metrics.json
food101_l40s_8q8l2f_multiseed_28626369,123,food101,201_l_ls_r1_h0_lr1em3_wd0p0,201,LoRA depthwise adapter,lora_dw,last_stage,1,no,0.001,0.0,1,0.7279532182460571,0.8016633663366337,0.746526299175419,0.7916435643564357,/Users/haseebshafi/Documents/GitHub/Quadratic-Neurons-vs.-ReLU-How-Much-Nonlinearity-Is-Enough/Haseeb_trials/4_test/data_4seed/food101_l40s_8q8l2f_multiseed_28626369/seed_123/201_l_ls_r1_h0_lr1em3_wd0p0/food101/lora_dw/last_stage_rank_1/metrics.json
food101_l40s_8q8l2f_multiseed_28626369,123,food101,201_l_ls_r1_h0_lr1em3_wd0p0,201,LoRA depthwise adapter,lora_dw,last_stage,1,no,0.001,0.0,2,0.6968590243240395,0.80990099009901,0.7385981025055817,0.7940990099009901,/Users/haseebshafi/Documents/GitHub/Quadratic-Neurons-vs.-ReLU-How-Much-Nonlinearity-Is-Enough/Haseeb_trials/4_test/data_4seed/food101_l40s_8q8l2f_multiseed_28626369/seed_123/201_l_ls_r1_h0_lr1em3_wd0p0/food101/lora_dw/last_stage_rank_1/metrics.json
food101_l40s_8q8l2f_multiseed_28626369,123,food101,201_l_ls_r1_h0_lr1em3_wd0p0,201,LoRA depthwise adapter,lora_dw,last_stage,1,no,0.001,0.0,3,0.6695959435925626,0.8161980198019801,0.7376181617319943,0.795009900990099,/Users/haseebshafi/Documents/GitHub/Quadratic-Neurons-vs.-ReLU-How-Much-Nonlinearity-Is-Enough/Haseeb_trials/4_test/data_4seed/food101_l40s_8q8l2f_multiseed_28626369/seed_123/201_l_ls_r1_h0_lr1em3_wd0p0/food101/lora_dw/last_stage_rank_1/metrics.json
food101_l40s_8q8l2f_multiseed_28626369,123,food101,201_l_ls_r1_h0_lr1em3_wd0p0,201,LoRA depthwise adapter,lora_dw,last_stage,1,no,0.001,0.0,4,0.6474842347217472,0.8227326732673267,0.7373902366642269,0.7950891089108911,/Users/haseebshafi/Documents/GitHub/Quadratic-Neurons-vs.-ReLU-How-Much-Nonlinearity-Is-Enough/Haseeb_trials/4_test/data_4seed/food101_l40s_8q8l2f_multiseed_28626369/seed_123/201_l_ls_r1_h0_lr1em3_wd0p0/food101/lora_dw/last_stage_rank_1/metrics.json
food101_l40s_8q8l2f_multiseed_28626369,123,food101,201_l_ls_r1_h0_lr1em3_wd0p0,201,LoRA depthwise adapter,lora_dw,last_stage,1,no,0.001,0.0,5,0.6292803653396002,0.8286072607260726,0.737117867687369,0.7941782178217822,/Users/haseebshafi/Documents/GitHub/Quadratic-Neurons-vs.-ReLU-How-Much-Nonlinearity-Is-Enough/Haseeb_trials/4_test/data_4seed/food101_l40s_8q8l2f_multiseed_28626369/seed_123/201_l_ls_r1_h0_lr1em3_wd0p0/food101/lora_dw/last_stage_rank_1/metrics.json
food101_l40s_8q8l2f_multiseed_28626369,123,food101,201_l_ls_r1_h0_lr1em3_wd0p0,201,LoRA depthwise adapter,lora_dw,last_stage,1,no,0.001,0.0,6,0.6122950727223563,0.8327656765676568,0.7434089853637206,0.7952475247524753,/Users/haseebshafi/Documents/GitHub/Quadratic-Neurons-vs.-ReLU-How-Much-Nonlinearity-Is-Enough/Haseeb_trials/4_test/data_4seed/food101_l40s_8q8l2f_multiseed_28626369/seed_123/201_l_ls_r1_h0_lr1em3_wd0p0/food101/lora_dw/last_stage_rank_1/metrics.json
food101_l40s_8q8l2f_multiseed_28626369,123,food101,201_l_ls_r1_h0_lr1em3_wd0p0,201,LoRA depthwise adapter,lora_dw,last_stage,1,no,0.001,0.0,7,0.5959359438387868,0.8373597359735974,0.7475364215638244,0.7952475247524753,/Users/haseebshafi/Documents/GitHub/Quadratic-Neurons-vs.-ReLU-How-Much-Nonlinearity-Is-Enough/Haseeb_trials/4_test/data_4seed/food101_l40s_8q8l2f_multiseed_28626369/seed_123/201_l_ls_r1_h0_lr1em3_wd0p0/food101/lora_dw/last_stage_rank_1/metrics.json
food101_l40s_8q8l2f_multiseed_28626369,123,food101,201_l_ls_r1_h0_lr1em3_wd0p0,201,LoRA depthwise adapter,lora_dw,last_stage,1,no,0.001,0.0,8,0.5823581561436354,0.8406468646864687,0.7473554778264438,0.7948910891089109,/Users/haseebshafi/Documents/GitHub/Quadratic-Neurons-vs.-ReLU-How-Much-Nonlinearity-Is-Enough/Haseeb_trials/4_test/data_4seed/food101_l40s_8q8l2f_multiseed_28626369/seed_123/201_l_ls_r1_h0_lr1em3_wd0p0/food101/lora_dw/last_stage_rank_1/metrics.json
food101_l40s_8q8l2f_multiseed_28626369,123,food101,201_l_ls_r1_h0_lr1em3_wd0p0,201,LoRA depthwise adapter,lora_dw,last_stage,1,no,0.001,0.0,9,0.5709322920396384,0.8435247524752475,0.7538550560285319,0.7940198019801981,/Users/haseebshafi/Documents/GitHub/Quadratic-Neurons-vs.-ReLU-How-Much-Nonlinearity-Is-Enough/Haseeb_trials/4_test/data_4seed/food101_l40s_8q8l2f_multiseed_28626369/seed_123/201_l_ls_r1_h0_lr1em3_wd0p0/food101/lora_dw/last_stage_rank_1/metrics.json
food101_l40s_8q8l2f_multiseed_28626369,123,food101,201_l_ls_r1_h0_lr1em3_wd0p0,201,LoRA depthwise adapter,lora_dw,last_stage,1,no,0.001,0.0,10,0.559660761994694,0.8478811881188119,0.7569614883596723,0.7921584158415842,/Users/haseebshafi/Documents/GitHub/Quadratic-Neurons-vs.-ReLU-How-Much-Nonlinearity-Is-Enough/Haseeb_trials/4_test/data_4seed/food101_l40s_8q8l2f_multiseed_28626369/seed_123/201_l_ls_r1_h0_lr1em3_wd0p0/food101/lora_dw/last_stage_rank_1/metrics.json
food101_l40s_8q8l2f_multiseed_28626369,123,food101,201_l_ls_r1_h0_lr1em3_wd0p0,201,LoRA depthwise adapter,lora_dw,last_stage,1,no,0.001,0.0,11,0.5491779654269958,0.8495181518151815,0.7605060614536396,0.7910495049504951,/Users/haseebshafi/Documents/GitHub/Quadratic-Neurons-vs.-ReLU-How-Much-Nonlinearity-Is-Enough/Haseeb_trials/4_test/data_4seed/food101_l40s_8q8l2f_multiseed_28626369/seed_123/201_l_ls_r1_h0_lr1em3_wd0p0/food101/lora_dw/last_stage_rank_1/metrics.json
food101_l40s_8q8l2f_multiseed_28626369,123,food101,201_l_ls_r1_h0_lr1em3_wd0p0,201,LoRA depthwise adapter,lora_dw,last_stage,1,no,0.001,0.0,12,0.5391751831266353,0.8530561056105611,0.7634689001110521,0.7918019801980198,/Users/haseebshafi/Documents/GitHub/Quadratic-Neurons-vs.-ReLU-How-Much-Nonlinearity-Is-Enough/Haseeb_trials/4_test/data_4seed/food101_l40s_8q8l2f_multiseed_28626369/seed_123/201_l_ls_r1_h0_lr1em3_wd0p0/food101/lora_dw/last_stage_rank_1/metrics.json
food101_l40s_8q8l2f_multiseed_28626369,123,food101,202_l_ls_r2_h0_lr1em3_wd0p0,202,LoRA depthwise adapter,lora_dw,last_stage,2,no,0.001,0.0,1,0.7305129621351513,0.8012013201320132,0.7437012323015738,0.7921980198019802,/Users/haseebshafi/Documents/GitHub/Quadratic-Neurons-vs.-ReLU-How-Much-Nonlinearity-Is-Enough/Haseeb_trials/4_test/data_4seed/food101_l40s_8q8l2f_multiseed_28626369/seed_123/202_l_ls_r2_h0_lr1em3_wd0p0/food101/lora_dw/last_stage_rank_2/metrics.json
food101_l40s_8q8l2f_multiseed_28626369,123,food101,202_l_ls_r2_h0_lr1em3_wd0p0,202,LoRA depthwise adapter,lora_dw,last_stage,2,no,0.001,0.0,2,0.6942976087375049,0.8107590759075908,0.7366351144783485,0.7952871287128713,/Users/haseebshafi/Documents/GitHub/Quadratic-Neurons-vs.-ReLU-How-Much-Nonlinearity-Is-Enough/Haseeb_trials/4_test/data_4seed/food101_l40s_8q8l2f_multiseed_28626369/seed_123/202_l_ls_r2_h0_lr1em3_wd0p0/food101/lora_dw/last_stage_rank_2/metrics.json
food101_l40s_8q8l2f_multiseed_28626369,123,food101,202_l_ls_r2_h0_lr1em3_wd0p0,202,LoRA depthwise adapter,lora_dw,last_stage,2,no,0.001,0.0,3,0.6632556203757182,0.8181782178217821,0.735964070663633,0.7957623762376238,/Users/haseebshafi/Documents/GitHub/Quadratic-Neurons-vs.-ReLU-How-Much-Nonlinearity-Is-Enough/Haseeb_trials/4_test/data_4seed/food101_l40s_8q8l2f_multiseed_28626369/seed_123/202_l_ls_r2_h0_lr1em3_wd0p0/food101/lora_dw/last_stage_rank_2/metrics.json
food101_l40s_8q8l2f_multiseed_28626369,123,food101,202_l_ls_r2_h0_lr1em3_wd0p0,202,LoRA depthwise adapter,lora_dw,last_stage,2,no,0.001,0.0,4,0.6389095727405926,0.825042904290429,0.7401951669746466,0.7961980198019802,/Users/haseebshafi/Documents/GitHub/Quadratic-Neurons-vs.-ReLU-How-Much-Nonlinearity-Is-Enough/Haseeb_trials/4_test/data_4seed/food101_l40s_8q8l2f_multiseed_28626369/seed_123/202_l_ls_r2_h0_lr1em3_wd0p0/food101/lora_dw/last_stage_rank_2/metrics.json
food101_l40s_8q8l2f_multiseed_28626369,123,food101,202_l_ls_r2_h0_lr1em3_wd0p0,202,LoRA depthwise adapter,lora_dw,last_stage,2,no,0.001,0.0,5,0.618286570751431,0.8307194719471948,0.7439680940867056,0.7954851485148515,/Users/haseebshafi/Documents/GitHub/Quadratic-Neurons-vs.-ReLU-How-Much-Nonlinearity-Is-Enough/Haseeb_trials/4_test/data_4seed/food101_l40s_8q8l2f_multiseed_28626369/seed_123/202_l_ls_r2_h0_lr1em3_wd0p0/food101/lora_dw/last_stage_rank_2/metrics.json
food101_l40s_8q8l2f_multiseed_28626369,123,food101,202_l_ls_r2_h0_lr1em3_wd0p0,202,LoRA depthwise adapter,lora_dw,last_stage,2,no,0.001,0.0,6,0.6015695069894539,0.8367392739273928,0.7452140843018539,0.7946138613861387,/Users/haseebshafi/Documents/GitHub/Quadratic-Neurons-vs.-ReLU-How-Much-Nonlinearity-Is-Enough/Haseeb_trials/4_test/data_4seed/food101_l40s_8q8l2f_multiseed_28626369/seed_123/202_l_ls_r2_h0_lr1em3_wd0p0/food101/lora_dw/last_stage_rank_2/metrics.json
food101_l40s_8q8l2f_multiseed_28626369,123,food101,202_l_ls_r2_h0_lr1em3_wd0p0,202,LoRA depthwise adapter,lora_dw,last_stage,2,no,0.001,0.0,7,0.5882563032336754,0.8392211221122112,0.7509050635471248,0.7932277227722773,/Users/haseebshafi/Documents/GitHub/Quadratic-Neurons-vs.-ReLU-How-Much-Nonlinearity-Is-Enough/Haseeb_trials/4_test/data_4seed/food101_l40s_8q8l2f_multiseed_28626369/seed_123/202_l_ls_r2_h0_lr1em3_wd0p0/food101/lora_dw/last_stage_rank_2/metrics.json
food101_l40s_8q8l2f_multiseed_28626369,123,food101,202_l_ls_r2_h0_lr1em3_wd0p0,202,LoRA depthwise adapter,lora_dw,last_stage,2,no,0.001,0.0,8,0.576446486596473,0.8432739273927393,0.752368483997425,0.7927920792079208,/Users/haseebshafi/Documents/GitHub/Quadratic-Neurons-vs.-ReLU-How-Much-Nonlinearity-Is-Enough/Haseeb_trials/4_test/data_4seed/food101_l40s_8q8l2f_multiseed_28626369/seed_123/202_l_ls_r2_h0_lr1em3_wd0p0/food101/lora_dw/last_stage_rank_2/metrics.json
food101_l40s_8q8l2f_multiseed_28626369,123,food101,202_l_ls_r2_h0_lr1em3_wd0p0,202,LoRA depthwise adapter,lora_dw,last_stage,2,no,0.001,0.0,9,0.5610608882652257,0.8464422442244225,0.7571378920480683,0.7914851485148515,/Users/haseebshafi/Documents/GitHub/Quadratic-Neurons-vs.-ReLU-How-Much-Nonlinearity-Is-Enough/Haseeb_trials/4_test/data_4seed/food101_l40s_8q8l2f_multiseed_28626369/seed_123/202_l_ls_r2_h0_lr1em3_wd0p0/food101/lora_dw/last_stage_rank_2/metrics.json
food101_l40s_8q8l2f_multiseed_28626369,123,food101,202_l_ls_r2_h0_lr1em3_wd0p0,202,LoRA depthwise adapter,lora_dw,last_stage,2,no,0.001,0.0,10,0.5526017354565486,0.8493597359735974,0.7621500729595951,0.7912871287128713,/Users/haseebshafi/Documents/GitHub/Quadratic-Neurons-vs.-ReLU-How-Much-Nonlinearity-Is-Enough/Haseeb_trials/4_test/data_4seed/food101_l40s_8q8l2f_multiseed_28626369/seed_123/202_l_ls_r2_h0_lr1em3_wd0p0/food101/lora_dw/last_stage_rank_2/metrics.json
food101_l40s_8q8l2f_multiseed_28626369,123,food101,202_l_ls_r2_h0_lr1em3_wd0p0,202,LoRA depthwise adapter,lora_dw,last_stage,2,no,0.001,0.0,11,0.5458832824875419,0.8514719471947195,0.7605703587888897,0.7903762376237624,/Users/haseebshafi/Documents/GitHub/Quadratic-Neurons-vs.-ReLU-How-Much-Nonlinearity-Is-Enough/Haseeb_trials/4_test/data_4seed/food101_l40s_8q8l2f_multiseed_28626369/seed_123/202_l_ls_r2_h0_lr1em3_wd0p0/food101/lora_dw/last_stage_rank_2/metrics.json
food101_l40s_8q8l2f_multiseed_28626369,123,food101,202_l_ls_r2_h0_lr1em3_wd0p0,202,LoRA depthwise adapter,lora_dw,last_stage,2,no,0.001,0.0,12,0.5371294922675237,0.8530825082508251,0.7670519874324598,0.7894257425742575,/Users/haseebshafi/Documents/GitHub/Quadratic-Neurons-vs.-ReLU-How-Much-Nonlinearity-Is-Enough/Haseeb_trials/4_test/data_4seed/food101_l40s_8q8l2f_multiseed_28626369/seed_123/202_l_ls_r2_h0_lr1em3_wd0p0/food101/lora_dw/last_stage_rank_2/metrics.json
food101_l40s_8q8l2f_multiseed_28626369,123,food101,203_l_ls_r4_h0_lr1em3_wd0p0,203,LoRA depthwise adapter,lora_dw,last_stage,4,no,0.001,0.0,1,0.7290898155048735,0.8005016501650165,0.7410377709089022,0.795009900990099,/Users/haseebshafi/Documents/GitHub/Quadratic-Neurons-vs.-ReLU-How-Much-Nonlinearity-Is-Enough/Haseeb_trials/4_test/data_4seed/food101_l40s_8q8l2f_multiseed_28626369/seed_123/203_l_ls_r4_h0_lr1em3_wd0p0/food101/lora_dw/last_stage_rank_4/metrics.json
food101_l40s_8q8l2f_multiseed_28626369,123,food101,203_l_ls_r4_h0_lr1em3_wd0p0,203,LoRA depthwise adapter,lora_dw,last_stage,4,no,0.001,0.0,2,0.687206957090019,0.8112211221122112,0.7393936106361043,0.7944950495049505,/Users/haseebshafi/Documents/GitHub/Quadratic-Neurons-vs.-ReLU-How-Much-Nonlinearity-Is-Enough/Haseeb_trials/4_test/data_4seed/food101_l40s_8q8l2f_multiseed_28626369/seed_123/203_l_ls_r4_h0_lr1em3_wd0p0/food101/lora_dw/last_stage_rank_4/metrics.json
food101_l40s_8q8l2f_multiseed_28626369,123,food101,203_l_ls_r4_h0_lr1em3_wd0p0,203,LoRA depthwise adapter,lora_dw,last_stage,4,no,0.001,0.0,3,0.6602453249869961,0.8186930693069306,0.742486463265595,0.7951683168316832,/Users/haseebshafi/Documents/GitHub/Quadratic-Neurons-vs.-ReLU-How-Much-Nonlinearity-Is-Enough/Haseeb_trials/4_test/data_4seed/food101_l40s_8q8l2f_multiseed_28626369/seed_123/203_l_ls_r4_h0_lr1em3_wd0p0/food101/lora_dw/last_stage_rank_4/metrics.json
food101_l40s_8q8l2f_multiseed_28626369,123,food101,203_l_ls_r4_h0_lr1em3_wd0p0,203,LoRA depthwise adapter,lora_dw,last_stage,4,no,0.001,0.0,4,0.6338945174768026,0.8262706270627063,0.7452611963736253,0.7952475247524753,/Users/haseebshafi/Documents/GitHub/Quadratic-Neurons-vs.-ReLU-How-Much-Nonlinearity-Is-Enough/Haseeb_trials/4_test/data_4seed/food101_l40s_8q8l2f_multiseed_28626369/seed_123/203_l_ls_r4_h0_lr1em3_wd0p0/food101/lora_dw/last_stage_rank_4/metrics.json
food101_l40s_8q8l2f_multiseed_28626369,123,food101,203_l_ls_r4_h0_lr1em3_wd0p0,203,LoRA depthwise adapter,lora_dw,last_stage,4,no,0.001,0.0,5,0.6158456347342764,0.8312607260726073,0.748840677377097,0.7923564356435644,/Users/haseebshafi/Documents/GitHub/Quadratic-Neurons-vs.-ReLU-How-Much-Nonlinearity-Is-Enough/Haseeb_trials/4_test/data_4seed/food101_l40s_8q8l2f_multiseed_28626369/seed_123/203_l_ls_r4_h0_lr1em3_wd0p0/food101/lora_dw/last_stage_rank_4/metrics.json
food101_l40s_8q8l2f_multiseed_28626369,123,food101,203_l_ls_r4_h0_lr1em3_wd0p0,203,LoRA depthwise adapter,lora_dw,last_stage,4,no,0.001,0.0,6,0.5997444442034062,0.8348514851485148,0.7536012968509366,0.7933861386138614,/Users/haseebshafi/Documents/GitHub/Quadratic-Neurons-vs.-ReLU-How-Much-Nonlinearity-Is-Enough/Haseeb_trials/4_test/data_4seed/food101_l40s_8q8l2f_multiseed_28626369/seed_123/203_l_ls_r4_h0_lr1em3_wd0p0/food101/lora_dw/last_stage_rank_4/metrics.json
food101_l40s_8q8l2f_multiseed_28626369,123,food101,203_l_ls_r4_h0_lr1em3_wd0p0,203,LoRA depthwise adapter,lora_dw,last_stage,4,no,0.001,0.0,7,0.5858844518362493,0.8397227722772277,0.752910255388034,0.7915247524752476,/Users/haseebshafi/Documents/GitHub/Quadratic-Neurons-vs.-ReLU-How-Much-Nonlinearity-Is-Enough/Haseeb_trials/4_test/data_4seed/food101_l40s_8q8l2f_multiseed_28626369/seed_123/203_l_ls_r4_h0_lr1em3_wd0p0/food101/lora_dw/last_stage_rank_4/metrics.json
food101_l40s_8q8l2f_multiseed_28626369,123,food101,203_l_ls_r4_h0_lr1em3_wd0p0,203,LoRA depthwise adapter,lora_dw,last_stage,4,no,0.001,0.0,8,0.5704892219399461,0.8441188118811881,0.7635753590271642,0.7897425742574258,/Users/haseebshafi/Documents/GitHub/Quadratic-Neurons-vs.-ReLU-How-Much-Nonlinearity-Is-Enough/Haseeb_trials/4_test/data_4seed/food101_l40s_8q8l2f_multiseed_28626369/seed_123/203_l_ls_r4_h0_lr1em3_wd0p0/food101/lora_dw/last_stage_rank_4/metrics.json
food101_l40s_8q8l2f_multiseed_28626369,123,food101,203_l_ls_r4_h0_lr1em3_wd0p0,203,LoRA depthwise adapter,lora_dw,last_stage,4,no,0.001,0.0,9,0.5616109375021245,0.8459405940594059,0.7622132005624054,0.7896237623762377,/Users/haseebshafi/Documents/GitHub/Quadratic-Neurons-vs.-ReLU-How-Much-Nonlinearity-Is-Enough/Haseeb_trials/4_test/data_4seed/food101_l40s_8q8l2f_multiseed_28626369/seed_123/203_l_ls_r4_h0_lr1em3_wd0p0/food101/lora_dw/last_stage_rank_4/metrics.json
food101_l40s_8q8l2f_multiseed_28626369,123,food101,203_l_ls_r4_h0_lr1em3_wd0p0,203,LoRA depthwise adapter,lora_dw,last_stage,4,no,0.001,0.0,10,0.5519786733707579,0.85003300330033,0.7636691481738079,0.7892277227722773,/Users/haseebshafi/Documents/GitHub/Quadratic-Neurons-vs.-ReLU-How-Much-Nonlinearity-Is-Enough/Haseeb_trials/4_test/data_4seed/food101_l40s_8q8l2f_multiseed_28626369/seed_123/203_l_ls_r4_h0_lr1em3_wd0p0/food101/lora_dw/last_stage_rank_4/metrics.json
food101_l40s_8q8l2f_multiseed_28626369,123,food101,203_l_ls_r4_h0_lr1em3_wd0p0,203,LoRA depthwise adapter,lora_dw,last_stage,4,no,0.001,0.0,11,0.5435314898475169,0.8499141914191419,0.7674850864894872,0.7883168316831684,/Users/haseebshafi/Documents/GitHub/Quadratic-Neurons-vs.-ReLU-How-Much-Nonlinearity-Is-Enough/Haseeb_trials/4_test/data_4seed/food101_l40s_8q8l2f_multiseed_28626369/seed_123/203_l_ls_r4_h0_lr1em3_wd0p0/food101/lora_dw/last_stage_rank_4/metrics.json
food101_l40s_8q8l2f_multiseed_28626369,123,food101,203_l_ls_r4_h0_lr1em3_wd0p0,203,LoRA depthwise adapter,lora_dw,last_stage,4,no,0.001,0.0,12,0.5304895330577006,0.855009900990099,0.7680108700167702,0.7893465346534654,/Users/haseebshafi/Documents/GitHub/Quadratic-Neurons-vs.-ReLU-How-Much-Nonlinearity-Is-Enough/Haseeb_trials/4_test/data_4seed/food101_l40s_8q8l2f_multiseed_28626369/seed_123/203_l_ls_r4_h0_lr1em3_wd0p0/food101/lora_dw/last_stage_rank_4/metrics.json
food101_l40s_8q8l2f_multiseed_28626369,123,food101,204_l_ls_r2_h0_lr3em4_wd0p01,204,LoRA depthwise adapter,lora_dw,last_stage,2,no,0.0003,0.01,1,0.7410185796828946,0.7991815181518152,0.7568104512355576,0.7887128712871287,/Users/haseebshafi/Documents/GitHub/Quadratic-Neurons-vs.-ReLU-How-Much-Nonlinearity-Is-Enough/Haseeb_trials/4_test/data_4seed/food101_l40s_8q8l2f_multiseed_28626369/seed_123/204_l_ls_r2_h0_lr3em4_wd0p01/food101/lora_dw/last_stage_rank_2/metrics.json
food101_l40s_8q8l2f_multiseed_28626369,123,food101,204_l_ls_r2_h0_lr3em4_wd0p01,204,LoRA depthwise adapter,lora_dw,last_stage,2,no,0.0003,0.01,2,0.7141754612781034,0.8061782178217822,0.7481739281573988,0.7918019801980198,/Users/haseebshafi/Documents/GitHub/Quadratic-Neurons-vs.-ReLU-How-Much-Nonlinearity-Is-Enough/Haseeb_trials/4_test/data_4seed/food101_l40s_8q8l2f_multiseed_28626369/seed_123/204_l_ls_r2_h0_lr3em4_wd0p01/food101/lora_dw/last_stage_rank_2/metrics.json
food101_l40s_8q8l2f_multiseed_28626369,123,food101,204_l_ls_r2_h0_lr3em4_wd0p01,204,LoRA depthwise adapter,lora_dw,last_stage,2,no,0.0003,0.01,3,0.6947707992969173,0.8093861386138614,0.7420713409040317,0.7934653465346535,/Users/haseebshafi/Documents/GitHub/Quadratic-Neurons-vs.-ReLU-How-Much-Nonlinearity-Is-Enough/Haseeb_trials/4_test/data_4seed/food101_l40s_8q8l2f_multiseed_28626369/seed_123/204_l_ls_r2_h0_lr3em4_wd0p01/food101/lora_dw/last_stage_rank_2/metrics.json
food101_l40s_8q8l2f_multiseed_28626369,123,food101,204_l_ls_r2_h0_lr3em4_wd0p01,204,LoRA depthwise adapter,lora_dw,last_stage,2,no,0.0003,0.01,4,0.6794581695917022,0.8147986798679868,0.7400437173408013,0.7951683168316832,/Users/haseebshafi/Documents/GitHub/Quadratic-Neurons-vs.-ReLU-How-Much-Nonlinearity-Is-Enough/Haseeb_trials/4_test/data_4seed/food101_l40s_8q8l2f_multiseed_28626369/seed_123/204_l_ls_r2_h0_lr3em4_wd0p01/food101/lora_dw/last_stage_rank_2/metrics.json
food101_l40s_8q8l2f_multiseed_28626369,123,food101,204_l_ls_r2_h0_lr3em4_wd0p01,204,LoRA depthwise adapter,lora_dw,last_stage,2,no,0.0003,0.01,5,0.6649652256025339,0.8187326732673267,0.7387288224543168,0.7958415841584159,/Users/haseebshafi/Documents/GitHub/Quadratic-Neurons-vs.-ReLU-How-Much-Nonlinearity-Is-Enough/Haseeb_trials/4_test/data_4seed/food101_l40s_8q8l2f_multiseed_28626369/seed_123/204_l_ls_r2_h0_lr3em4_wd0p01/food101/lora_dw/last_stage_rank_2/metrics.json
food101_l40s_8q8l2f_multiseed_28626369,123,food101,204_l_ls_r2_h0_lr3em4_wd0p01,204,LoRA depthwise adapter,lora_dw,last_stage,2,no,0.0003,0.01,6,0.6520224226882355,0.8225478547854785,0.7386699709508909,0.795920792079208,/Users/haseebshafi/Documents/GitHub/Quadratic-Neurons-vs.-ReLU-How-Much-Nonlinearity-Is-Enough/Haseeb_trials/4_test/data_4seed/food101_l40s_8q8l2f_multiseed_28626369/seed_123/204_l_ls_r2_h0_lr3em4_wd0p01/food101/lora_dw/last_stage_rank_2/metrics.json
food101_l40s_8q8l2f_multiseed_28626369,123,food101,204_l_ls_r2_h0_lr3em4_wd0p01,204,LoRA depthwise adapter,lora_dw,last_stage,2,no,0.0003,0.01,7,0.640250286846271,0.8253069306930693,0.7386546613026577,0.7947722772277228,/Users/haseebshafi/Documents/GitHub/Quadratic-Neurons-vs.-ReLU-How-Much-Nonlinearity-Is-Enough/Haseeb_trials/4_test/data_4seed/food101_l40s_8q8l2f_multiseed_28626369/seed_123/204_l_ls_r2_h0_lr3em4_wd0p01/food101/lora_dw/last_stage_rank_2/metrics.json
food101_l40s_8q8l2f_multiseed_28626369,123,food101,204_l_ls_r2_h0_lr3em4_wd0p01,204,LoRA depthwise adapter,lora_dw,last_stage,2,no,0.0003,0.01,8,0.6300183427015645,0.8284488448844884,0.7410298978047962,0.7950495049504951,/Users/haseebshafi/Documents/GitHub/Quadratic-Neurons-vs.-ReLU-How-Much-Nonlinearity-Is-Enough/Haseeb_trials/4_test/data_4seed/food101_l40s_8q8l2f_multiseed_28626369/seed_123/204_l_ls_r2_h0_lr3em4_wd0p01/food101/lora_dw/last_stage_rank_2/metrics.json
food101_l40s_8q8l2f_multiseed_28626369,123,food101,204_l_ls_r2_h0_lr3em4_wd0p01,204,LoRA depthwise adapter,lora_dw,last_stage,2,no,0.0003,0.01,9,0.6151930967258542,0.8314983498349835,0.7423682976534618,0.794930693069307,/Users/haseebshafi/Documents/GitHub/Quadratic-Neurons-vs.-ReLU-How-Much-Nonlinearity-Is-Enough/Haseeb_trials/4_test/data_4seed/food101_l40s_8q8l2f_multiseed_28626369/seed_123/204_l_ls_r2_h0_lr3em4_wd0p01/food101/lora_dw/last_stage_rank_2/metrics.json
food101_l40s_8q8l2f_multiseed_28626369,123,food101,204_l_ls_r2_h0_lr3em4_wd0p01,204,LoRA depthwise adapter,lora_dw,last_stage,2,no,0.0003,0.01,10,0.6071838949354175,0.8337293729372938,0.7432361892953464,0.795960396039604,/Users/haseebshafi/Documents/GitHub/Quadratic-Neurons-vs.-ReLU-How-Much-Nonlinearity-Is-Enough/Haseeb_trials/4_test/data_4seed/food101_l40s_8q8l2f_multiseed_28626369/seed_123/204_l_ls_r2_h0_lr3em4_wd0p01/food101/lora_dw/last_stage_rank_2/metrics.json
food101_l40s_8q8l2f_multiseed_28626369,123,food101,204_l_ls_r2_h0_lr3em4_wd0p01,204,LoRA depthwise adapter,lora_dw,last_stage,2,no,0.0003,0.01,11,0.599524722893246,0.8364620462046205,0.7449623244920662,0.7940594059405941,/Users/haseebshafi/Documents/GitHub/Quadratic-Neurons-vs.-ReLU-How-Much-Nonlinearity-Is-Enough/Haseeb_trials/4_test/data_4seed/food101_l40s_8q8l2f_multiseed_28626369/seed_123/204_l_ls_r2_h0_lr3em4_wd0p01/food101/lora_dw/last_stage_rank_2/metrics.json
food101_l40s_8q8l2f_multiseed_28626369,123,food101,204_l_ls_r2_h0_lr3em4_wd0p01,204,LoRA depthwise adapter,lora_dw,last_stage,2,no,0.0003,0.01,12,0.5912506946482674,0.838943894389439,0.7487851570972361,0.7936633663366337,/Users/haseebshafi/Documents/GitHub/Quadratic-Neurons-vs.-ReLU-How-Much-Nonlinearity-Is-Enough/Haseeb_trials/4_test/data_4seed/food101_l40s_8q8l2f_multiseed_28626369/seed_123/204_l_ls_r2_h0_lr3em4_wd0p01/food101/lora_dw/last_stage_rank_2/metrics.json
food101_l40s_8q8l2f_multiseed_28626369,123,food101,205_l_all_r1_h0_lr3em4_wd0p0,205,LoRA depthwise adapter,lora_dw,all,1,no,0.0003,0.0,1,0.7048611288086416,0.8083564356435644,0.706183271369989,0.8025346534653466,/Users/haseebshafi/Documents/GitHub/Quadratic-Neurons-vs.-ReLU-How-Much-Nonlinearity-Is-Enough/Haseeb_trials/4_test/data_4seed/food101_l40s_8q8l2f_multiseed_28626369/seed_123/205_l_all_r1_h0_lr3em4_wd0p0/food101/lora_dw/all_rank_1/metrics.json
food101_l40s_8q8l2f_multiseed_28626369,123,food101,205_l_all_r1_h0_lr3em4_wd0p0,205,LoRA depthwise adapter,lora_dw,all,1,no,0.0003,0.0,2,0.6589388782073169,0.8204092409240924,0.6893429607264236,0.8068910891089109,/Users/haseebshafi/Documents/GitHub/Quadratic-Neurons-vs.-ReLU-How-Much-Nonlinearity-Is-Enough/Haseeb_trials/4_test/data_4seed/food101_l40s_8q8l2f_multiseed_28626369/seed_123/205_l_all_r1_h0_lr3em4_wd0p0/food101/lora_dw/all_rank_1/metrics.json
food101_l40s_8q8l2f_multiseed_28626369,123,food101,205_l_all_r1_h0_lr3em4_wd0p0,205,LoRA depthwise adapter,lora_dw,all,1,no,0.0003,0.0,3,0.6322316098095166,0.8268382838283829,0.679375018859946,0.8105346534653466,/Users/haseebshafi/Documents/GitHub/Quadratic-Neurons-vs.-ReLU-How-Much-Nonlinearity-Is-Enough/Haseeb_trials/4_test/data_4seed/food101_l40s_8q8l2f_multiseed_28626369/seed_123/205_l_all_r1_h0_lr3em4_wd0p0/food101/lora_dw/all_rank_1/metrics.json
food101_l40s_8q8l2f_multiseed_28626369,123,food101,205_l_all_r1_h0_lr3em4_wd0p0,205,LoRA depthwise adapter,lora_dw,all,1,no,0.0003,0.0,4,0.5996355995006687,0.8363960396039604,0.6739053161001515,0.8138613861386138,/Users/haseebshafi/Documents/GitHub/Quadratic-Neurons-vs.-ReLU-How-Much-Nonlinearity-Is-Enough/Haseeb_trials/4_test/data_4seed/food101_l40s_8q8l2f_multiseed_28626369/seed_123/205_l_all_r1_h0_lr3em4_wd0p0/food101/lora_dw/all_rank_1/metrics.json
food101_l40s_8q8l2f_multiseed_28626369,123,food101,205_l_all_r1_h0_lr3em4_wd0p0,205,LoRA depthwise adapter,lora_dw,all,1,no,0.0003,0.0,5,0.5711982175650769,0.8434059405940594,0.6745809818427816,0.8123168316831684,/Users/haseebshafi/Documents/GitHub/Quadratic-Neurons-vs.-ReLU-How-Much-Nonlinearity-Is-Enough/Haseeb_trials/4_test/data_4seed/food101_l40s_8q8l2f_multiseed_28626369/seed_123/205_l_all_r1_h0_lr3em4_wd0p0/food101/lora_dw/all_rank_1/metrics.json
food101_l40s_8q8l2f_multiseed_28626369,123,food101,205_l_all_r1_h0_lr3em4_wd0p0,205,LoRA depthwise adapter,lora_dw,all,1,no,0.0003,0.0,6,0.541781816842139,0.8523564356435643,0.6757106021505707,0.8135841584158415,/Users/haseebshafi/Documents/GitHub/Quadratic-Neurons-vs.-ReLU-How-Much-Nonlinearity-Is-Enough/Haseeb_trials/4_test/data_4seed/food101_l40s_8q8l2f_multiseed_28626369/seed_123/205_l_all_r1_h0_lr3em4_wd0p0/food101/lora_dw/all_rank_1/metrics.json
food101_l40s_8q8l2f_multiseed_28626369,123,food101,205_l_all_r1_h0_lr3em4_wd0p0,205,LoRA depthwise adapter,lora_dw,all,1,no,0.0003,0.0,7,0.517605621167142,0.8592079207920792,0.6787678121905266,0.8115643564356436,/Users/haseebshafi/Documents/GitHub/Quadratic-Neurons-vs.-ReLU-How-Much-Nonlinearity-Is-Enough/Haseeb_trials/4_test/data_4seed/food101_l40s_8q8l2f_multiseed_28626369/seed_123/205_l_all_r1_h0_lr3em4_wd0p0/food101/lora_dw/all_rank_1/metrics.json
food101_l40s_8q8l2f_multiseed_28626369,123,food101,205_l_all_r1_h0_lr3em4_wd0p0,205,LoRA depthwise adapter,lora_dw,all,1,no,0.0003,0.0,8,0.49452222863754425,0.866085808580858,0.6820363374379242,0.8116435643564357,/Users/haseebshafi/Documents/GitHub/Quadratic-Neurons-vs.-ReLU-How-Much-Nonlinearity-Is-Enough/Haseeb_trials/4_test/data_4seed/food101_l40s_8q8l2f_multiseed_28626369/seed_123/205_l_all_r1_h0_lr3em4_wd0p0/food101/lora_dw/all_rank_1/metrics.json
food101_l40s_8q8l2f_multiseed_28626369,123,food101,205_l_all_r1_h0_lr3em4_wd0p0,205,LoRA depthwise adapter,lora_dw,all,1,no,0.0003,0.0,9,0.47038633322951817,0.8726732673267327,0.6847898204083979,0.8104554455445545,/Users/haseebshafi/Documents/GitHub/Quadratic-Neurons-vs.-ReLU-How-Much-Nonlinearity-Is-Enough/Haseeb_trials/4_test/data_4seed/food101_l40s_8q8l2f_multiseed_28626369/seed_123/205_l_all_r1_h0_lr3em4_wd0p0/food101/lora_dw/all_rank_1/metrics.json
food101_l40s_8q8l2f_multiseed_28626369,123,food101,205_l_all_r1_h0_lr3em4_wd0p0,205,LoRA depthwise adapter,lora_dw,all,1,no,0.0003,0.0,10,0.44922255887450163,0.8801716171617162,0.692725880278611,0.808990099009901,/Users/haseebshafi/Documents/GitHub/Quadratic-Neurons-vs.-ReLU-How-Much-Nonlinearity-Is-Enough/Haseeb_trials/4_test/data_4seed/food101_l40s_8q8l2f_multiseed_28626369/seed_123/205_l_all_r1_h0_lr3em4_wd0p0/food101/lora_dw/all_rank_1/metrics.json
food101_l40s_8q8l2f_multiseed_28626369,123,food101,205_l_all_r1_h0_lr3em4_wd0p0,205,LoRA depthwise adapter,lora_dw,all,1,no,0.0003,0.0,11,0.4281681273077974,0.8871683168316832,0.694450719859239,0.80990099009901,/Users/haseebshafi/Documents/GitHub/Quadratic-Neurons-vs.-ReLU-How-Much-Nonlinearity-Is-Enough/Haseeb_trials/4_test/data_4seed/food101_l40s_8q8l2f_multiseed_28626369/seed_123/205_l_all_r1_h0_lr3em4_wd0p0/food101/lora_dw/all_rank_1/metrics.json
food101_l40s_8q8l2f_multiseed_28626369,123,food101,205_l_all_r1_h0_lr3em4_wd0p0,205,LoRA depthwise adapter,lora_dw,all,1,no,0.0003,0.0,12,0.4089958741295062,0.8911947194719472,0.6997119637464154,0.8084356435643565,/Users/haseebshafi/Documents/GitHub/Quadratic-Neurons-vs.-ReLU-How-Much-Nonlinearity-Is-Enough/Haseeb_trials/4_test/data_4seed/food101_l40s_8q8l2f_multiseed_28626369/seed_123/205_l_all_r1_h0_lr3em4_wd0p0/food101/lora_dw/all_rank_1/metrics.json
food101_l40s_8q8l2f_multiseed_28626369,123,food101,206_l_all_r2_h0_lr3em4_wd0p0,206,LoRA depthwise adapter,lora_dw,all,2,no,0.0003,0.0,1,0.7001731260456268,0.8088448844884488,0.6963716017839563,0.8044356435643565,/Users/haseebshafi/Documents/GitHub/Quadratic-Neurons-vs.-ReLU-How-Much-Nonlinearity-Is-Enough/Haseeb_trials/4_test/data_4seed/food101_l40s_8q8l2f_multiseed_28626369/seed_123/206_l_all_r2_h0_lr3em4_wd0p0/food101/lora_dw/all_rank_2/metrics.json
food101_l40s_8q8l2f_multiseed_28626369,123,food101,206_l_all_r2_h0_lr3em4_wd0p0,206,LoRA depthwise adapter,lora_dw,all,2,no,0.0003,0.0,2,0.6508266767542747,0.8211221122112211,0.6784214869415166,0.8082772277227723,/Users/haseebshafi/Documents/GitHub/Quadratic-Neurons-vs.-ReLU-How-Much-Nonlinearity-Is-Enough/Haseeb_trials/4_test/data_4seed/food101_l40s_8q8l2f_multiseed_28626369/seed_123/206_l_all_r2_h0_lr3em4_wd0p0/food101/lora_dw/all_rank_2/metrics.json
food101_l40s_8q8l2f_multiseed_28626369,123,food101,206_l_all_r2_h0_lr3em4_wd0p0,206,LoRA depthwise adapter,lora_dw,all,2,no,0.0003,0.0,3,0.611087964212147,0.8330957095709571,0.6722458094517092,0.8118019801980199,/Users/haseebshafi/Documents/GitHub/Quadratic-Neurons-vs.-ReLU-How-Much-Nonlinearity-Is-Enough/Haseeb_trials/4_test/data_4seed/food101_l40s_8q8l2f_multiseed_28626369/seed_123/206_l_all_r2_h0_lr3em4_wd0p0/food101/lora_dw/all_rank_2/metrics.json
food101_l40s_8q8l2f_multiseed_28626369,123,food101,206_l_all_r2_h0_lr3em4_wd0p0,206,LoRA depthwise adapter,lora_dw,all,2,no,0.0003,0.0,4,0.5727359551655578,0.8437095709570958,0.6701904604662726,0.8126336633663366,/Users/haseebshafi/Documents/GitHub/Quadratic-Neurons-vs.-ReLU-How-Much-Nonlinearity-Is-Enough/Haseeb_trials/4_test/data_4seed/food101_l40s_8q8l2f_multiseed_28626369/seed_123/206_l_all_r2_h0_lr3em4_wd0p0/food101/lora_dw/all_rank_2/metrics.json
food101_l40s_8q8l2f_multiseed_28626369,123,food101,206_l_all_r2_h0_lr3em4_wd0p0,206,LoRA depthwise adapter,lora_dw,all,2,no,0.0003,0.0,5,0.5363708770389211,0.8538877887788779,0.6740551166989895,0.813108910891089,/Users/haseebshafi/Documents/GitHub/Quadratic-Neurons-vs.-ReLU-How-Much-Nonlinearity-Is-Enough/Haseeb_trials/4_test/data_4seed/food101_l40s_8q8l2f_multiseed_28626369/seed_123/206_l_all_r2_h0_lr3em4_wd0p0/food101/lora_dw/all_rank_2/metrics.json
food101_l40s_8q8l2f_multiseed_28626369,123,food101,206_l_all_r2_h0_lr3em4_wd0p0,206,LoRA depthwise adapter,lora_dw,all,2,no,0.0003,0.0,6,0.5055092010907214,0.862046204620462,0.6797506083474393,0.812,/Users/haseebshafi/Documents/GitHub/Quadratic-Neurons-vs.-ReLU-How-Much-Nonlinearity-Is-Enough/Haseeb_trials/4_test/data_4seed/food101_l40s_8q8l2f_multiseed_28626369/seed_123/206_l_all_r2_h0_lr3em4_wd0p0/food101/lora_dw/all_rank_2/metrics.json
food101_l40s_8q8l2f_multiseed_28626369,123,food101,206_l_all_r2_h0_lr3em4_wd0p0,206,LoRA depthwise adapter,lora_dw,all,2,no,0.0003,0.0,7,0.4748556117436083,0.8718679867986798,0.6845165633504454,0.8129504950495049,/Users/haseebshafi/Documents/GitHub/Quadratic-Neurons-vs.-ReLU-How-Much-Nonlinearity-Is-Enough/Haseeb_trials/4_test/data_4seed/food101_l40s_8q8l2f_multiseed_28626369/seed_123/206_l_all_r2_h0_lr3em4_wd0p0/food101/lora_dw/all_rank_2/metrics.json
food101_l40s_8q8l2f_multiseed_28626369,123,food101,206_l_all_r2_h0_lr3em4_wd0p0,206,LoRA depthwise adapter,lora_dw,all,2,no,0.0003,0.0,8,0.4461736370439183,0.8804620462046204,0.6887981723630616,0.8108118811881189,/Users/haseebshafi/Documents/GitHub/Quadratic-Neurons-vs.-ReLU-How-Much-Nonlinearity-Is-Enough/Haseeb_trials/4_test/data_4seed/food101_l40s_8q8l2f_multiseed_28626369/seed_123/206_l_all_r2_h0_lr3em4_wd0p0/food101/lora_dw/all_rank_2/metrics.json
food101_l40s_8q8l2f_multiseed_28626369,123,food101,206_l_all_r2_h0_lr3em4_wd0p0,206,LoRA depthwise adapter,lora_dw,all,2,no,0.0003,0.0,9,0.42247131751158057,0.8873003300330033,0.6986586940470751,0.806970297029703,/Users/haseebshafi/Documents/GitHub/Quadratic-Neurons-vs.-ReLU-How-Much-Nonlinearity-Is-Enough/Haseeb_trials/4_test/data_4seed/food101_l40s_8q8l2f_multiseed_28626369/seed_123/206_l_all_r2_h0_lr3em4_wd0p0/food101/lora_dw/all_rank_2/metrics.json
food101_l40s_8q8l2f_multiseed_28626369,123,food101,206_l_all_r2_h0_lr3em4_wd0p0,206,LoRA depthwise adapter,lora_dw,all,2,no,0.0003,0.0,10,0.3995449928324608,0.8943630363036303,0.7036818410945102,0.8072475247524753,/Users/haseebshafi/Documents/GitHub/Quadratic-Neurons-vs.-ReLU-How-Much-Nonlinearity-Is-Enough/Haseeb_trials/4_test/data_4seed/food101_l40s_8q8l2f_multiseed_28626369/seed_123/206_l_all_r2_h0_lr3em4_wd0p0/food101/lora_dw/all_rank_2/metrics.json
food101_l40s_8q8l2f_multiseed_28626369,123,food101,206_l_all_r2_h0_lr3em4_wd0p0,206,LoRA depthwise adapter,lora_dw,all,2,no,0.0003,0.0,11,0.38024561735190965,0.9,0.7067388658347715,0.8083960396039604,/Users/haseebshafi/Documents/GitHub/Quadratic-Neurons-vs.-ReLU-How-Much-Nonlinearity-Is-Enough/Haseeb_trials/4_test/data_4seed/food101_l40s_8q8l2f_multiseed_28626369/seed_123/206_l_all_r2_h0_lr3em4_wd0p0/food101/lora_dw/all_rank_2/metrics.json
food101_l40s_8q8l2f_multiseed_28626369,123,food101,206_l_all_r2_h0_lr3em4_wd0p0,206,LoRA depthwise adapter,lora_dw,all,2,no,0.0003,0.0,12,0.3626747576836312,0.9054521452145214,0.7139413318341865,0.8051881188118812,/Users/haseebshafi/Documents/GitHub/Quadratic-Neurons-vs.-ReLU-How-Much-Nonlinearity-Is-Enough/Haseeb_trials/4_test/data_4seed/food101_l40s_8q8l2f_multiseed_28626369/seed_123/206_l_all_r2_h0_lr3em4_wd0p0/food101/lora_dw/all_rank_2/metrics.json
food101_l40s_8q8l2f_multiseed_28626369,123,food101,207_l_ls_r2_h1_lr1em4_wd0p0,207,LoRA depthwise adapter,lora_dw,last_stage,2,yes,0.0001,0.0,1,0.7415944151610825,0.8042508250825082,0.7495991643802585,0.7912079207920792,/Users/haseebshafi/Documents/GitHub/Quadratic-Neurons-vs.-ReLU-How-Much-Nonlinearity-Is-Enough/Haseeb_trials/4_test/data_4seed/food101_l40s_8q8l2f_multiseed_28626369/seed_123/207_l_ls_r2_h1_lr1em4_wd0p0/food101/lora_dw/last_stage_rank_2/metrics.json
food101_l40s_8q8l2f_multiseed_28626369,123,food101,207_l_ls_r2_h1_lr1em4_wd0p0,207,LoRA depthwise adapter,lora_dw,last_stage,2,yes,0.0001,0.0,2,0.7123462959799436,0.8096105610561056,0.7410996419461168,0.7940198019801981,/Users/haseebshafi/Documents/GitHub/Quadratic-Neurons-vs.-ReLU-How-Much-Nonlinearity-Is-Enough/Haseeb_trials/4_test/data_4seed/food101_l40s_8q8l2f_multiseed_28626369/seed_123/207_l_ls_r2_h1_lr1em4_wd0p0/food101/lora_dw/last_stage_rank_2/metrics.json
food101_l40s_8q8l2f_multiseed_28626369,123,food101,207_l_ls_r2_h1_lr1em4_wd0p0,207,LoRA depthwise adapter,lora_dw,last_stage,2,yes,0.0001,0.0,3,0.6943415645754377,0.8116171617161716,0.7391035621126856,0.7940990099009901,/Users/haseebshafi/Documents/GitHub/Quadratic-Neurons-vs.-ReLU-How-Much-Nonlinearity-Is-Enough/Haseeb_trials/4_test/data_4seed/food101_l40s_8q8l2f_multiseed_28626369/seed_123/207_l_ls_r2_h1_lr1em4_wd0p0/food101/lora_dw/last_stage_rank_2/metrics.json
food101_l40s_8q8l2f_multiseed_28626369,123,food101,207_l_ls_r2_h1_lr1em4_wd0p0,207,LoRA depthwise adapter,lora_dw,last_stage,2,yes,0.0001,0.0,4,0.6815378635189321,0.8158283828382838,0.7360317854270486,0.7953267326732674,/Users/haseebshafi/Documents/GitHub/Quadratic-Neurons-vs.-ReLU-How-Much-Nonlinearity-Is-Enough/Haseeb_trials/4_test/data_4seed/food101_l40s_8q8l2f_multiseed_28626369/seed_123/207_l_ls_r2_h1_lr1em4_wd0p0/food101/lora_dw/last_stage_rank_2/metrics.json
food101_l40s_8q8l2f_multiseed_28626369,123,food101,207_l_ls_r2_h1_lr1em4_wd0p0,207,LoRA depthwise adapter,lora_dw,last_stage,2,yes,0.0001,0.0,5,0.6705808390644518,0.8177821782178217,0.735485900029826,0.795960396039604,/Users/haseebshafi/Documents/GitHub/Quadratic-Neurons-vs.-ReLU-How-Much-Nonlinearity-Is-Enough/Haseeb_trials/4_test/data_4seed/food101_l40s_8q8l2f_multiseed_28626369/seed_123/207_l_ls_r2_h1_lr1em4_wd0p0/food101/lora_dw/last_stage_rank_2/metrics.json
food101_l40s_8q8l2f_multiseed_28626369,123,food101,207_l_ls_r2_h1_lr1em4_wd0p0,207,LoRA depthwise adapter,lora_dw,last_stage,2,yes,0.0001,0.0,6,0.6622307332518077,0.821003300330033,0.7330818459820463,0.7962376237623763,/Users/haseebshafi/Documents/GitHub/Quadratic-Neurons-vs.-ReLU-How-Much-Nonlinearity-Is-Enough/Haseeb_trials/4_test/data_4seed/food101_l40s_8q8l2f_multiseed_28626369/seed_123/207_l_ls_r2_h1_lr1em4_wd0p0/food101/lora_dw/last_stage_rank_2/metrics.json
food101_l40s_8q8l2f_multiseed_28626369,123,food101,207_l_ls_r2_h1_lr1em4_wd0p0,207,LoRA depthwise adapter,lora_dw,last_stage,2,yes,0.0001,0.0,7,0.651462726635508,0.823009900990099,0.7318541513735816,0.796950495049505,/Users/haseebshafi/Documents/GitHub/Quadratic-Neurons-vs.-ReLU-How-Much-Nonlinearity-Is-Enough/Haseeb_trials/4_test/data_4seed/food101_l40s_8q8l2f_multiseed_28626369/seed_123/207_l_ls_r2_h1_lr1em4_wd0p0/food101/lora_dw/last_stage_rank_2/metrics.json
food101_l40s_8q8l2f_multiseed_28626369,123,food101,207_l_ls_r2_h1_lr1em4_wd0p0,207,LoRA depthwise adapter,lora_dw,last_stage,2,yes,0.0001,0.0,8,0.6429367828322913,0.823986798679868,0.7321991501698262,0.7965940594059406,/Users/haseebshafi/Documents/GitHub/Quadratic-Neurons-vs.-ReLU-How-Much-Nonlinearity-Is-Enough/Haseeb_trials/4_test/data_4seed/food101_l40s_8q8l2f_multiseed_28626369/seed_123/207_l_ls_r2_h1_lr1em4_wd0p0/food101/lora_dw/last_stage_rank_2/metrics.json
food101_l40s_8q8l2f_multiseed_28626369,123,food101,207_l_ls_r2_h1_lr1em4_wd0p0,207,LoRA depthwise adapter,lora_dw,last_stage,2,yes,0.0001,0.0,9,0.6302695234081532,0.8290957095709571,0.7325070942045872,0.796,/Users/haseebshafi/Documents/GitHub/Quadratic-Neurons-vs.-ReLU-How-Much-Nonlinearity-Is-Enough/Haseeb_trials/4_test/data_4seed/food101_l40s_8q8l2f_multiseed_28626369/seed_123/207_l_ls_r2_h1_lr1em4_wd0p0/food101/lora_dw/last_stage_rank_2/metrics.json
food101_l40s_8q8l2f_multiseed_28626369,123,food101,207_l_ls_r2_h1_lr1em4_wd0p0,207,LoRA depthwise adapter,lora_dw,last_stage,2,yes,0.0001,0.0,10,0.6234071395279157,0.830019801980198,0.7311459851689213,0.7955247524752476,/Users/haseebshafi/Documents/GitHub/Quadratic-Neurons-vs.-ReLU-How-Much-Nonlinearity-Is-Enough/Haseeb_trials/4_test/data_4seed/food101_l40s_8q8l2f_multiseed_28626369/seed_123/207_l_ls_r2_h1_lr1em4_wd0p0/food101/lora_dw/last_stage_rank_2/metrics.json
food101_l40s_8q8l2f_multiseed_28626369,123,food101,207_l_ls_r2_h1_lr1em4_wd0p0,207,LoRA depthwise adapter,lora_dw,last_stage,2,yes,0.0001,0.0,11,0.6163117427259388,0.8317623762376237,0.7316896479066489,0.7960792079207921,/Users/haseebshafi/Documents/GitHub/Quadratic-Neurons-vs.-ReLU-How-Much-Nonlinearity-Is-Enough/Haseeb_trials/4_test/data_4seed/food101_l40s_8q8l2f_multiseed_28626369/seed_123/207_l_ls_r2_h1_lr1em4_wd0p0/food101/lora_dw/last_stage_rank_2/metrics.json
food101_l40s_8q8l2f_multiseed_28626369,123,food101,207_l_ls_r2_h1_lr1em4_wd0p0,207,LoRA depthwise adapter,lora_dw,last_stage,2,yes,0.0001,0.0,12,0.6082902754623898,0.8332409240924092,0.7315683578464783,0.7962772277227723,/Users/haseebshafi/Documents/GitHub/Quadratic-Neurons-vs.-ReLU-How-Much-Nonlinearity-Is-Enough/Haseeb_trials/4_test/data_4seed/food101_l40s_8q8l2f_multiseed_28626369/seed_123/207_l_ls_r2_h1_lr1em4_wd0p0/food101/lora_dw/last_stage_rank_2/metrics.json
food101_l40s_8q8l2f_multiseed_28626369,123,food101,208_l_all_r2_h1_lr1em4_wd0p0,208,LoRA depthwise adapter,lora_dw,all,2,yes,0.0001,0.0,1,0.7110643273529046,0.8084620462046205,0.7012568467453602,0.8027722772277228,/Users/haseebshafi/Documents/GitHub/Quadratic-Neurons-vs.-ReLU-How-Much-Nonlinearity-Is-Enough/Haseeb_trials/4_test/data_4seed/food101_l40s_8q8l2f_multiseed_28626369/seed_123/208_l_all_r2_h1_lr1em4_wd0p0/food101/lora_dw/all_rank_2/metrics.json
food101_l40s_8q8l2f_multiseed_28626369,123,food101,208_l_all_r2_h1_lr1em4_wd0p0,208,LoRA depthwise adapter,lora_dw,all,2,yes,0.0001,0.0,2,0.6623740733197027,0.8196567656765676,0.6862198579128794,0.8047524752475248,/Users/haseebshafi/Documents/GitHub/Quadratic-Neurons-vs.-ReLU-How-Much-Nonlinearity-Is-Enough/Haseeb_trials/4_test/data_4seed/food101_l40s_8q8l2f_multiseed_28626369/seed_123/208_l_all_r2_h1_lr1em4_wd0p0/food101/lora_dw/all_rank_2/metrics.json
food101_l40s_8q8l2f_multiseed_28626369,123,food101,208_l_all_r2_h1_lr1em4_wd0p0,208,LoRA depthwise adapter,lora_dw,all,2,yes,0.0001,0.0,3,0.6358753540728351,0.8271947194719472,0.6775176624487348,0.8092277227722773,/Users/haseebshafi/Documents/GitHub/Quadratic-Neurons-vs.-ReLU-How-Much-Nonlinearity-Is-Enough/Haseeb_trials/4_test/data_4seed/food101_l40s_8q8l2f_multiseed_28626369/seed_123/208_l_all_r2_h1_lr1em4_wd0p0/food101/lora_dw/all_rank_2/metrics.json
food101_l40s_8q8l2f_multiseed_28626369,123,food101,208_l_all_r2_h1_lr1em4_wd0p0,208,LoRA depthwise adapter,lora_dw,all,2,yes,0.0001,0.0,4,0.6136694766699088,0.8327260726072607,0.6688986500106604,0.8115247524752476,/Users/haseebshafi/Documents/GitHub/Quadratic-Neurons-vs.-ReLU-How-Much-Nonlinearity-Is-Enough/Haseeb_trials/4_test/data_4seed/food101_l40s_8q8l2f_multiseed_28626369/seed_123/208_l_all_r2_h1_lr1em4_wd0p0/food101/lora_dw/all_rank_2/metrics.json
food101_l40s_8q8l2f_multiseed_28626369,123,food101,208_l_all_r2_h1_lr1em4_wd0p0,208,LoRA depthwise adapter,lora_dw,all,2,yes,0.0001,0.0,5,0.590917329048953,0.8396567656765677,0.6650857049010067,0.8132673267326732,/Users/haseebshafi/Documents/GitHub/Quadratic-Neurons-vs.-ReLU-How-Much-Nonlinearity-Is-Enough/Haseeb_trials/4_test/data_4seed/food101_l40s_8q8l2f_multiseed_28626369/seed_123/208_l_all_r2_h1_lr1em4_wd0p0/food101/lora_dw/all_rank_2/metrics.json
food101_l40s_8q8l2f_multiseed_28626369,123,food101,208_l_all_r2_h1_lr1em4_wd0p0,208,LoRA depthwise adapter,lora_dw,all,2,yes,0.0001,0.0,6,0.5718389151607803,0.843907590759076,0.6625291301896887,0.8136237623762376,/Users/haseebshafi/Documents/GitHub/Quadratic-Neurons-vs.-ReLU-How-Much-Nonlinearity-Is-Enough/Haseeb_trials/4_test/data_4seed/food101_l40s_8q8l2f_multiseed_28626369/seed_123/208_l_all_r2_h1_lr1em4_wd0p0/food101/lora_dw/all_rank_2/metrics.json
food101_l40s_8q8l2f_multiseed_28626369,123,food101,208_l_all_r2_h1_lr1em4_wd0p0,208,LoRA depthwise adapter,lora_dw,all,2,yes,0.0001,0.0,7,0.5525541171434493,0.8490957095709571,0.6574254299582969,0.8157227722772277,/Users/haseebshafi/Documents/GitHub/Quadratic-Neurons-vs.-ReLU-How-Much-Nonlinearity-Is-Enough/Haseeb_trials/4_test/data_4seed/food101_l40s_8q8l2f_multiseed_28626369/seed_123/208_l_all_r2_h1_lr1em4_wd0p0/food101/lora_dw/all_rank_2/metrics.json
food101_l40s_8q8l2f_multiseed_28626369,123,food101,208_l_all_r2_h1_lr1em4_wd0p0,208,LoRA depthwise adapter,lora_dw,all,2,yes,0.0001,0.0,8,0.5314528665511128,0.854983498349835,0.6550172647225238,0.817069306930693,/Users/haseebshafi/Documents/GitHub/Quadratic-Neurons-vs.-ReLU-How-Much-Nonlinearity-Is-Enough/Haseeb_trials/4_test/data_4seed/food101_l40s_8q8l2f_multiseed_28626369/seed_123/208_l_all_r2_h1_lr1em4_wd0p0/food101/lora_dw/all_rank_2/metrics.json
food101_l40s_8q8l2f_multiseed_28626369,123,food101,208_l_all_r2_h1_lr1em4_wd0p0,208,LoRA depthwise adapter,lora_dw,all,2,yes,0.0001,0.0,9,0.512725879784071,0.8594455445544554,0.6563013642011948,0.817069306930693,/Users/haseebshafi/Documents/GitHub/Quadratic-Neurons-vs.-ReLU-How-Much-Nonlinearity-Is-Enough/Haseeb_trials/4_test/data_4seed/food101_l40s_8q8l2f_multiseed_28626369/seed_123/208_l_all_r2_h1_lr1em4_wd0p0/food101/lora_dw/all_rank_2/metrics.json
food101_l40s_8q8l2f_multiseed_28626369,123,food101,208_l_all_r2_h1_lr1em4_wd0p0,208,LoRA depthwise adapter,lora_dw,all,2,yes,0.0001,0.0,10,0.4955099768465502,0.8652541254125412,0.6556488679942979,0.8185742574257425,/Users/haseebshafi/Documents/GitHub/Quadratic-Neurons-vs.-ReLU-How-Much-Nonlinearity-Is-Enough/Haseeb_trials/4_test/data_4seed/food101_l40s_8q8l2f_multiseed_28626369/seed_123/208_l_all_r2_h1_lr1em4_wd0p0/food101/lora_dw/all_rank_2/metrics.json
food101_l40s_8q8l2f_multiseed_28626369,123,food101,208_l_all_r2_h1_lr1em4_wd0p0,208,LoRA depthwise adapter,lora_dw,all,2,yes,0.0001,0.0,11,0.4772828978532218,0.8703234323432343,0.6547405063443366,0.8183366336633663,/Users/haseebshafi/Documents/GitHub/Quadratic-Neurons-vs.-ReLU-How-Much-Nonlinearity-Is-Enough/Haseeb_trials/4_test/data_4seed/food101_l40s_8q8l2f_multiseed_28626369/seed_123/208_l_all_r2_h1_lr1em4_wd0p0/food101/lora_dw/all_rank_2/metrics.json
food101_l40s_8q8l2f_multiseed_28626369,123,food101,208_l_all_r2_h1_lr1em4_wd0p0,208,LoRA depthwise adapter,lora_dw,all,2,yes,0.0001,0.0,12,0.4611725880415133,0.8745346534653465,0.6565110959874485,0.8177821782178217,/Users/haseebshafi/Documents/GitHub/Quadratic-Neurons-vs.-ReLU-How-Much-Nonlinearity-Is-Enough/Haseeb_trials/4_test/data_4seed/food101_l40s_8q8l2f_multiseed_28626369/seed_123/208_l_all_r2_h1_lr1em4_wd0p0/food101/lora_dw/all_rank_2/metrics.json
food101_l40s_8q8l2f_multiseed_28626369,123,food101,301_f_lr1e4_wd0p01,301,Full fine-tune,full_finetune,all,full,full,0.0001,0.01,1,1.3521187825281629,0.6829042904290429,0.585290672672304,0.837029702970297,/Users/haseebshafi/Documents/GitHub/Quadratic-Neurons-vs.-ReLU-How-Much-Nonlinearity-Is-Enough/Haseeb_trials/4_test/data_4seed/food101_l40s_8q8l2f_multiseed_28626369/seed_123/301_f_lr1e4_wd0p01/food101/full_finetune/metrics.json
food101_l40s_8q8l2f_multiseed_28626369,123,food101,301_f_lr1e4_wd0p01,301,Full fine-tune,full_finetune,all,full,full,0.0001,0.01,2,0.5357897007583392,0.8561188118811881,0.4890923455851798,0.8596435643564356,/Users/haseebshafi/Documents/GitHub/Quadratic-Neurons-vs.-ReLU-How-Much-Nonlinearity-Is-Enough/Haseeb_trials/4_test/data_4seed/food101_l40s_8q8l2f_multiseed_28626369/seed_123/301_f_lr1e4_wd0p01/food101/full_finetune/metrics.json
food101_l40s_8q8l2f_multiseed_28626369,123,food101,301_f_lr1e4_wd0p01,301,Full fine-tune,full_finetune,all,full,full,0.0001,0.01,3,0.27444318243221877,0.9244620462046205,0.5225503912373161,0.8593267326732673,/Users/haseebshafi/Documents/GitHub/Quadratic-Neurons-vs.-ReLU-How-Much-Nonlinearity-Is-Enough/Haseeb_trials/4_test/data_4seed/food101_l40s_8q8l2f_multiseed_28626369/seed_123/301_f_lr1e4_wd0p01/food101/full_finetune/metrics.json
food101_l40s_8q8l2f_multiseed_28626369,123,food101,301_f_lr1e4_wd0p01,301,Full fine-tune,full_finetune,all,full,full,0.0001,0.01,4,0.15992448495874312,0.9536237623762376,0.6089071678071272,0.8488712871287128,/Users/haseebshafi/Documents/GitHub/Quadratic-Neurons-vs.-ReLU-How-Much-Nonlinearity-Is-Enough/Haseeb_trials/4_test/data_4seed/food101_l40s_8q8l2f_multiseed_28626369/seed_123/301_f_lr1e4_wd0p01/food101/full_finetune/metrics.json
food101_l40s_8q8l2f_multiseed_28626369,123,food101,301_f_lr1e4_wd0p01,301,Full fine-tune,full_finetune,all,full,full,0.0001,0.01,5,0.11416731758086202,0.9659405940594059,0.6459745203890165,0.8525148514851485,/Users/haseebshafi/Documents/GitHub/Quadratic-Neurons-vs.-ReLU-How-Much-Nonlinearity-Is-Enough/Haseeb_trials/4_test/data_4seed/food101_l40s_8q8l2f_multiseed_28626369/seed_123/301_f_lr1e4_wd0p01/food101/full_finetune/metrics.json
food101_l40s_8q8l2f_multiseed_28626369,123,food101,301_f_lr1e4_wd0p01,301,Full fine-tune,full_finetune,all,full,full,0.0001,0.01,6,0.09397581289191008,0.970970297029703,0.7070541977694811,0.8497425742574257,/Users/haseebshafi/Documents/GitHub/Quadratic-Neurons-vs.-ReLU-How-Much-Nonlinearity-Is-Enough/Haseeb_trials/4_test/data_4seed/food101_l40s_8q8l2f_multiseed_28626369/seed_123/301_f_lr1e4_wd0p01/food101/full_finetune/metrics.json
food101_l40s_8q8l2f_multiseed_28626369,123,food101,301_f_lr1e4_wd0p01,301,Full fine-tune,full_finetune,all,full,full,0.0001,0.01,7,0.08465963667930371,0.9738613861386138,0.7242587766291653,0.8488316831683168,/Users/haseebshafi/Documents/GitHub/Quadratic-Neurons-vs.-ReLU-How-Much-Nonlinearity-Is-Enough/Haseeb_trials/4_test/data_4seed/food101_l40s_8q8l2f_multiseed_28626369/seed_123/301_f_lr1e4_wd0p01/food101/full_finetune/metrics.json
food101_l40s_8q8l2f_multiseed_28626369,123,food101,301_f_lr1e4_wd0p01,301,Full fine-tune,full_finetune,all,full,full,0.0001,0.01,8,0.0780377818261682,0.9756963696369637,0.7214166783476803,0.8518019801980198,/Users/haseebshafi/Documents/GitHub/Quadratic-Neurons-vs.-ReLU-How-Much-Nonlinearity-Is-Enough/Haseeb_trials/4_test/data_4seed/food101_l40s_8q8l2f_multiseed_28626369/seed_123/301_f_lr1e4_wd0p01/food101/full_finetune/metrics.json
food101_l40s_8q8l2f_multiseed_28626369,123,food101,301_f_lr1e4_wd0p01,301,Full fine-tune,full_finetune,all,full,full,0.0001,0.01,9,0.07433448945214241,0.977069306930693,0.766047861695037,0.8478415841584158,/Users/haseebshafi/Documents/GitHub/Quadratic-Neurons-vs.-ReLU-How-Much-Nonlinearity-Is-Enough/Haseeb_trials/4_test/data_4seed/food101_l40s_8q8l2f_multiseed_28626369/seed_123/301_f_lr1e4_wd0p01/food101/full_finetune/metrics.json
food101_l40s_8q8l2f_multiseed_28626369,123,food101,301_f_lr1e4_wd0p01,301,Full fine-tune,full_finetune,all,full,full,0.0001,0.01,10,0.06774349410365653,0.9793531353135313,0.8015396961883664,0.8491881188118812,/Users/haseebshafi/Documents/GitHub/Quadratic-Neurons-vs.-ReLU-How-Much-Nonlinearity-Is-Enough/Haseeb_trials/4_test/data_4seed/food101_l40s_8q8l2f_multiseed_28626369/seed_123/301_f_lr1e4_wd0p01/food101/full_finetune/metrics.json
food101_l40s_8q8l2f_multiseed_28626369,123,food101,301_f_lr1e4_wd0p01,301,Full fine-tune,full_finetune,all,full,full,0.0001,0.01,11,0.06571292262609199,0.9801848184818481,0.7972819087650758,0.8493069306930693,/Users/haseebshafi/Documents/GitHub/Quadratic-Neurons-vs.-ReLU-How-Much-Nonlinearity-Is-Enough/Haseeb_trials/4_test/data_4seed/food101_l40s_8q8l2f_multiseed_28626369/seed_123/301_f_lr1e4_wd0p01/food101/full_finetune/metrics.json
food101_l40s_8q8l2f_multiseed_28626369,123,food101,301_f_lr1e4_wd0p01,301,Full fine-tune,full_finetune,all,full,full,0.0001,0.01,12,0.06184979728733193,0.9812013201320132,0.8046485198143095,0.8487920792079208,/Users/haseebshafi/Documents/GitHub/Quadratic-Neurons-vs.-ReLU-How-Much-Nonlinearity-Is-Enough/Haseeb_trials/4_test/data_4seed/food101_l40s_8q8l2f_multiseed_28626369/seed_123/301_f_lr1e4_wd0p01/food101/full_finetune/metrics.json
food101_l40s_8q8l2f_multiseed_28626369,123,food101,301_f_lr1e4_wd0p01,301,Full fine-tune,full_finetune,all,full,full,0.0001,0.01,13,0.05886240775631489,0.981980198019802,0.8352535582713317,0.846019801980198,/Users/haseebshafi/Documents/GitHub/Quadratic-Neurons-vs.-ReLU-How-Much-Nonlinearity-Is-Enough/Haseeb_trials/4_test/data_4seed/food101_l40s_8q8l2f_multiseed_28626369/seed_123/301_f_lr1e4_wd0p01/food101/full_finetune/metrics.json
food101_l40s_8q8l2f_multiseed_28626369,123,food101,301_f_lr1e4_wd0p01,301,Full fine-tune,full_finetune,all,full,full,0.0001,0.01,14,0.059009781043865894,0.9816105610561056,0.8636486998927563,0.8460990099009901,/Users/haseebshafi/Documents/GitHub/Quadratic-Neurons-vs.-ReLU-How-Much-Nonlinearity-Is-Enough/Haseeb_trials/4_test/data_4seed/food101_l40s_8q8l2f_multiseed_28626369/seed_123/301_f_lr1e4_wd0p01/food101/full_finetune/metrics.json
food101_l40s_8q8l2f_multiseed_28626369,123,food101,301_f_lr1e4_wd0p01,301,Full fine-tune,full_finetune,all,full,full,0.0001,0.01,15,0.05412802829887417,0.9831947194719471,0.8835215131513031,0.845029702970297,/Users/haseebshafi/Documents/GitHub/Quadratic-Neurons-vs.-ReLU-How-Much-Nonlinearity-Is-Enough/Haseeb_trials/4_test/data_4seed/food101_l40s_8q8l2f_multiseed_28626369/seed_123/301_f_lr1e4_wd0p01/food101/full_finetune/metrics.json
food101_l40s_8q8l2f_multiseed_28626369,123,food101,301_f_lr1e4_wd0p01,301,Full fine-tune,full_finetune,all,full,full,0.0001,0.01,16,0.0520472461880237,0.9837887788778877,0.9060621243556094,0.8445940594059406,/Users/haseebshafi/Documents/GitHub/Quadratic-Neurons-vs.-ReLU-How-Much-Nonlinearity-Is-Enough/Haseeb_trials/4_test/data_4seed/food101_l40s_8q8l2f_multiseed_28626369/seed_123/301_f_lr1e4_wd0p01/food101/full_finetune/metrics.json
food101_l40s_8q8l2f_multiseed_28626369,123,food101,301_f_lr1e4_wd0p01,301,Full fine-tune,full_finetune,all,full,full,0.0001,0.01,17,0.05194655584119162,0.9837755775577558,0.9136085507567295,0.8429306930693069,/Users/haseebshafi/Documents/GitHub/Quadratic-Neurons-vs.-ReLU-How-Much-Nonlinearity-Is-Enough/Haseeb_trials/4_test/data_4seed/food101_l40s_8q8l2f_multiseed_28626369/seed_123/301_f_lr1e4_wd0p01/food101/full_finetune/metrics.json
food101_l40s_8q8l2f_multiseed_28626369,123,food101,301_f_lr1e4_wd0p01,301,Full fine-tune,full_finetune,all,full,full,0.0001,0.01,18,0.04842780086510699,0.9848712871287129,0.8524705972061342,0.8528316831683168,/Users/haseebshafi/Documents/GitHub/Quadratic-Neurons-vs.-ReLU-How-Much-Nonlinearity-Is-Enough/Haseeb_trials/4_test/data_4seed/food101_l40s_8q8l2f_multiseed_28626369/seed_123/301_f_lr1e4_wd0p01/food101/full_finetune/metrics.json
food101_l40s_8q8l2f_multiseed_28626369,123,food101,301_f_lr1e4_wd0p01,301,Full fine-tune,full_finetune,all,full,full,0.0001,0.01,19,0.045670069380328304,0.9861122112211221,0.8891020352649808,0.8516039603960396,/Users/haseebshafi/Documents/GitHub/Quadratic-Neurons-vs.-ReLU-How-Much-Nonlinearity-Is-Enough/Haseeb_trials/4_test/data_4seed/food101_l40s_8q8l2f_multiseed_28626369/seed_123/301_f_lr1e4_wd0p01/food101/full_finetune/metrics.json
food101_l40s_8q8l2f_multiseed_28626369,123,food101,301_f_lr1e4_wd0p01,301,Full fine-tune,full_finetune,all,full,full,0.0001,0.01,20,0.047242294263332874,0.9858877887788778,0.9424243089507521,0.840990099009901,/Users/haseebshafi/Documents/GitHub/Quadratic-Neurons-vs.-ReLU-How-Much-Nonlinearity-Is-Enough/Haseeb_trials/4_test/data_4seed/food101_l40s_8q8l2f_multiseed_28626369/seed_123/301_f_lr1e4_wd0p01/food101/full_finetune/metrics.json
food101_l40s_8q8l2f_multiseed_28626369,123,food101,301_f_lr1e4_wd0p01,301,Full fine-tune,full_finetune,all,full,full,0.0001,0.01,21,0.046005001224904245,0.985980198019802,0.9226124253691975,0.8454257425742574,/Users/haseebshafi/Documents/GitHub/Quadratic-Neurons-vs.-ReLU-How-Much-Nonlinearity-Is-Enough/Haseeb_trials/4_test/data_4seed/food101_l40s_8q8l2f_multiseed_28626369/seed_123/301_f_lr1e4_wd0p01/food101/full_finetune/metrics.json
food101_l40s_8q8l2f_multiseed_28626369,123,food101,301_f_lr1e4_wd0p01,301,Full fine-tune,full_finetune,all,full,full,0.0001,0.01,22,0.04692999264317113,0.9857425742574257,0.9367335953792362,0.8456237623762376,/Users/haseebshafi/Documents/GitHub/Quadratic-Neurons-vs.-ReLU-How-Much-Nonlinearity-Is-Enough/Haseeb_trials/4_test/data_4seed/food101_l40s_8q8l2f_multiseed_28626369/seed_123/301_f_lr1e4_wd0p01/food101/full_finetune/metrics.json
food101_l40s_8q8l2f_multiseed_28626369,123,food101,301_f_lr1e4_wd0p01,301,Full fine-tune,full_finetune,all,full,full,0.0001,0.01,23,0.0437788452198313,0.9866666666666667,1.0475021701511684,0.8321980198019802,/Users/haseebshafi/Documents/GitHub/Quadratic-Neurons-vs.-ReLU-How-Much-Nonlinearity-Is-Enough/Haseeb_trials/4_test/data_4seed/food101_l40s_8q8l2f_multiseed_28626369/seed_123/301_f_lr1e4_wd0p01/food101/full_finetune/metrics.json
food101_l40s_8q8l2f_multiseed_28626369,123,food101,301_f_lr1e4_wd0p01,301,Full fine-tune,full_finetune,all,full,full,0.0001,0.01,24,0.041194550625449355,0.9874455445544554,0.9794881786618028,0.8451881188118812,/Users/haseebshafi/Documents/GitHub/Quadratic-Neurons-vs.-ReLU-How-Much-Nonlinearity-Is-Enough/Haseeb_trials/4_test/data_4seed/food101_l40s_8q8l2f_multiseed_28626369/seed_123/301_f_lr1e4_wd0p01/food101/full_finetune/metrics.json
food101_l40s_8q8l2f_multiseed_28626369,123,food101,301_f_lr1e4_wd0p01,301,Full fine-tune,full_finetune,all,full,full,0.0001,0.01,25,0.0439833238761682,0.9864686468646865,0.9317676106938925,0.8475247524752475,/Users/haseebshafi/Documents/GitHub/Quadratic-Neurons-vs.-ReLU-How-Much-Nonlinearity-Is-Enough/Haseeb_trials/4_test/data_4seed/food101_l40s_8q8l2f_multiseed_28626369/seed_123/301_f_lr1e4_wd0p01/food101/full_finetune/metrics.json
food101_l40s_8q8l2f_multiseed_28626369,123,food101,302_f_lr3e5_wd0p05,302,Full fine-tune,full_finetune,all,full,full,3e-05,0.05,1,2.041307513676067,0.5837491749174918,0.8137178776346811,0.7980990099009901,/Users/haseebshafi/Documents/GitHub/Quadratic-Neurons-vs.-ReLU-How-Much-Nonlinearity-Is-Enough/Haseeb_trials/4_test/data_4seed/food101_l40s_8q8l2f_multiseed_28626369/seed_123/302_f_lr3e5_wd0p05/food101/full_finetune/metrics.json
food101_l40s_8q8l2f_multiseed_28626369,123,food101,302_f_lr3e5_wd0p05,302,Full fine-tune,full_finetune,all,full,full,3e-05,0.05,2,0.8230268368040374,0.7993795379537953,0.5543919961102823,0.8476435643564356,/Users/haseebshafi/Documents/GitHub/Quadratic-Neurons-vs.-ReLU-How-Much-Nonlinearity-Is-Enough/Haseeb_trials/4_test/data_4seed/food101_l40s_8q8l2f_multiseed_28626369/seed_123/302_f_lr3e5_wd0p05/food101/full_finetune/metrics.json
food101_l40s_8q8l2f_multiseed_28626369,123,food101,302_f_lr3e5_wd0p05,302,Full fine-tune,full_finetune,all,full,full,3e-05,0.05,3,0.5091429027177812,0.8718943894389439,0.4910739439762391,0.8597227722772277,/Users/haseebshafi/Documents/GitHub/Quadratic-Neurons-vs.-ReLU-How-Much-Nonlinearity-Is-Enough/Haseeb_trials/4_test/data_4seed/food101_l40s_8q8l2f_multiseed_28626369/seed_123/302_f_lr3e5_wd0p05/food101/full_finetune/metrics.json
food101_l40s_8q8l2f_multiseed_28626369,123,food101,302_f_lr3e5_wd0p05,302,Full fine-tune,full_finetune,all,full,full,3e-05,0.05,4,0.31085026916969727,0.9235907590759076,0.48735667531693927,0.8641980198019802,/Users/haseebshafi/Documents/GitHub/Quadratic-Neurons-vs.-ReLU-How-Much-Nonlinearity-Is-Enough/Haseeb_trials/4_test/data_4seed/food101_l40s_8q8l2f_multiseed_28626369/seed_123/302_f_lr3e5_wd0p05/food101/full_finetune/metrics.json
food101_l40s_8q8l2f_multiseed_28626369,123,food101,302_f_lr3e5_wd0p05,302,Full fine-tune,full_finetune,all,full,full,3e-05,0.05,5,0.18652447987409315,0.9553135313531353,0.5079992948373927,0.8641188118811881,/Users/haseebshafi/Documents/GitHub/Quadratic-Neurons-vs.-ReLU-How-Much-Nonlinearity-Is-Enough/Haseeb_trials/4_test/data_4seed/food101_l40s_8q8l2f_multiseed_28626369/seed_123/302_f_lr3e5_wd0p05/food101/full_finetune/metrics.json
food101_l40s_8q8l2f_multiseed_28626369,123,food101,302_f_lr3e5_wd0p05,302,Full fine-tune,full_finetune,all,full,full,3e-05,0.05,6,0.11470238378693168,0.972079207920792,0.547232727325526,0.8632871287128713,/Users/haseebshafi/Documents/GitHub/Quadratic-Neurons-vs.-ReLU-How-Much-Nonlinearity-Is-Enough/Haseeb_trials/4_test/data_4seed/food101_l40s_8q8l2f_multiseed_28626369/seed_123/302_f_lr3e5_wd0p05/food101/full_finetune/metrics.json
food101_l40s_8q8l2f_multiseed_28626369,123,food101,302_f_lr3e5_wd0p05,302,Full fine-tune,full_finetune,all,full,full,3e-05,0.05,7,0.07863393175609336,0.9806732673267327,0.5920842689302805,0.8615445544554455,/Users/haseebshafi/Documents/GitHub/Quadratic-Neurons-vs.-ReLU-How-Much-Nonlinearity-Is-Enough/Haseeb_trials/4_test/data_4seed/food101_l40s_8q8l2f_multiseed_28626369/seed_123/302_f_lr3e5_wd0p05/food101/full_finetune/metrics.json
food101_l40s_8q8l2f_multiseed_28626369,123,food101,302_f_lr3e5_wd0p05,302,Full fine-tune,full_finetune,all,full,full,3e-05,0.05,8,0.06081182475533128,0.9845412541254125,0.6259072498681743,0.8614653465346535,/Users/haseebshafi/Documents/GitHub/Quadratic-Neurons-vs.-ReLU-How-Much-Nonlinearity-Is-Enough/Haseeb_trials/4_test/data_4seed/food101_l40s_8q8l2f_multiseed_28626369/seed_123/302_f_lr3e5_wd0p05/food101/full_finetune/metrics.json
food101_l40s_8q8l2f_multiseed_28626369,123,food101,302_f_lr3e5_wd0p05,302,Full fine-tune,full_finetune,all,full,full,3e-05,0.05,9,0.04945261787720218,0.9869174917491749,0.6648007210714199,0.8607128712871287,/Users/haseebshafi/Documents/GitHub/Quadratic-Neurons-vs.-ReLU-How-Much-Nonlinearity-Is-Enough/Haseeb_trials/4_test/data_4seed/food101_l40s_8q8l2f_multiseed_28626369/seed_123/302_f_lr3e5_wd0p05/food101/full_finetune/metrics.json
food101_l40s_8q8l2f_multiseed_28626369,123,food101,302_f_lr3e5_wd0p05,302,Full fine-tune,full_finetune,all,full,full,3e-05,0.05,10,0.04146873075135126,0.9884092409240924,0.7017843945719728,0.8627722772277228,/Users/haseebshafi/Documents/GitHub/Quadratic-Neurons-vs.-ReLU-How-Much-Nonlinearity-Is-Enough/Haseeb_trials/4_test/data_4seed/food101_l40s_8q8l2f_multiseed_28626369/seed_123/302_f_lr3e5_wd0p05/food101/full_finetune/metrics.json
food101_l40s_8q8l2f_multiseed_28626369,123,food101,302_f_lr3e5_wd0p05,302,Full fine-tune,full_finetune,all,full,full,3e-05,0.05,11,0.04070951403993437,0.9887788778877887,0.700699820723757,0.8638415841584158,/Users/haseebshafi/Documents/GitHub/Quadratic-Neurons-vs.-ReLU-How-Much-Nonlinearity-Is-Enough/Haseeb_trials/4_test/data_4seed/food101_l40s_8q8l2f_multiseed_28626369/seed_123/302_f_lr3e5_wd0p05/food101/full_finetune/metrics.json
food101_l40s_8q8l2f_multiseed_28626369,123,food101,302_f_lr3e5_wd0p05,302,Full fine-tune,full_finetune,all,full,full,3e-05,0.05,12,0.037465257305548554,0.9891089108910891,0.7472082349062543,0.8602772277227723,/Users/haseebshafi/Documents/GitHub/Quadratic-Neurons-vs.-ReLU-How-Much-Nonlinearity-Is-Enough/Haseeb_trials/4_test/data_4seed/food101_l40s_8q8l2f_multiseed_28626369/seed_123/302_f_lr3e5_wd0p05/food101/full_finetune/metrics.json
food101_l40s_8q8l2f_multiseed_28626369,123,food101,302_f_lr3e5_wd0p05,302,Full fine-tune,full_finetune,all,full,full,3e-05,0.05,13,0.03330307944260058,0.9907986798679868,0.755794795005748,0.8629306930693069,/Users/haseebshafi/Documents/GitHub/Quadratic-Neurons-vs.-ReLU-How-Much-Nonlinearity-Is-Enough/Haseeb_trials/4_test/data_4seed/food101_l40s_8q8l2f_multiseed_28626369/seed_123/302_f_lr3e5_wd0p05/food101/full_finetune/metrics.json
food101_l40s_8q8l2f_multiseed_28626369,123,food101,302_f_lr3e5_wd0p05,302,Full fine-tune,full_finetune,all,full,full,3e-05,0.05,14,0.03141229101190363,0.9907722772277228,0.7759198521361146,0.865980198019802,/Users/haseebshafi/Documents/GitHub/Quadratic-Neurons-vs.-ReLU-How-Much-Nonlinearity-Is-Enough/Haseeb_trials/4_test/data_4seed/food101_l40s_8q8l2f_multiseed_28626369/seed_123/302_f_lr3e5_wd0p05/food101/full_finetune/metrics.json
food101_l40s_8q8l2f_multiseed_28626369,123,food101,302_f_lr3e5_wd0p05,302,Full fine-tune,full_finetune,all,full,full,3e-05,0.05,15,0.030045843448259762,0.9913663366336634,0.7874286509356774,0.8621386138613861,/Users/haseebshafi/Documents/GitHub/Quadratic-Neurons-vs.-ReLU-How-Much-Nonlinearity-Is-Enough/Haseeb_trials/4_test/data_4seed/food101_l40s_8q8l2f_multiseed_28626369/seed_123/302_f_lr3e5_wd0p05/food101/full_finetune/metrics.json
food101_l40s_8q8l2f_multiseed_28626369,123,food101,302_f_lr3e5_wd0p05,302,Full fine-tune,full_finetune,all,full,full,3e-05,0.05,16,0.029092070593055845,0.9918943894389439,0.8680043939026383,0.856039603960396,/Users/haseebshafi/Documents/GitHub/Quadratic-Neurons-vs.-ReLU-How-Much-Nonlinearity-Is-Enough/Haseeb_trials/4_test/data_4seed/food101_l40s_8q8l2f_multiseed_28626369/seed_123/302_f_lr3e5_wd0p05/food101/full_finetune/metrics.json
food101_l40s_8q8l2f_multiseed_28626369,123,food101,302_f_lr3e5_wd0p05,302,Full fine-tune,full_finetune,all,full,full,3e-05,0.05,17,0.029823035955492856,0.9914191419141914,0.8199135182772483,0.8619009900990099,/Users/haseebshafi/Documents/GitHub/Quadratic-Neurons-vs.-ReLU-How-Much-Nonlinearity-Is-Enough/Haseeb_trials/4_test/data_4seed/food101_l40s_8q8l2f_multiseed_28626369/seed_123/302_f_lr3e5_wd0p05/food101/full_finetune/metrics.json
food101_l40s_8q8l2f_multiseed_28626369,123,food101,302_f_lr3e5_wd0p05,302,Full fine-tune,full_finetune,all,full,full,3e-05,0.05,18,0.026713200778664296,0.9925016501650165,0.8526748655026519,0.8606732673267327,/Users/haseebshafi/Documents/GitHub/Quadratic-Neurons-vs.-ReLU-How-Much-Nonlinearity-Is-Enough/Haseeb_trials/4_test/data_4seed/food101_l40s_8q8l2f_multiseed_28626369/seed_123/302_f_lr3e5_wd0p05/food101/full_finetune/metrics.json
food101_l40s_8q8l2f_multiseed_28626369,123,food101,302_f_lr3e5_wd0p05,302,Full fine-tune,full_finetune,all,full,full,3e-05,0.05,19,0.02560189645640781,0.9926204620462046,0.8770492752677871,0.8595247524752475,/Users/haseebshafi/Documents/GitHub/Quadratic-Neurons-vs.-ReLU-How-Much-Nonlinearity-Is-Enough/Haseeb_trials/4_test/data_4seed/food101_l40s_8q8l2f_multiseed_28626369/seed_123/302_f_lr3e5_wd0p05/food101/full_finetune/metrics.json
food101_l40s_8q8l2f_multiseed_28626369,123,food101,302_f_lr3e5_wd0p05,302,Full fine-tune,full_finetune,all,full,full,3e-05,0.05,20,0.024823411869726576,0.9930825082508251,0.863194946223723,0.8645940594059406,/Users/haseebshafi/Documents/GitHub/Quadratic-Neurons-vs.-ReLU-How-Much-Nonlinearity-Is-Enough/Haseeb_trials/4_test/data_4seed/food101_l40s_8q8l2f_multiseed_28626369/seed_123/302_f_lr3e5_wd0p05/food101/full_finetune/metrics.json
food101_l40s_8q8l2f_multiseed_28626369,123,food101,302_f_lr3e5_wd0p05,302,Full fine-tune,full_finetune,all,full,full,3e-05,0.05,21,0.024155705032789153,0.9929768976897689,0.8344583711068405,0.8672871287128713,/Users/haseebshafi/Documents/GitHub/Quadratic-Neurons-vs.-ReLU-How-Much-Nonlinearity-Is-Enough/Haseeb_trials/4_test/data_4seed/food101_l40s_8q8l2f_multiseed_28626369/seed_123/302_f_lr3e5_wd0p05/food101/full_finetune/metrics.json
food101_l40s_8q8l2f_multiseed_28626369,123,food101,302_f_lr3e5_wd0p05,302,Full fine-tune,full_finetune,all,full,full,3e-05,0.05,22,0.0256064448265471,0.9927920792079208,0.8512574504468872,0.8653465346534653,/Users/haseebshafi/Documents/GitHub/Quadratic-Neurons-vs.-ReLU-How-Much-Nonlinearity-Is-Enough/Haseeb_trials/4_test/data_4seed/food101_l40s_8q8l2f_multiseed_28626369/seed_123/302_f_lr3e5_wd0p05/food101/full_finetune/metrics.json
food101_l40s_8q8l2f_multiseed_28626369,123,food101,302_f_lr3e5_wd0p05,302,Full fine-tune,full_finetune,all,full,full,3e-05,0.05,23,0.02334669364209282,0.9932013201320132,0.8942428069206515,0.8604752475247525,/Users/haseebshafi/Documents/GitHub/Quadratic-Neurons-vs.-ReLU-How-Much-Nonlinearity-Is-Enough/Haseeb_trials/4_test/data_4seed/food101_l40s_8q8l2f_multiseed_28626369/seed_123/302_f_lr3e5_wd0p05/food101/full_finetune/metrics.json
food101_l40s_8q8l2f_multiseed_28626369,123,food101,302_f_lr3e5_wd0p05,302,Full fine-tune,full_finetune,all,full,full,3e-05,0.05,24,0.022805401822682717,0.9933993399339934,0.8984430326650986,0.8639207920792079,/Users/haseebshafi/Documents/GitHub/Quadratic-Neurons-vs.-ReLU-How-Much-Nonlinearity-Is-Enough/Haseeb_trials/4_test/data_4seed/food101_l40s_8q8l2f_multiseed_28626369/seed_123/302_f_lr3e5_wd0p05/food101/full_finetune/metrics.json
food101_l40s_8q8l2f_multiseed_28626369,123,food101,302_f_lr3e5_wd0p05,302,Full fine-tune,full_finetune,all,full,full,3e-05,0.05,25,0.02531047157366282,0.9927128712871287,0.9284287926907365,0.8618613861386138,/Users/haseebshafi/Documents/GitHub/Quadratic-Neurons-vs.-ReLU-How-Much-Nonlinearity-Is-Enough/Haseeb_trials/4_test/data_4seed/food101_l40s_8q8l2f_multiseed_28626369/seed_123/302_f_lr3e5_wd0p05/food101/full_finetune/metrics.json
